2026-09-29 02:15:18,620  [INFO]  Logging to console and to file: logs\strategy_2026-09-29.log
2026-09-29 02:15:18,874  [INFO]  Cached token is from date 2026-09-28 (today: 2026-09-29). Requesting fresh token.
2026-09-29 02:15:24,035  [INFO]  Authenticated with Groww API (TOTP, attempt 1).
2026-09-29 02:15:24,038  [INFO]  Groww access token cached to logs\groww_token_cache.json.
2026-09-29 02:15:31,238  [INFO]  Selected BankNifty monthly expiry: 2026-10-27
2026-09-29 02:15:31,462  [INFO]  Using BANKNIFTY futures symbol for candle data: BANKNIFTY26SEPFUT (groww_symbol=NSE-BANKNIFTY-29Sep26-FUT)
2026-09-29 02:15:31,464  [INFO]  Strategy started.  Underlying: BANKNIFTY  Monthly expiry: 2026-10-27  Supertrend(20, 1.8)  Exit threshold: ±111 pts  Entry window: 09:23–15:05  Force-close: 15:08
2026-09-29 02:15:31,465  [INFO]  [2026-09-29 02:15:31] Market CLOSED. Sleeping 6.7 h until 2026-09-29 09:00 IST — no API calls until then.
2026-09-29 09:00:00,011  [INFO]  [2026-09-29 09:00:00] Pre-market (09:00). Waiting for market open at 09:15 IST — sleeping 30 s.
2026-09-29 09:00:30,017  [INFO]  [2026-09-29 09:00:30] Pre-market (09:00). Waiting for market open at 09:15 IST — sleeping 30 s.
2026-09-29 09:01:00,018  [INFO]  [2026-09-29 09:01:00] Pre-market (09:01). Waiting for market open at 09:15 IST — sleeping 30 s.
2026-09-29 09:01:30,020  [INFO]  [2026-09-29 09:01:30] Pre-market (09:01). Waiting for market open at 09:15 IST — sleeping 30 s.
2026-09-29 09:02:00,021  [INFO]  [2026-09-29 09:02:00] Pre-market (09:02). Waiting for market open at 09:15 IST — sleeping 30 s.
2026-09-29 09:02:30,022  [INFO]  [2026-09-29 09:02:30] Pre-market (09:02). Waiting for market open at 09:15 IST — sleeping 30 s.
2026-09-29 09:03:00,023  [INFO]  [2026-09-29 09:03:00] Pre-market (09:03). Waiting for market open at 09:15 IST — sleeping 30 s.
2026-09-29 09:03:30,025  [INFO]  [2026-09-29 09:03:30] Pre-market (09:03). Waiting for market open at 09:15 IST — sleeping 30 s.
2026-09-29 09:04:00,027  [INFO]  [2026-09-29 09:04:00] Pre-market (09:04). Waiting for market open at 09:15 IST — sleeping 30 s.
2026-09-29 09:04:30,028  [INFO]  [2026-09-29 09:04:30] Pre-market (09:04). Waiting for market open at 09:15 IST — sleeping 30 s.
2026-09-29 09:05:00,030  [INFO]  [2026-09-29 09:05:00] Pre-market (09:05). Waiting for market open at 09:15 IST — sleeping 30 s.
2026-09-29 09:05:30,031  [INFO]  [2026-09-29 09:05:30] Pre-market (09:05). Waiting for market open at 09:15 IST — sleeping 30 s.
2026-09-29 09:06:00,033  [INFO]  [2026-09-29 09:06:00] Pre-market (09:06). Waiting for market open at 09:15 IST — sleeping 30 s.
2026-09-29 09:06:30,035  [INFO]  [2026-09-29 09:06:30] Pre-market (09:06). Waiting for market open at 09:15 IST — sleeping 30 s.
2026-09-29 09:07:00,038  [INFO]  [2026-09-29 09:07:00] Pre-market (09:07). Waiting for market open at 09:15 IST — sleeping 30 s.
2026-09-29 09:07:30,040  [INFO]  [2026-09-29 09:07:30] Pre-market (09:07). Waiting for market open at 09:15 IST — sleeping 30 s.
2026-09-29 09:08:00,043  [INFO]  [2026-09-29 09:08:00] Pre-market (09:08). Waiting for market open at 09:15 IST — sleeping 30 s.
2026-09-29 09:08:30,046  [INFO]  [2026-09-29 09:08:30] Pre-market (09:08). Waiting for market open at 09:15 IST — sleeping 30 s.
2026-09-29 09:09:00,047  [INFO]  [2026-09-29 09:09:00] Pre-market (09:09). Waiting for market open at 09:15 IST — sleeping 30 s.
2026-09-29 09:09:30,048  [INFO]  [2026-09-29 09:09:30] Pre-market (09:09). Waiting for market open at 09:15 IST — sleeping 30 s.
2026-09-29 09:10:00,049  [INFO]  [2026-09-29 09:10:00] Pre-market (09:10). Waiting for market open at 09:15 IST — sleeping 30 s.
2026-09-29 09:10:30,051  [INFO]  [2026-09-29 09:10:30] Pre-market (09:10). Waiting for market open at 09:15 IST — sleeping 30 s.
2026-09-29 09:11:00,053  [INFO]  [2026-09-29 09:11:00] Pre-market (09:11). Waiting for market open at 09:15 IST — sleeping 30 s.
2026-09-29 09:11:30,060  [INFO]  [2026-09-29 09:11:30] Pre-market (09:11). Waiting for market open at 09:15 IST — sleeping 30 s.
2026-09-29 09:12:00,066  [INFO]  [2026-09-29 09:12:00] Pre-market (09:12). Waiting for market open at 09:15 IST — sleeping 30 s.
2026-09-29 09:12:30,067  [INFO]  [2026-09-29 09:12:30] Pre-market (09:12). Waiting for market open at 09:15 IST — sleeping 30 s.
2026-09-29 09:13:00,068  [INFO]  [2026-09-29 09:13:00] Pre-market (09:13). Waiting for market open at 09:15 IST — sleeping 30 s.
2026-09-29 09:13:30,069  [INFO]  [2026-09-29 09:13:30] Pre-market (09:13). Waiting for market open at 09:15 IST — sleeping 30 s.
2026-09-29 09:14:00,070  [INFO]  [2026-09-29 09:14:00] Pre-market (09:14). Waiting for market open at 09:15 IST — sleeping 30 s.
2026-09-29 09:14:30,073  [INFO]  [2026-09-29 09:14:30] Pre-market (09:14). Waiting for market open at 09:15 IST — sleeping 30 s.
2026-09-29 09:15:00,077  [INFO]  Seeding BANKNIFTY candle buffer with prior-session history (from 2026-09-24 09:15)…
2026-09-29 09:15:00,343  [WARNING]  Groww API authentication error (token age=6:59:36.174762): Authentication failed. Your API token has either expired or is invalid.. Forcing token refresh and re-authenticating…
2026-09-29 09:15:00,345  [INFO]  Deleted stale cached token: logs\groww_token_cache.json
2026-09-29 09:15:00,346  [INFO]  Force-refresh requested: invalidating cached token.
2026-09-29 09:15:00,501  [INFO]  Authenticated with Groww API (TOTP, attempt 1).
2026-09-29 09:15:00,504  [INFO]  Groww access token cached to logs\groww_token_cache.json.
2026-09-29 09:15:00,610  [INFO]  Re-authenticated successfully after token expiry. Candle buffer reset — full re-seed on next cycle. Resuming strategy on the next cycle.
2026-09-29 09:15:00,610  [INFO]  Seeding BANKNIFTY candle buffer with prior-session history (from 2026-09-24 09:15)…
2026-09-29 09:15:00,777  [INFO]  [DIAG] Last COMPLETED candle used for Supertrend: ts=2026-09-28 15:39:00  close=54560.00  now=2026-09-29 09:15:00. Cross-check this timestamp/close against your TradingView chart's last closed 1-min candle on the SAME symbol (BankNifty FUTURES, not the spot index) to confirm alignment.
2026-09-29 09:15:00,779  [INFO]  [2026-09-29 09:15:00]  ST=BEARISH ▼  BankNifty Close=54560.00  |  PUT: FLAT  |  CALL: FLAT
2026-09-29 09:16:00,757  [INFO]  [2026-09-29 09:16:00]  ST=BEARISH ▼  BankNifty Close=54418.00  |  PUT: FLAT  |  CALL: FLAT
2026-09-29 09:17:00,723  [INFO]  [2026-09-29 09:17:00]  ST=BULLISH ▲  BankNifty Close=54430.60  |  PUT: FLAT  |  CALL: FLAT
2026-09-29 09:17:00,724  [INFO]  ST flipped BULLISH but PUT SELL entry blocked (outside entry window 09:23–15:05).
2026-09-29 09:18:00,729  [INFO]  [2026-09-29 09:18:00]  ST=BEARISH ▼  BankNifty Close=54365.20  |  PUT: FLAT  |  CALL: FLAT
2026-09-29 09:18:00,730  [INFO]  ST flipped BEARISH but CALL SELL entry blocked (outside entry window 09:23–15:05).
2026-09-29 09:19:00,734  [INFO]  [2026-09-29 09:19:00]  ST=BEARISH ▼  BankNifty Close=54356.20  |  PUT: FLAT  |  CALL: FLAT
2026-09-29 09:20:00,725  [INFO]  [2026-09-29 09:20:00]  ST=BEARISH ▼  BankNifty Close=54305.80  |  PUT: FLAT  |  CALL: FLAT
2026-09-29 09:21:00,745  [INFO]  [2026-09-29 09:21:00]  ST=BEARISH ▼  BankNifty Close=54320.00  |  PUT: FLAT  |  CALL: FLAT
2026-09-29 09:22:00,763  [INFO]  [2026-09-29 09:22:00]  ST=BEARISH ▼  BankNifty Close=54228.40  |  PUT: FLAT  |  CALL: FLAT
2026-09-29 09:23:00,741  [INFO]  [2026-09-29 09:23:00]  ST=BEARISH ▼  BankNifty Close=54109.80  |  PUT: FLAT  |  CALL: FLAT
2026-09-29 09:23:00,741  [INFO]  Entry window open — current Supertrend is BEARISH ▼. Entering trade immediately based on current trend direction (no flip required for the first trade of the day).
2026-09-29 09:23:01,022  [INFO]  SIGNAL  ST → BEARISH  BankNifty LTP=54112.60  ATM strike=54100  →  Selecting CALL (min premium ₹400)
2026-09-29 09:23:02,926  [INFO]  Selected BankNifty monthly expiry: 2026-10-27
2026-09-29 09:23:03,189  [INFO]  Resolved CE instrument: BANKNIFTY26OCT54100CE  strike=54100  expiry=2026-10-27  lot_size=30
2026-09-29 09:23:03,294  [INFO]    ATM CE strike=54100  LTP=₹1115.40  (threshold=₹400.00)
2026-09-29 09:23:03,390  [INFO]  >>> Placing LIMIT SELL CALL (offset=₹2)  qty=60 x BANKNIFTY26OCT54100CE  @ ₹1127.95
2026-09-29 09:23:03,502  [INFO]      SELL CALL (offset=₹2) order response (ref=4cf947f1b68c4828b588) : {'groww_order_id': 'GLTFO260929092304LA3DXWLX5Y8A', 'order_status': 'NEW', 'order_reference_id': '4cf947f1b68c4828b588', 'remark': None}
2026-09-29 09:23:03,666  [INFO]  SELL CALL: filled at offset=₹2  avg_fill_price=₹1132.47  status=EXECUTED
2026-09-29 09:23:03,667  [INFO]  [TRADE] CALL SELL ENTRY  symbol=BANKNIFTY26OCT54100CE  strike_ltp_check=₹1115.40  qty=60  fill=₹1132.47  time=2026-09-29 09:23:03  order_id=GLTFO260929092304LA3DXWLX5Y8A  reason=ST flip BEARISH
2026-09-29 09:24:00,854  [INFO]  [2026-09-29 09:24:00]  ST=BEARISH ▼  BankNifty Close=54110.00  |  PUT: FLAT  |  CALL SELL entry=₹1132.47  LTP=₹1127.80  diff=-4.67
2026-09-29 09:25:00,839  [INFO]  [2026-09-29 09:25:00]  ST=BEARISH ▼  BankNifty Close=54087.80  |  PUT: FLAT  |  CALL SELL entry=₹1132.47  LTP=₹1114.00  diff=-18.47
2026-09-29 09:26:00,839  [INFO]  [2026-09-29 09:26:00]  ST=BEARISH ▼  BankNifty Close=54088.80  |  PUT: FLAT  |  CALL SELL entry=₹1132.47  LTP=₹1095.00  diff=-37.47
2026-09-29 09:27:00,837  [INFO]  [2026-09-29 09:27:00]  ST=BEARISH ▼  BankNifty Close=54074.20  |  PUT: FLAT  |  CALL SELL entry=₹1132.47  LTP=₹1063.90  diff=-68.57
2026-09-29 09:28:00,855  [INFO]  [2026-09-29 09:28:00]  ST=BEARISH ▼  BankNifty Close=54010.00  |  PUT: FLAT  |  CALL SELL entry=₹1132.47  LTP=₹1050.80  diff=-81.67
2026-09-29 09:29:00,836  [INFO]  [2026-09-29 09:29:00]  ST=BEARISH ▼  BankNifty Close=53976.00  |  PUT: FLAT  |  CALL SELL entry=₹1132.47  LTP=₹1045.00  diff=-87.47
2026-09-29 09:30:00,854  [INFO]  [2026-09-29 09:30:00]  ST=BEARISH ▼  BankNifty Close=53960.00  |  PUT: FLAT  |  CALL SELL entry=₹1132.47  LTP=₹1044.50  diff=-87.97
2026-09-29 09:31:00,822  [INFO]  [2026-09-29 09:31:00]  ST=BEARISH ▼  BankNifty Close=53955.20  |  PUT: FLAT  |  CALL SELL entry=₹1132.47  LTP=₹1058.95  diff=-73.52
2026-09-29 09:32:00,930  [INFO]  [2026-09-29 09:32:00]  ST=BEARISH ▼  BankNifty Close=53977.40  |  PUT: FLAT  |  CALL SELL entry=₹1132.47  LTP=₹1054.15  diff=-78.32
2026-09-29 09:33:00,833  [INFO]  [2026-09-29 09:33:00]  ST=BEARISH ▼  BankNifty Close=53959.20  |  PUT: FLAT  |  CALL SELL entry=₹1132.47  LTP=₹1045.70  diff=-86.77
2026-09-29 09:34:00,875  [INFO]  [2026-09-29 09:34:00]  ST=BEARISH ▼  BankNifty Close=53922.20  |  PUT: FLAT  |  CALL SELL entry=₹1132.47  LTP=₹1029.90  diff=-102.57
2026-09-29 09:35:00,845  [INFO]  [2026-09-29 09:35:00]  ST=BEARISH ▼  BankNifty Close=53929.80  |  PUT: FLAT  |  CALL SELL entry=₹1132.47  LTP=₹1040.00  diff=-92.47
2026-09-29 09:36:00,885  [INFO]  [2026-09-29 09:36:00]  ST=BEARISH ▼  BankNifty Close=53901.40  |  PUT: FLAT  |  CALL SELL entry=₹1132.47  LTP=₹1029.90  diff=-102.57
2026-09-29 09:37:00,866  [INFO]  [2026-09-29 09:37:00]  ST=BEARISH ▼  BankNifty Close=53877.80  |  PUT: FLAT  |  CALL SELL entry=₹1132.47  LTP=₹1019.00  diff=-113.47
2026-09-29 09:38:00,878  [INFO]  [2026-09-29 09:38:00]  ST=BEARISH ▼  BankNifty Close=53846.20  |  PUT: FLAT  |  CALL SELL entry=₹1132.47  LTP=₹1017.30  diff=-115.17
2026-09-29 09:39:00,831  [INFO]  [2026-09-29 09:39:00]  ST=BEARISH ▼  BankNifty Close=53868.20  |  PUT: FLAT  |  CALL SELL entry=₹1132.47  LTP=₹1018.85  diff=-113.62
2026-09-29 09:40:00,845  [INFO]  [2026-09-29 09:40:00]  ST=BEARISH ▼  BankNifty Close=53861.80  |  PUT: FLAT  |  CALL SELL entry=₹1132.47  LTP=₹1009.90  diff=-122.57
2026-09-29 09:41:00,882  [INFO]  [2026-09-29 09:41:00]  ST=BEARISH ▼  BankNifty Close=53846.60  |  PUT: FLAT  |  CALL SELL entry=₹1132.47  LTP=₹1018.05  diff=-114.42
2026-09-29 09:42:00,893  [INFO]  [2026-09-29 09:42:00]  ST=BEARISH ▼  BankNifty Close=53876.60  |  PUT: FLAT  |  CALL SELL entry=₹1132.47  LTP=₹1039.00  diff=-93.47
2026-09-29 09:43:01,298  [INFO]  [2026-09-29 09:43:00]  ST=BULLISH ▲  BankNifty Close=53922.40  |  PUT: FLAT  |  CALL SELL entry=₹1132.47  LTP=₹1043.55  diff=-88.92
2026-09-29 09:43:01,492  [INFO]  SIGNAL  ST → BULLISH  BankNifty LTP=53949.00  ATM strike=53900  →  Selecting PUT (min premium ₹400)
2026-09-29 09:43:01,617  [INFO]  Selected BankNifty monthly expiry: 2026-10-27
2026-09-29 09:43:01,772  [INFO]  Resolved PE instrument: BANKNIFTY26OCT53900PE  strike=53900  expiry=2026-10-27  lot_size=30
2026-09-29 09:43:01,880  [INFO]    ATM PE strike=53900  LTP=₹802.65  (threshold=₹400.00)
2026-09-29 09:43:02,001  [INFO]  >>> Placing LIMIT SELL PUT (offset=₹2)  qty=60 x BANKNIFTY26OCT53900PE  @ ₹800.65
2026-09-29 09:43:02,104  [INFO]      SELL PUT (offset=₹2) order response (ref=985a3ca4b8e441b7afac) : {'groww_order_id': 'GLTFO2609290943029EOVG0EJR4CJ', 'order_status': 'NEW', 'order_reference_id': '985a3ca4b8e441b7afac', 'remark': None}
2026-09-29 09:43:02,202  [INFO]  SELL PUT: filled at offset=₹2  avg_fill_price=₹802.88  status=EXECUTED
2026-09-29 09:43:02,203  [INFO]  [TRADE] PUT SELL ENTRY  symbol=BANKNIFTY26OCT53900PE  strike_ltp_check=₹802.65  qty=60  fill=₹802.88  time=2026-09-29 09:43:02  order_id=GLTFO2609290943029EOVG0EJR4CJ  reason=ST flip BULLISH
2026-09-29 09:43:02,479  [INFO]      CALL exit check: option_LTP=₹1043.55  Entry=₹1132.47  Diff=-88.92 pts  Threshold=111 pts
2026-09-29 09:43:02,480  [INFO]      Holding CALL short — |diff|=88.92 < 111 pts threshold.
2026-09-29 09:44:00,945  [INFO]  [2026-09-29 09:44:00]  ST=BULLISH ▲  BankNifty Close=53949.00  |  PUT SELL entry=₹802.88  LTP=₹826.95  diff=+24.07  |  CALL SELL entry=₹1132.47  LTP=₹1023.90  diff=-108.57
2026-09-29 09:44:01,265  [INFO]      CALL exit check: option_LTP=₹1023.90  Entry=₹1132.47  Diff=-108.57 pts  Threshold=111 pts
2026-09-29 09:44:01,265  [INFO]      Holding CALL short — |diff|=108.57 < 111 pts threshold.
2026-09-29 09:45:00,969  [INFO]  [2026-09-29 09:45:00]  ST=BULLISH ▲  BankNifty Close=53907.60  |  PUT SELL entry=₹802.88  LTP=₹827.25  diff=+24.37  |  CALL SELL entry=₹1132.47  LTP=₹1025.00  diff=-107.47
2026-09-29 09:45:01,251  [INFO]      CALL exit check: option_LTP=₹1025.00  Entry=₹1132.47  Diff=-107.47 pts  Threshold=111 pts
2026-09-29 09:45:01,251  [INFO]      Holding CALL short — |diff|=107.47 < 111 pts threshold.
2026-09-29 09:46:00,982  [INFO]  [2026-09-29 09:46:00]  ST=BULLISH ▲  BankNifty Close=53894.00  |  PUT SELL entry=₹802.88  LTP=₹824.25  diff=+21.37  |  CALL SELL entry=₹1132.47  LTP=₹1020.00  diff=-112.47
2026-09-29 09:46:01,320  [INFO]      CALL exit check: option_LTP=₹1020.00  Entry=₹1132.47  Diff=-112.47 pts  Threshold=111 pts
2026-09-29 09:46:01,320  [INFO]  SIGNAL  ST BULLISH + |diff|=112.47 >= 111  →  Covering CALL short
2026-09-29 09:46:01,321  [WARNING]  [ST flip BULLISH + threshold] Covering short CALL SELL  entry=₹1132.47  symbol=BANKNIFTY26OCT54100CE
2026-09-29 09:46:01,413  [INFO]  >>> Placing LIMIT BUY (cover) CALL SELL (offset=₹2)  qty=60 x BANKNIFTY26OCT54100CE  @ ₹1022.00
2026-09-29 09:46:01,516  [INFO]      BUY (cover) CALL SELL (offset=₹2) order response (ref=ebf0e28635c64f6eb45a) : {'groww_order_id': 'GLTFO260929094602VX0M0LDYG6XK', 'order_status': 'NEW', 'order_reference_id': 'ebf0e28635c64f6eb45a', 'remark': None}
2026-09-29 09:46:02,701  [INFO]  BUY (cover) CALL SELL: filled at offset=₹2  avg_fill_price=₹1022.00  status=EXECUTED
2026-09-29 09:46:02,702  [INFO]  [TRADE] CALL SELL EXIT  symbol=BANKNIFTY26OCT54100CE  qty=60  entry=₹1132.47  exit=₹1022.00  time=2026-09-29 09:46:02  held=0:22:59  P&L=₹6628.20  fill_confirmed=True  order_id=GLTFO260929094602VX0M0LDYG6XK  reason=ST flip BULLISH + threshold
2026-09-29 09:47:00,871  [INFO]  [2026-09-29 09:47:00]  ST=BULLISH ▲  BankNifty Close=53898.00  |  PUT SELL entry=₹802.88  LTP=₹820.40  diff=+17.52  |  CALL: FLAT
2026-09-29 09:48:00,885  [INFO]  [2026-09-29 09:48:00]  ST=BULLISH ▲  BankNifty Close=53898.00  |  PUT SELL entry=₹802.88  LTP=₹822.00  diff=+19.12  |  CALL: FLAT
2026-09-29 09:49:00,931  [INFO]  [2026-09-29 09:49:00]  ST=BEARISH ▼  BankNifty Close=53891.00  |  PUT SELL entry=₹802.88  LTP=₹834.00  diff=+31.12  |  CALL: FLAT
2026-09-29 09:49:01,147  [INFO]      PUT exit check: option_LTP=₹834.00  Entry=₹802.88  Diff=+31.12 pts  Threshold=111 pts
2026-09-29 09:49:01,148  [INFO]      Holding PUT short — |diff|=31.12 < 111 pts threshold.
2026-09-29 09:49:01,245  [INFO]  SIGNAL  ST → BEARISH  BankNifty LTP=53891.00  ATM strike=53900  →  Selecting CALL (min premium ₹400)
2026-09-29 09:49:01,371  [INFO]  Selected BankNifty monthly expiry: 2026-10-27
2026-09-29 09:49:01,510  [INFO]  Resolved CE instrument: BANKNIFTY26OCT53900CE  strike=53900  expiry=2026-10-27  lot_size=30
2026-09-29 09:49:01,614  [INFO]    ATM CE strike=53900  LTP=₹1135.00  (threshold=₹400.00)
2026-09-29 09:49:01,706  [INFO]  >>> Placing LIMIT SELL CALL (offset=₹2)  qty=60 x BANKNIFTY26OCT53900CE  @ ₹1133.00
2026-09-29 09:49:01,825  [INFO]      SELL CALL (offset=₹2) order response (ref=8f555e2827d646cf87e4) : {'groww_order_id': 'GLTFO260929094902FHI80GLVFHHI', 'order_status': 'NEW', 'order_reference_id': '8f555e2827d646cf87e4', 'remark': None}
2026-09-29 09:49:01,939  [INFO]  SELL CALL: filled at offset=₹2  avg_fill_price=₹1134.03  status=EXECUTED
2026-09-29 09:49:01,941  [INFO]  [TRADE] CALL SELL ENTRY  symbol=BANKNIFTY26OCT53900CE  strike_ltp_check=₹1135.00  qty=60  fill=₹1134.03  time=2026-09-29 09:49:01  order_id=GLTFO260929094902FHI80GLVFHHI  reason=ST flip BEARISH
2026-09-29 09:50:00,964  [INFO]  [2026-09-29 09:50:00]  ST=BEARISH ▼  BankNifty Close=53874.40  |  PUT SELL entry=₹802.88  LTP=₹833.90  diff=+31.02  |  CALL SELL entry=₹1134.03  LTP=₹1134.55  diff=+0.52
2026-09-29 09:50:01,164  [INFO]      PUT exit check: option_LTP=₹833.90  Entry=₹802.88  Diff=+31.02 pts  Threshold=111 pts
2026-09-29 09:50:01,165  [INFO]      Holding PUT short — |diff|=31.02 < 111 pts threshold.
2026-09-29 09:51:00,967  [INFO]  [2026-09-29 09:51:00]  ST=BEARISH ▼  BankNifty Close=53880.20  |  PUT SELL entry=₹802.88  LTP=₹833.05  diff=+30.17  |  CALL SELL entry=₹1134.03  LTP=₹1132.10  diff=-1.93
2026-09-29 09:51:01,171  [INFO]      PUT exit check: option_LTP=₹830.25  Entry=₹802.88  Diff=+27.37 pts  Threshold=111 pts
2026-09-29 09:51:01,171  [INFO]      Holding PUT short — |diff|=27.37 < 111 pts threshold.
2026-09-29 09:52:01,016  [INFO]  [2026-09-29 09:52:00]  ST=BEARISH ▼  BankNifty Close=53889.00  |  PUT SELL entry=₹802.88  LTP=₹820.00  diff=+17.12  |  CALL SELL entry=₹1134.03  LTP=₹1141.00  diff=+6.97
2026-09-29 09:52:01,226  [INFO]      PUT exit check: option_LTP=₹820.00  Entry=₹802.88  Diff=+17.12 pts  Threshold=111 pts
2026-09-29 09:52:01,226  [INFO]      Holding PUT short — |diff|=17.12 < 111 pts threshold.
2026-09-29 09:53:00,953  [INFO]  [2026-09-29 09:53:00]  ST=BEARISH ▼  BankNifty Close=53914.60  |  PUT SELL entry=₹802.88  LTP=₹803.40  diff=+0.52  |  CALL SELL entry=₹1134.03  LTP=₹1147.20  diff=+13.17
2026-09-29 09:53:01,162  [INFO]      PUT exit check: option_LTP=₹803.40  Entry=₹802.88  Diff=+0.52 pts  Threshold=111 pts
2026-09-29 09:53:01,162  [INFO]      Holding PUT short — |diff|=0.52 < 111 pts threshold.
2026-09-29 09:54:01,011  [INFO]  [2026-09-29 09:54:00]  ST=BEARISH ▼  BankNifty Close=53918.60  |  PUT SELL entry=₹802.88  LTP=₹809.55  diff=+6.67  |  CALL SELL entry=₹1134.03  LTP=₹1147.80  diff=+13.77
2026-09-29 09:54:01,420  [INFO]      PUT exit check: option_LTP=₹809.55  Entry=₹802.88  Diff=+6.67 pts  Threshold=111 pts
2026-09-29 09:54:01,421  [INFO]      Holding PUT short — |diff|=6.67 < 111 pts threshold.
2026-09-29 09:55:00,991  [INFO]  [2026-09-29 09:55:00]  ST=BEARISH ▼  BankNifty Close=53905.20  |  PUT SELL entry=₹802.88  LTP=₹804.15  diff=+1.27  |  CALL SELL entry=₹1134.03  LTP=₹1156.00  diff=+21.97
2026-09-29 09:55:01,306  [INFO]      PUT exit check: option_LTP=₹805.30  Entry=₹802.88  Diff=+2.42 pts  Threshold=111 pts
2026-09-29 09:55:01,307  [INFO]      Holding PUT short — |diff|=2.42 < 111 pts threshold.
2026-09-29 09:56:01,035  [INFO]  [2026-09-29 09:56:00]  ST=BULLISH ▲  BankNifty Close=53975.00  |  PUT SELL entry=₹802.88  LTP=₹784.35  diff=-18.53  |  CALL SELL entry=₹1134.03  LTP=₹1180.45  diff=+46.42
2026-09-29 09:56:01,352  [INFO]      CALL exit check: option_LTP=₹1180.45  Entry=₹1134.03  Diff=+46.42 pts  Threshold=111 pts
2026-09-29 09:56:01,353  [INFO]      Holding CALL short — |diff|=46.42 < 111 pts threshold.
2026-09-29 09:57:00,999  [INFO]  [2026-09-29 09:57:00]  ST=BULLISH ▲  BankNifty Close=53967.80  |  PUT SELL entry=₹802.88  LTP=₹778.80  diff=-24.08  |  CALL SELL entry=₹1134.03  LTP=₹1157.50  diff=+23.47
2026-09-29 09:57:01,294  [INFO]      CALL exit check: option_LTP=₹1173.70  Entry=₹1134.03  Diff=+39.67 pts  Threshold=111 pts
2026-09-29 09:57:01,295  [INFO]      Holding CALL short — |diff|=39.67 < 111 pts threshold.
2026-09-29 09:58:00,957  [INFO]  [2026-09-29 09:58:00]  ST=BULLISH ▲  BankNifty Close=53931.20  |  PUT SELL entry=₹802.88  LTP=₹797.20  diff=-5.68  |  CALL SELL entry=₹1134.03  LTP=₹1173.10  diff=+39.07
2026-09-29 09:58:01,238  [INFO]      CALL exit check: option_LTP=₹1174.25  Entry=₹1134.03  Diff=+40.22 pts  Threshold=111 pts
2026-09-29 09:58:01,239  [INFO]      Holding CALL short — |diff|=40.22 < 111 pts threshold.
2026-09-29 09:59:00,973  [INFO]  [2026-09-29 09:59:00]  ST=BULLISH ▲  BankNifty Close=53922.00  |  PUT SELL entry=₹802.88  LTP=₹808.35  diff=+5.47  |  CALL SELL entry=₹1134.03  LTP=₹1152.05  diff=+18.02
2026-09-29 09:59:01,342  [INFO]      CALL exit check: option_LTP=₹1152.05  Entry=₹1134.03  Diff=+18.02 pts  Threshold=111 pts
2026-09-29 09:59:01,343  [INFO]      Holding CALL short — |diff|=18.02 < 111 pts threshold.
2026-09-29 10:00:00,998  [INFO]  [2026-09-29 10:00:00]  ST=BEARISH ▼  BankNifty Close=53918.80  |  PUT SELL entry=₹802.88  LTP=₹808.25  diff=+5.37  |  CALL SELL entry=₹1134.03  LTP=₹1148.05  diff=+14.02
2026-09-29 10:00:01,249  [INFO]      PUT exit check: option_LTP=₹808.25  Entry=₹802.88  Diff=+5.37 pts  Threshold=111 pts
2026-09-29 10:00:01,250  [INFO]      Holding PUT short — |diff|=5.37 < 111 pts threshold.
2026-09-29 10:01:00,998  [INFO]  [2026-09-29 10:01:00]  ST=BEARISH ▼  BankNifty Close=53914.60  |  PUT SELL entry=₹802.88  LTP=₹809.90  diff=+7.02  |  CALL SELL entry=₹1134.03  LTP=₹1147.60  diff=+13.57
2026-09-29 10:01:01,209  [INFO]      PUT exit check: option_LTP=₹813.00  Entry=₹802.88  Diff=+10.12 pts  Threshold=111 pts
2026-09-29 10:01:01,209  [INFO]      Holding PUT short — |diff|=10.12 < 111 pts threshold.
2026-09-29 10:02:00,989  [INFO]  [2026-09-29 10:02:00]  ST=BEARISH ▼  BankNifty Close=53909.20  |  PUT SELL entry=₹802.88  LTP=₹811.40  diff=+8.52  |  CALL SELL entry=₹1134.03  LTP=₹1151.90  diff=+17.87
2026-09-29 10:02:01,181  [INFO]      PUT exit check: option_LTP=₹811.40  Entry=₹802.88  Diff=+8.52 pts  Threshold=111 pts
2026-09-29 10:02:01,181  [INFO]      Holding PUT short — |diff|=8.52 < 111 pts threshold.
2026-09-29 10:03:01,006  [INFO]  [2026-09-29 10:03:00]  ST=BEARISH ▼  BankNifty Close=53890.40  |  PUT SELL entry=₹802.88  LTP=₹820.00  diff=+17.12  |  CALL SELL entry=₹1134.03  LTP=₹1145.30  diff=+11.27
2026-09-29 10:03:01,406  [INFO]      PUT exit check: option_LTP=₹820.55  Entry=₹802.88  Diff=+17.67 pts  Threshold=111 pts
2026-09-29 10:03:01,406  [INFO]      Holding PUT short — |diff|=17.67 < 111 pts threshold.
2026-09-29 10:04:00,985  [INFO]  [2026-09-29 10:04:00]  ST=BEARISH ▼  BankNifty Close=53882.00  |  PUT SELL entry=₹802.88  LTP=₹810.90  diff=+8.02  |  CALL SELL entry=₹1134.03  LTP=₹1150.30  diff=+16.27
2026-09-29 10:04:01,222  [INFO]      PUT exit check: option_LTP=₹810.90  Entry=₹802.88  Diff=+8.02 pts  Threshold=111 pts
2026-09-29 10:04:01,223  [INFO]      Holding PUT short — |diff|=8.02 < 111 pts threshold.
2026-09-29 10:05:01,010  [INFO]  [2026-09-29 10:05:00]  ST=BEARISH ▼  BankNifty Close=53896.20  |  PUT SELL entry=₹802.88  LTP=₹808.70  diff=+5.82  |  CALL SELL entry=₹1134.03  LTP=₹1148.45  diff=+14.42
2026-09-29 10:05:01,219  [INFO]      PUT exit check: option_LTP=₹808.70  Entry=₹802.88  Diff=+5.82 pts  Threshold=111 pts
2026-09-29 10:05:01,220  [INFO]      Holding PUT short — |diff|=5.82 < 111 pts threshold.
2026-09-29 10:06:01,034  [INFO]  [2026-09-29 10:06:00]  ST=BEARISH ▼  BankNifty Close=53899.00  |  PUT SELL entry=₹802.88  LTP=₹821.40  diff=+18.52  |  CALL SELL entry=₹1134.03  LTP=₹1142.40  diff=+8.37
2026-09-29 10:06:01,247  [INFO]      PUT exit check: option_LTP=₹821.40  Entry=₹802.88  Diff=+18.52 pts  Threshold=111 pts
2026-09-29 10:06:01,247  [INFO]      Holding PUT short — |diff|=18.52 < 111 pts threshold.
2026-09-29 10:07:01,053  [INFO]  [2026-09-29 10:07:00]  ST=BEARISH ▼  BankNifty Close=53868.20  |  PUT SELL entry=₹802.88  LTP=₹813.90  diff=+11.02  |  CALL SELL entry=₹1134.03  LTP=₹1136.95  diff=+2.92
2026-09-29 10:07:01,454  [INFO]      PUT exit check: option_LTP=₹813.90  Entry=₹802.88  Diff=+11.02 pts  Threshold=111 pts
2026-09-29 10:07:01,455  [INFO]      Holding PUT short — |diff|=11.02 < 111 pts threshold.
2026-09-29 10:08:01,004  [INFO]  [2026-09-29 10:08:00]  ST=BEARISH ▼  BankNifty Close=53887.00  |  PUT SELL entry=₹802.88  LTP=₹818.70  diff=+15.82  |  CALL SELL entry=₹1134.03  LTP=₹1142.75  diff=+8.72
2026-09-29 10:08:01,188  [INFO]      PUT exit check: option_LTP=₹814.00  Entry=₹802.88  Diff=+11.12 pts  Threshold=111 pts
2026-09-29 10:08:01,188  [INFO]      Holding PUT short — |diff|=11.12 < 111 pts threshold.
2026-09-29 10:09:01,001  [INFO]  [2026-09-29 10:09:00]  ST=BEARISH ▼  BankNifty Close=53906.80  |  PUT SELL entry=₹802.88  LTP=₹808.50  diff=+5.62  |  CALL SELL entry=₹1134.03  LTP=₹1146.55  diff=+12.52
2026-09-29 10:09:01,236  [INFO]      PUT exit check: option_LTP=₹808.50  Entry=₹802.88  Diff=+5.62 pts  Threshold=111 pts
2026-09-29 10:09:01,236  [INFO]      Holding PUT short — |diff|=5.62 < 111 pts threshold.
2026-09-29 10:10:01,021  [INFO]  [2026-09-29 10:10:00]  ST=BEARISH ▼  BankNifty Close=53899.40  |  PUT SELL entry=₹802.88  LTP=₹812.45  diff=+9.57  |  CALL SELL entry=₹1134.03  LTP=₹1143.05  diff=+9.02
2026-09-29 10:10:01,216  [INFO]      PUT exit check: option_LTP=₹812.45  Entry=₹802.88  Diff=+9.57 pts  Threshold=111 pts
2026-09-29 10:10:01,217  [INFO]      Holding PUT short — |diff|=9.57 < 111 pts threshold.
2026-09-29 10:11:00,992  [INFO]  [2026-09-29 10:11:00]  ST=BEARISH ▼  BankNifty Close=53887.60  |  PUT SELL entry=₹802.88  LTP=₹816.45  diff=+13.57  |  CALL SELL entry=₹1134.03  LTP=₹1136.55  diff=+2.52
2026-09-29 10:11:01,255  [INFO]      PUT exit check: option_LTP=₹816.45  Entry=₹802.88  Diff=+13.57 pts  Threshold=111 pts
2026-09-29 10:11:01,256  [INFO]      Holding PUT short — |diff|=13.57 < 111 pts threshold.
2026-09-29 10:12:01,033  [INFO]  [2026-09-29 10:12:00]  ST=BEARISH ▼  BankNifty Close=53876.80  |  PUT SELL entry=₹802.88  LTP=₹827.20  diff=+24.32  |  CALL SELL entry=₹1134.03  LTP=₹1134.05  diff=+0.02
2026-09-29 10:12:01,231  [INFO]      PUT exit check: option_LTP=₹827.20  Entry=₹802.88  Diff=+24.32 pts  Threshold=111 pts
2026-09-29 10:12:01,231  [INFO]      Holding PUT short — |diff|=24.32 < 111 pts threshold.
2026-09-29 10:13:00,996  [INFO]  [2026-09-29 10:13:00]  ST=BEARISH ▼  BankNifty Close=53871.20  |  PUT SELL entry=₹802.88  LTP=₹822.65  diff=+19.77  |  CALL SELL entry=₹1134.03  LTP=₹1132.00  diff=-2.03
2026-09-29 10:13:01,181  [INFO]      PUT exit check: option_LTP=₹822.65  Entry=₹802.88  Diff=+19.77 pts  Threshold=111 pts
2026-09-29 10:13:01,181  [INFO]      Holding PUT short — |diff|=19.77 < 111 pts threshold.
2026-09-29 10:14:00,999  [INFO]  [2026-09-29 10:14:00]  ST=BEARISH ▼  BankNifty Close=53871.20  |  PUT SELL entry=₹802.88  LTP=₹826.95  diff=+24.07  |  CALL SELL entry=₹1134.03  LTP=₹1129.25  diff=-4.78
2026-09-29 10:14:01,181  [INFO]      PUT exit check: option_LTP=₹826.95  Entry=₹802.88  Diff=+24.07 pts  Threshold=111 pts
2026-09-29 10:14:01,182  [INFO]      Holding PUT short — |diff|=24.07 < 111 pts threshold.
2026-09-29 10:15:00,948  [INFO]  [2026-09-29 10:15:00]  ST=BEARISH ▼  BankNifty Close=53869.20  |  PUT SELL entry=₹802.88  LTP=₹826.00  diff=+23.12  |  CALL SELL entry=₹1134.03  LTP=₹1130.55  diff=-3.48
2026-09-29 10:15:01,139  [INFO]      PUT exit check: option_LTP=₹824.25  Entry=₹802.88  Diff=+21.37 pts  Threshold=111 pts
2026-09-29 10:15:01,140  [INFO]      Holding PUT short — |diff|=21.37 < 111 pts threshold.
2026-09-29 10:16:01,005  [INFO]  [2026-09-29 10:16:00]  ST=BEARISH ▼  BankNifty Close=53855.00  |  PUT SELL entry=₹802.88  LTP=₹819.10  diff=+16.22  |  CALL SELL entry=₹1134.03  LTP=₹1147.25  diff=+13.22
2026-09-29 10:16:01,209  [INFO]      PUT exit check: option_LTP=₹819.10  Entry=₹802.88  Diff=+16.22 pts  Threshold=111 pts
2026-09-29 10:16:01,210  [INFO]      Holding PUT short — |diff|=16.22 < 111 pts threshold.
2026-09-29 10:17:01,071  [INFO]  [2026-09-29 10:17:00]  ST=BEARISH ▼  BankNifty Close=53866.20  |  PUT SELL entry=₹802.88  LTP=₹820.10  diff=+17.22  |  CALL SELL entry=₹1134.03  LTP=₹1138.95  diff=+4.92
2026-09-29 10:17:01,292  [INFO]      PUT exit check: option_LTP=₹824.20  Entry=₹802.88  Diff=+21.32 pts  Threshold=111 pts
2026-09-29 10:17:01,293  [INFO]      Holding PUT short — |diff|=21.32 < 111 pts threshold.
2026-09-29 10:18:01,019  [INFO]  [2026-09-29 10:18:00]  ST=BEARISH ▼  BankNifty Close=53881.20  |  PUT SELL entry=₹802.88  LTP=₹819.95  diff=+17.07  |  CALL SELL entry=₹1134.03  LTP=₹1138.95  diff=+4.92
2026-09-29 10:18:01,299  [INFO]      PUT exit check: option_LTP=₹819.95  Entry=₹802.88  Diff=+17.07 pts  Threshold=111 pts
2026-09-29 10:18:01,300  [INFO]      Holding PUT short — |diff|=17.07 < 111 pts threshold.
2026-09-29 10:19:01,047  [INFO]  [2026-09-29 10:19:00]  ST=BEARISH ▼  BankNifty Close=53878.80  |  PUT SELL entry=₹802.88  LTP=₹817.20  diff=+14.32  |  CALL SELL entry=₹1134.03  LTP=₹1138.95  diff=+4.92
2026-09-29 10:19:01,226  [INFO]      PUT exit check: option_LTP=₹817.20  Entry=₹802.88  Diff=+14.32 pts  Threshold=111 pts
2026-09-29 10:19:01,227  [INFO]      Holding PUT short — |diff|=14.32 < 111 pts threshold.
2026-09-29 10:20:01,125  [INFO]  [2026-09-29 10:20:00]  ST=BEARISH ▼  BankNifty Close=53881.40  |  PUT SELL entry=₹802.88  LTP=₹815.55  diff=+12.67  |  CALL SELL entry=₹1134.03  LTP=₹1148.00  diff=+13.97
2026-09-29 10:20:01,321  [INFO]      PUT exit check: option_LTP=₹815.55  Entry=₹802.88  Diff=+12.67 pts  Threshold=111 pts
2026-09-29 10:20:01,322  [INFO]      Holding PUT short — |diff|=12.67 < 111 pts threshold.
2026-09-29 10:21:00,977  [INFO]  [2026-09-29 10:21:00]  ST=BEARISH ▼  BankNifty Close=53875.80  |  PUT SELL entry=₹802.88  LTP=₹819.85  diff=+16.97  |  CALL SELL entry=₹1134.03  LTP=₹1127.50  diff=-6.53
2026-09-29 10:21:01,172  [INFO]      PUT exit check: option_LTP=₹819.85  Entry=₹802.88  Diff=+16.97 pts  Threshold=111 pts
2026-09-29 10:21:01,172  [INFO]      Holding PUT short — |diff|=16.97 < 111 pts threshold.
2026-09-29 10:22:01,001  [INFO]  [2026-09-29 10:22:00]  ST=BEARISH ▼  BankNifty Close=53842.60  |  PUT SELL entry=₹802.88  LTP=₹829.75  diff=+26.87  |  CALL SELL entry=₹1134.03  LTP=₹1125.35  diff=-8.68
2026-09-29 10:22:01,192  [INFO]      PUT exit check: option_LTP=₹829.75  Entry=₹802.88  Diff=+26.87 pts  Threshold=111 pts
2026-09-29 10:22:01,192  [INFO]      Holding PUT short — |diff|=26.87 < 111 pts threshold.
2026-09-29 10:23:01,012  [INFO]  [2026-09-29 10:23:00]  ST=BEARISH ▼  BankNifty Close=53818.60  |  PUT SELL entry=₹802.88  LTP=₹831.05  diff=+28.17  |  CALL SELL entry=₹1134.03  LTP=₹1130.50  diff=-3.53
2026-09-29 10:23:01,207  [INFO]      PUT exit check: option_LTP=₹831.05  Entry=₹802.88  Diff=+28.17 pts  Threshold=111 pts
2026-09-29 10:23:01,208  [INFO]      Holding PUT short — |diff|=28.17 < 111 pts threshold.
2026-09-29 10:24:01,045  [INFO]  [2026-09-29 10:24:00]  ST=BEARISH ▼  BankNifty Close=53843.20  |  PUT SELL entry=₹802.88  LTP=₹825.00  diff=+22.12  |  CALL SELL entry=₹1134.03  LTP=₹1130.75  diff=-3.28
2026-09-29 10:24:01,257  [INFO]      PUT exit check: option_LTP=₹825.00  Entry=₹802.88  Diff=+22.12 pts  Threshold=111 pts
2026-09-29 10:24:01,258  [INFO]      Holding PUT short — |diff|=22.12 < 111 pts threshold.
2026-09-29 10:25:01,038  [INFO]  [2026-09-29 10:25:00]  ST=BULLISH ▲  BankNifty Close=53865.20  |  PUT SELL entry=₹802.88  LTP=₹816.40  diff=+13.52  |  CALL SELL entry=₹1134.03  LTP=₹1146.50  diff=+12.47
2026-09-29 10:25:01,341  [INFO]      CALL exit check: option_LTP=₹1146.50  Entry=₹1134.03  Diff=+12.47 pts  Threshold=111 pts
2026-09-29 10:25:01,341  [INFO]      Holding CALL short — |diff|=12.47 < 111 pts threshold.
2026-09-29 10:26:01,038  [INFO]  [2026-09-29 10:26:00]  ST=BULLISH ▲  BankNifty Close=53859.20  |  PUT SELL entry=₹802.88  LTP=₹813.05  diff=+10.17  |  CALL SELL entry=₹1134.03  LTP=₹1142.45  diff=+8.42
2026-09-29 10:26:01,318  [INFO]      CALL exit check: option_LTP=₹1142.45  Entry=₹1134.03  Diff=+8.42 pts  Threshold=111 pts
2026-09-29 10:26:01,319  [INFO]      Holding CALL short — |diff|=8.42 < 111 pts threshold.
2026-09-29 10:27:01,021  [INFO]  [2026-09-29 10:27:00]  ST=BULLISH ▲  BankNifty Close=53900.00  |  PUT SELL entry=₹802.88  LTP=₹795.75  diff=-7.13  |  CALL SELL entry=₹1134.03  LTP=₹1175.00  diff=+40.97
2026-09-29 10:27:01,291  [INFO]      CALL exit check: option_LTP=₹1175.00  Entry=₹1134.03  Diff=+40.97 pts  Threshold=111 pts
2026-09-29 10:27:01,292  [INFO]      Holding CALL short — |diff|=40.97 < 111 pts threshold.
2026-09-29 10:28:01,020  [INFO]  [2026-09-29 10:28:00]  ST=BULLISH ▲  BankNifty Close=53900.00  |  PUT SELL entry=₹802.88  LTP=₹798.25  diff=-4.63  |  CALL SELL entry=₹1134.03  LTP=₹1172.75  diff=+38.72
2026-09-29 10:28:01,328  [INFO]      CALL exit check: option_LTP=₹1172.75  Entry=₹1134.03  Diff=+38.72 pts  Threshold=111 pts
2026-09-29 10:28:01,329  [INFO]      Holding CALL short — |diff|=38.72 < 111 pts threshold.
2026-09-29 10:29:01,015  [INFO]  [2026-09-29 10:29:00]  ST=BULLISH ▲  BankNifty Close=53911.00  |  PUT SELL entry=₹802.88  LTP=₹800.05  diff=-2.83  |  CALL SELL entry=₹1134.03  LTP=₹1172.75  diff=+38.72
2026-09-29 10:29:01,294  [INFO]      CALL exit check: option_LTP=₹1172.75  Entry=₹1134.03  Diff=+38.72 pts  Threshold=111 pts
2026-09-29 10:29:01,295  [INFO]      Holding CALL short — |diff|=38.72 < 111 pts threshold.
2026-09-29 10:30:01,004  [INFO]  [2026-09-29 10:30:00]  ST=BULLISH ▲  BankNifty Close=53916.20  |  PUT SELL entry=₹802.88  LTP=₹792.20  diff=-10.68  |  CALL SELL entry=₹1134.03  LTP=₹1175.95  diff=+41.92
2026-09-29 10:30:01,322  [INFO]      CALL exit check: option_LTP=₹1182.00  Entry=₹1134.03  Diff=+47.97 pts  Threshold=111 pts
2026-09-29 10:30:01,323  [INFO]      Holding CALL short — |diff|=47.97 < 111 pts threshold.
2026-09-29 10:31:00,993  [INFO]  [2026-09-29 10:31:00]  ST=BULLISH ▲  BankNifty Close=53909.80  |  PUT SELL entry=₹802.88  LTP=₹793.60  diff=-9.28  |  CALL SELL entry=₹1134.03  LTP=₹1172.15  diff=+38.12
2026-09-29 10:31:01,284  [INFO]      CALL exit check: option_LTP=₹1172.15  Entry=₹1134.03  Diff=+38.12 pts  Threshold=111 pts
2026-09-29 10:31:01,284  [INFO]      Holding CALL short — |diff|=38.12 < 111 pts threshold.
2026-09-29 10:32:01,074  [INFO]  [2026-09-29 10:32:00]  ST=BULLISH ▲  BankNifty Close=53887.20  |  PUT SELL entry=₹802.88  LTP=₹800.00  diff=-2.88  |  CALL SELL entry=₹1134.03  LTP=₹1167.65  diff=+33.62
2026-09-29 10:32:01,372  [INFO]      CALL exit check: option_LTP=₹1169.00  Entry=₹1134.03  Diff=+34.97 pts  Threshold=111 pts
2026-09-29 10:32:01,373  [INFO]      Holding CALL short — |diff|=34.97 < 111 pts threshold.
2026-09-29 10:33:01,040  [INFO]  [2026-09-29 10:33:00]  ST=BEARISH ▼  BankNifty Close=53870.80  |  PUT SELL entry=₹802.88  LTP=₹806.65  diff=+3.77  |  CALL SELL entry=₹1134.03  LTP=₹1157.05  diff=+23.02
2026-09-29 10:33:01,246  [INFO]      PUT exit check: option_LTP=₹806.65  Entry=₹802.88  Diff=+3.77 pts  Threshold=111 pts
2026-09-29 10:33:01,247  [INFO]      Holding PUT short — |diff|=3.77 < 111 pts threshold.
2026-09-29 10:34:01,008  [INFO]  [2026-09-29 10:34:00]  ST=BEARISH ▼  BankNifty Close=53873.60  |  PUT SELL entry=₹802.88  LTP=₹811.40  diff=+8.52  |  CALL SELL entry=₹1134.03  LTP=₹1157.35  diff=+23.32
2026-09-29 10:34:01,197  [INFO]      PUT exit check: option_LTP=₹811.40  Entry=₹802.88  Diff=+8.52 pts  Threshold=111 pts
2026-09-29 10:34:01,198  [INFO]      Holding PUT short — |diff|=8.52 < 111 pts threshold.
2026-09-29 10:35:01,053  [INFO]  [2026-09-29 10:35:00]  ST=BEARISH ▼  BankNifty Close=53900.00  |  PUT SELL entry=₹802.88  LTP=₹794.80  diff=-8.08  |  CALL SELL entry=₹1134.03  LTP=₹1167.95  diff=+33.92
2026-09-29 10:35:01,332  [INFO]      PUT exit check: option_LTP=₹794.80  Entry=₹802.88  Diff=-8.08 pts  Threshold=111 pts
2026-09-29 10:35:01,332  [INFO]      Holding PUT short — |diff|=8.08 < 111 pts threshold.
2026-09-29 10:36:01,037  [INFO]  [2026-09-29 10:36:00]  ST=BEARISH ▼  BankNifty Close=53900.00  |  PUT SELL entry=₹802.88  LTP=₹791.25  diff=-11.63  |  CALL SELL entry=₹1134.03  LTP=₹1177.40  diff=+43.37
2026-09-29 10:36:01,232  [INFO]      PUT exit check: option_LTP=₹787.45  Entry=₹802.88  Diff=-15.43 pts  Threshold=111 pts
2026-09-29 10:36:01,232  [INFO]      Holding PUT short — |diff|=15.43 < 111 pts threshold.
2026-09-29 10:37:01,020  [INFO]  [2026-09-29 10:37:00]  ST=BEARISH ▼  BankNifty Close=53890.60  |  PUT SELL entry=₹802.88  LTP=₹795.30  diff=-7.58  |  CALL SELL entry=₹1134.03  LTP=₹1166.20  diff=+32.17
2026-09-29 10:37:01,210  [INFO]      PUT exit check: option_LTP=₹795.30  Entry=₹802.88  Diff=-7.58 pts  Threshold=111 pts
2026-09-29 10:37:01,211  [INFO]      Holding PUT short — |diff|=7.58 < 111 pts threshold.
2026-09-29 10:38:01,062  [INFO]  [2026-09-29 10:38:00]  ST=BEARISH ▼  BankNifty Close=53871.60  |  PUT SELL entry=₹802.88  LTP=₹792.25  diff=-10.63  |  CALL SELL entry=₹1134.03  LTP=₹1169.65  diff=+35.62
2026-09-29 10:38:01,250  [INFO]      PUT exit check: option_LTP=₹794.75  Entry=₹802.88  Diff=-8.13 pts  Threshold=111 pts
2026-09-29 10:38:01,251  [INFO]      Holding PUT short — |diff|=8.13 < 111 pts threshold.
2026-09-29 10:39:01,047  [INFO]  [2026-09-29 10:39:00]  ST=BULLISH ▲  BankNifty Close=53915.00  |  PUT SELL entry=₹802.88  LTP=₹786.70  diff=-16.18  |  CALL SELL entry=₹1134.03  LTP=₹1169.65  diff=+35.62
2026-09-29 10:39:01,328  [INFO]      CALL exit check: option_LTP=₹1169.65  Entry=₹1134.03  Diff=+35.62 pts  Threshold=111 pts
2026-09-29 10:39:01,328  [INFO]      Holding CALL short — |diff|=35.62 < 111 pts threshold.
2026-09-29 10:40:01,011  [INFO]  [2026-09-29 10:40:00]  ST=BULLISH ▲  BankNifty Close=53920.00  |  PUT SELL entry=₹802.88  LTP=₹783.05  diff=-19.83  |  CALL SELL entry=₹1134.03  LTP=₹1182.65  diff=+48.62
2026-09-29 10:40:01,296  [INFO]      CALL exit check: option_LTP=₹1182.65  Entry=₹1134.03  Diff=+48.62 pts  Threshold=111 pts
2026-09-29 10:40:01,297  [INFO]      Holding CALL short — |diff|=48.62 < 111 pts threshold.
2026-09-29 10:41:01,016  [INFO]  [2026-09-29 10:41:00]  ST=BULLISH ▲  BankNifty Close=53905.20  |  PUT SELL entry=₹802.88  LTP=₹786.05  diff=-16.83  |  CALL SELL entry=₹1134.03  LTP=₹1181.15  diff=+47.12
2026-09-29 10:41:01,324  [INFO]      CALL exit check: option_LTP=₹1181.15  Entry=₹1134.03  Diff=+47.12 pts  Threshold=111 pts
2026-09-29 10:41:01,325  [INFO]      Holding CALL short — |diff|=47.12 < 111 pts threshold.
2026-09-29 10:42:01,045  [INFO]  [2026-09-29 10:42:00]  ST=BULLISH ▲  BankNifty Close=53905.20  |  PUT SELL entry=₹802.88  LTP=₹780.00  diff=-22.88  |  CALL SELL entry=₹1134.03  LTP=₹1182.65  diff=+48.62
2026-09-29 10:42:01,331  [INFO]      CALL exit check: option_LTP=₹1182.65  Entry=₹1134.03  Diff=+48.62 pts  Threshold=111 pts
2026-09-29 10:42:01,331  [INFO]      Holding CALL short — |diff|=48.62 < 111 pts threshold.
2026-09-29 10:43:01,083  [INFO]  [2026-09-29 10:43:00]  ST=BULLISH ▲  BankNifty Close=53945.00  |  PUT SELL entry=₹802.88  LTP=₹778.30  diff=-24.58  |  CALL SELL entry=₹1134.03  LTP=₹1188.25  diff=+54.22
2026-09-29 10:43:01,417  [INFO]      CALL exit check: option_LTP=₹1188.25  Entry=₹1134.03  Diff=+54.22 pts  Threshold=111 pts
2026-09-29 10:43:01,417  [INFO]      Holding CALL short — |diff|=54.22 < 111 pts threshold.
2026-09-29 10:44:01,051  [INFO]  [2026-09-29 10:44:00]  ST=BULLISH ▲  BankNifty Close=53945.00  |  PUT SELL entry=₹802.88  LTP=₹765.50  diff=-37.38  |  CALL SELL entry=₹1134.03  LTP=₹1210.00  diff=+75.97
2026-09-29 10:44:01,579  [INFO]      CALL exit check: option_LTP=₹1212.75  Entry=₹1134.03  Diff=+78.72 pts  Threshold=111 pts
2026-09-29 10:44:01,579  [INFO]      Holding CALL short — |diff|=78.72 < 111 pts threshold.
2026-09-29 10:45:01,028  [INFO]  [2026-09-29 10:45:00]  ST=BULLISH ▲  BankNifty Close=53962.80  |  PUT SELL entry=₹802.88  LTP=₹761.30  diff=-41.58  |  CALL SELL entry=₹1134.03  LTP=₹1213.95  diff=+79.92
2026-09-29 10:45:01,310  [INFO]      CALL exit check: option_LTP=₹1208.35  Entry=₹1134.03  Diff=+74.32 pts  Threshold=111 pts
2026-09-29 10:45:01,311  [INFO]      Holding CALL short — |diff|=74.32 < 111 pts threshold.
2026-09-29 10:46:01,257  [INFO]  [2026-09-29 10:46:00]  ST=BULLISH ▲  BankNifty Close=53960.00  |  PUT SELL entry=₹802.88  LTP=₹765.25  diff=-37.63  |  CALL SELL entry=₹1134.03  LTP=₹1205.20  diff=+71.17
2026-09-29 10:46:01,566  [INFO]      CALL exit check: option_LTP=₹1205.20  Entry=₹1134.03  Diff=+71.17 pts  Threshold=111 pts
2026-09-29 10:46:01,566  [INFO]      Holding CALL short — |diff|=71.17 < 111 pts threshold.
2026-09-29 10:47:01,125  [INFO]  [2026-09-29 10:47:00]  ST=BULLISH ▲  BankNifty Close=53947.00  |  PUT SELL entry=₹802.88  LTP=₹775.10  diff=-27.78  |  CALL SELL entry=₹1134.03  LTP=₹1195.00  diff=+60.97
2026-09-29 10:47:01,443  [INFO]      CALL exit check: option_LTP=₹1195.00  Entry=₹1134.03  Diff=+60.97 pts  Threshold=111 pts
2026-09-29 10:47:01,443  [INFO]      Holding CALL short — |diff|=60.97 < 111 pts threshold.
2026-09-29 10:48:01,047  [INFO]  [2026-09-29 10:48:00]  ST=BULLISH ▲  BankNifty Close=53928.00  |  PUT SELL entry=₹802.88  LTP=₹778.75  diff=-24.13  |  CALL SELL entry=₹1134.03  LTP=₹1189.90  diff=+55.87
2026-09-29 10:48:01,346  [INFO]      CALL exit check: option_LTP=₹1181.50  Entry=₹1134.03  Diff=+47.47 pts  Threshold=111 pts
2026-09-29 10:48:01,347  [INFO]      Holding CALL short — |diff|=47.47 < 111 pts threshold.
2026-09-29 10:49:01,028  [INFO]  [2026-09-29 10:49:00]  ST=BEARISH ▼  BankNifty Close=53919.40  |  PUT SELL entry=₹802.88  LTP=₹783.00  diff=-19.88  |  CALL SELL entry=₹1134.03  LTP=₹1174.45  diff=+40.42
2026-09-29 10:49:01,207  [INFO]      PUT exit check: option_LTP=₹783.00  Entry=₹802.88  Diff=-19.88 pts  Threshold=111 pts
2026-09-29 10:49:01,208  [INFO]      Holding PUT short — |diff|=19.88 < 111 pts threshold.
2026-09-29 10:50:01,058  [INFO]  [2026-09-29 10:50:00]  ST=BEARISH ▼  BankNifty Close=53910.00  |  PUT SELL entry=₹802.88  LTP=₹774.35  diff=-28.53  |  CALL SELL entry=₹1134.03  LTP=₹1185.80  diff=+51.77
2026-09-29 10:50:01,252  [INFO]      PUT exit check: option_LTP=₹780.00  Entry=₹802.88  Diff=-22.88 pts  Threshold=111 pts
2026-09-29 10:50:01,253  [INFO]      Holding PUT short — |diff|=22.88 < 111 pts threshold.
2026-09-29 10:51:01,043  [INFO]  [2026-09-29 10:51:00]  ST=BEARISH ▼  BankNifty Close=53911.20  |  PUT SELL entry=₹802.88  LTP=₹777.30  diff=-25.58  |  CALL SELL entry=₹1134.03  LTP=₹1186.40  diff=+52.37
2026-09-29 10:51:01,249  [INFO]      PUT exit check: option_LTP=₹777.30  Entry=₹802.88  Diff=-25.58 pts  Threshold=111 pts
2026-09-29 10:51:01,249  [INFO]      Holding PUT short — |diff|=25.58 < 111 pts threshold.
2026-09-29 10:52:01,055  [INFO]  [2026-09-29 10:52:00]  ST=BEARISH ▼  BankNifty Close=53911.20  |  PUT SELL entry=₹802.88  LTP=₹776.85  diff=-26.03  |  CALL SELL entry=₹1134.03  LTP=₹1189.20  diff=+55.17
2026-09-29 10:52:01,247  [INFO]      PUT exit check: option_LTP=₹772.70  Entry=₹802.88  Diff=-30.18 pts  Threshold=111 pts
2026-09-29 10:52:01,248  [INFO]      Holding PUT short — |diff|=30.18 < 111 pts threshold.
2026-09-29 10:53:01,040  [INFO]  [2026-09-29 10:53:00]  ST=BEARISH ▼  BankNifty Close=53930.00  |  PUT SELL entry=₹802.88  LTP=₹768.30  diff=-34.58  |  CALL SELL entry=₹1134.03  LTP=₹1197.25  diff=+63.22
2026-09-29 10:53:01,236  [INFO]      PUT exit check: option_LTP=₹768.30  Entry=₹802.88  Diff=-34.58 pts  Threshold=111 pts
2026-09-29 10:53:01,236  [INFO]      Holding PUT short — |diff|=34.58 < 111 pts threshold.
2026-09-29 10:54:01,055  [INFO]  [2026-09-29 10:54:00]  ST=BULLISH ▲  BankNifty Close=53949.00  |  PUT SELL entry=₹802.88  LTP=₹766.75  diff=-36.13  |  CALL SELL entry=₹1134.03  LTP=₹1206.00  diff=+71.97
2026-09-29 10:54:01,368  [INFO]      CALL exit check: option_LTP=₹1206.00  Entry=₹1134.03  Diff=+71.97 pts  Threshold=111 pts
2026-09-29 10:54:01,369  [INFO]      Holding CALL short — |diff|=71.97 < 111 pts threshold.
2026-09-29 10:55:01,062  [INFO]  [2026-09-29 10:55:00]  ST=BULLISH ▲  BankNifty Close=53960.40  |  PUT SELL entry=₹802.88  LTP=₹757.60  diff=-45.28  |  CALL SELL entry=₹1134.03  LTP=₹1211.70  diff=+77.67
2026-09-29 10:55:01,351  [INFO]      CALL exit check: option_LTP=₹1211.95  Entry=₹1134.03  Diff=+77.92 pts  Threshold=111 pts
2026-09-29 10:55:01,351  [INFO]      Holding CALL short — |diff|=77.92 < 111 pts threshold.
2026-09-29 10:56:01,092  [INFO]  [2026-09-29 10:56:00]  ST=BULLISH ▲  BankNifty Close=53980.00  |  PUT SELL entry=₹802.88  LTP=₹753.90  diff=-48.98  |  CALL SELL entry=₹1134.03  LTP=₹1219.90  diff=+85.87
2026-09-29 10:56:01,390  [INFO]      CALL exit check: option_LTP=₹1214.75  Entry=₹1134.03  Diff=+80.72 pts  Threshold=111 pts
2026-09-29 10:56:01,391  [INFO]      Holding CALL short — |diff|=80.72 < 111 pts threshold.
2026-09-29 10:57:01,058  [INFO]  [2026-09-29 10:57:00]  ST=BULLISH ▲  BankNifty Close=53992.60  |  PUT SELL entry=₹802.88  LTP=₹748.90  diff=-53.98  |  CALL SELL entry=₹1134.03  LTP=₹1228.00  diff=+93.97
2026-09-29 10:57:01,334  [INFO]      CALL exit check: option_LTP=₹1228.00  Entry=₹1134.03  Diff=+93.97 pts  Threshold=111 pts
2026-09-29 10:57:01,334  [INFO]      Holding CALL short — |diff|=93.97 < 111 pts threshold.
2026-09-29 10:58:01,046  [INFO]  [2026-09-29 10:58:00]  ST=BULLISH ▲  BankNifty Close=54000.00  |  PUT SELL entry=₹802.88  LTP=₹737.25  diff=-65.63  |  CALL SELL entry=₹1134.03  LTP=₹1230.00  diff=+95.97
2026-09-29 10:58:01,350  [INFO]      CALL exit check: option_LTP=₹1230.00  Entry=₹1134.03  Diff=+95.97 pts  Threshold=111 pts
2026-09-29 10:58:01,350  [INFO]      Holding CALL short — |diff|=95.97 < 111 pts threshold.
2026-09-29 10:59:01,073  [INFO]  [2026-09-29 10:59:00]  ST=BULLISH ▲  BankNifty Close=54000.00  |  PUT SELL entry=₹802.88  LTP=₹734.65  diff=-68.23  |  CALL SELL entry=₹1134.03  LTP=₹1233.40  diff=+99.37
2026-09-29 10:59:01,342  [INFO]      CALL exit check: option_LTP=₹1233.40  Entry=₹1134.03  Diff=+99.37 pts  Threshold=111 pts
2026-09-29 10:59:01,343  [INFO]      Holding CALL short — |diff|=99.37 < 111 pts threshold.
2026-09-29 11:00:01,098  [INFO]  [2026-09-29 11:00:00]  ST=BULLISH ▲  BankNifty Close=54010.00  |  PUT SELL entry=₹802.88  LTP=₹734.75  diff=-68.13  |  CALL SELL entry=₹1134.03  LTP=₹1241.95  diff=+107.92
2026-09-29 11:00:01,381  [INFO]      CALL exit check: option_LTP=₹1241.95  Entry=₹1134.03  Diff=+107.92 pts  Threshold=111 pts
2026-09-29 11:00:01,382  [INFO]      Holding CALL short — |diff|=107.92 < 111 pts threshold.
2026-09-29 11:01:01,074  [INFO]  [2026-09-29 11:01:00]  ST=BULLISH ▲  BankNifty Close=54004.80  |  PUT SELL entry=₹802.88  LTP=₹739.50  diff=-63.38  |  CALL SELL entry=₹1134.03  LTP=₹1227.65  diff=+93.62
2026-09-29 11:01:01,390  [INFO]      CALL exit check: option_LTP=₹1227.65  Entry=₹1134.03  Diff=+93.62 pts  Threshold=111 pts
2026-09-29 11:01:01,390  [INFO]      Holding CALL short — |diff|=93.62 < 111 pts threshold.
2026-09-29 11:02:01,093  [INFO]  [2026-09-29 11:02:00]  ST=BULLISH ▲  BankNifty Close=53985.60  |  PUT SELL entry=₹802.88  LTP=₹743.65  diff=-59.23  |  CALL SELL entry=₹1134.03  LTP=₹1223.60  diff=+89.57
2026-09-29 11:02:01,393  [INFO]      CALL exit check: option_LTP=₹1223.60  Entry=₹1134.03  Diff=+89.57 pts  Threshold=111 pts
2026-09-29 11:02:01,394  [INFO]      Holding CALL short — |diff|=89.57 < 111 pts threshold.
2026-09-29 11:03:01,076  [INFO]  [2026-09-29 11:03:00]  ST=BEARISH ▼  BankNifty Close=53950.00  |  PUT SELL entry=₹802.88  LTP=₹752.00  diff=-50.88  |  CALL SELL entry=₹1134.03  LTP=₹1212.00  diff=+77.97
2026-09-29 11:03:01,265  [INFO]      PUT exit check: option_LTP=₹752.00  Entry=₹802.88  Diff=-50.88 pts  Threshold=111 pts
2026-09-29 11:03:01,265  [INFO]      Holding PUT short — |diff|=50.88 < 111 pts threshold.
2026-09-29 11:04:01,066  [INFO]  [2026-09-29 11:04:00]  ST=BEARISH ▼  BankNifty Close=53974.80  |  PUT SELL entry=₹802.88  LTP=₹747.00  diff=-55.88  |  CALL SELL entry=₹1134.03  LTP=₹1222.50  diff=+88.47
2026-09-29 11:04:01,263  [INFO]      PUT exit check: option_LTP=₹747.15  Entry=₹802.88  Diff=-55.73 pts  Threshold=111 pts
2026-09-29 11:04:01,264  [INFO]      Holding PUT short — |diff|=55.73 < 111 pts threshold.
2026-09-29 11:05:01,065  [INFO]  [2026-09-29 11:05:00]  ST=BEARISH ▼  BankNifty Close=53975.00  |  PUT SELL entry=₹802.88  LTP=₹748.80  diff=-54.08  |  CALL SELL entry=₹1134.03  LTP=₹1218.80  diff=+84.77
2026-09-29 11:05:01,268  [INFO]      PUT exit check: option_LTP=₹748.80  Entry=₹802.88  Diff=-54.08 pts  Threshold=111 pts
2026-09-29 11:05:01,268  [INFO]      Holding PUT short — |diff|=54.08 < 111 pts threshold.
2026-09-29 11:06:01,060  [INFO]  [2026-09-29 11:06:00]  ST=BEARISH ▼  BankNifty Close=53961.00  |  PUT SELL entry=₹802.88  LTP=₹754.50  diff=-48.38  |  CALL SELL entry=₹1134.03  LTP=₹1215.75  diff=+81.72
2026-09-29 11:06:01,249  [INFO]      PUT exit check: option_LTP=₹754.50  Entry=₹802.88  Diff=-48.38 pts  Threshold=111 pts
2026-09-29 11:06:01,250  [INFO]      Holding PUT short — |diff|=48.38 < 111 pts threshold.
2026-09-29 11:07:01,080  [INFO]  [2026-09-29 11:07:00]  ST=BEARISH ▼  BankNifty Close=53950.20  |  PUT SELL entry=₹802.88  LTP=₹751.00  diff=-51.88  |  CALL SELL entry=₹1134.03  LTP=₹1222.15  diff=+88.12
2026-09-29 11:07:01,301  [INFO]      PUT exit check: option_LTP=₹751.00  Entry=₹802.88  Diff=-51.88 pts  Threshold=111 pts
2026-09-29 11:07:01,302  [INFO]      Holding PUT short — |diff|=51.88 < 111 pts threshold.
2026-09-29 11:08:01,303  [INFO]  [2026-09-29 11:08:00]  ST=BEARISH ▼  BankNifty Close=53989.40  |  PUT SELL entry=₹802.88  LTP=₹744.55  diff=-58.33  |  CALL SELL entry=₹1134.03  LTP=₹1226.90  diff=+92.87
2026-09-29 11:08:01,558  [INFO]      PUT exit check: option_LTP=₹744.55  Entry=₹802.88  Diff=-58.33 pts  Threshold=111 pts
2026-09-29 11:08:01,559  [INFO]      Holding PUT short — |diff|=58.33 < 111 pts threshold.
2026-09-29 11:09:01,076  [INFO]  [2026-09-29 11:09:00]  ST=BEARISH ▼  BankNifty Close=53989.40  |  PUT SELL entry=₹802.88  LTP=₹750.45  diff=-52.43  |  CALL SELL entry=₹1134.03  LTP=₹1214.20  diff=+80.17
2026-09-29 11:09:01,310  [INFO]      PUT exit check: option_LTP=₹746.20  Entry=₹802.88  Diff=-56.68 pts  Threshold=111 pts
2026-09-29 11:09:01,311  [INFO]      Holding PUT short — |diff|=56.68 < 111 pts threshold.
2026-09-29 11:10:01,114  [INFO]  [2026-09-29 11:10:00]  ST=BULLISH ▲  BankNifty Close=53995.80  |  PUT SELL entry=₹802.88  LTP=₹733.95  diff=-68.93  |  CALL SELL entry=₹1134.03  LTP=₹1240.00  diff=+105.97
2026-09-29 11:10:01,436  [INFO]      CALL exit check: option_LTP=₹1240.40  Entry=₹1134.03  Diff=+106.37 pts  Threshold=111 pts
2026-09-29 11:10:01,437  [INFO]      Holding CALL short — |diff|=106.37 < 111 pts threshold.
2026-09-29 11:11:01,095  [INFO]  [2026-09-29 11:11:00]  ST=BULLISH ▲  BankNifty Close=54075.40  |  PUT SELL entry=₹802.88  LTP=₹712.00  diff=-90.88  |  CALL SELL entry=₹1134.03  LTP=₹1267.55  diff=+133.52
2026-09-29 11:11:01,419  [INFO]      CALL exit check: option_LTP=₹1279.95  Entry=₹1134.03  Diff=+145.92 pts  Threshold=111 pts
2026-09-29 11:11:01,420  [INFO]  SIGNAL  ST BULLISH + |diff|=145.92 >= 111  →  Covering CALL short
2026-09-29 11:11:01,421  [WARNING]  [ST flip BULLISH + threshold] Covering short CALL SELL  entry=₹1134.03  symbol=BANKNIFTY26OCT53900CE
2026-09-29 11:11:01,519  [INFO]  >>> Placing LIMIT BUY (cover) CALL SELL (offset=₹2)  qty=60 x BANKNIFTY26OCT53900CE  @ ₹1281.95
2026-09-29 11:11:01,632  [INFO]      BUY (cover) CALL SELL (offset=₹2) order response (ref=a19ec73e2ddb44c1a1b1) : {'groww_order_id': 'GLTFO260929111102H5CTMRXQZKMB', 'order_status': 'NEW', 'order_reference_id': 'a19ec73e2ddb44c1a1b1', 'remark': None}
2026-09-29 11:11:01,719  [INFO]  BUY (cover) CALL SELL: filled at offset=₹2  avg_fill_price=₹1280.00  status=EXECUTED
2026-09-29 11:11:01,720  [INFO]  [TRADE] CALL SELL EXIT  symbol=BANKNIFTY26OCT53900CE  qty=60  entry=₹1134.03  exit=₹1280.00  time=2026-09-29 11:11:01  held=1:21:59  P&L=₹-8758.20  fill_confirmed=True  order_id=GLTFO260929111102H5CTMRXQZKMB  reason=ST flip BULLISH + threshold
2026-09-29 11:12:01,010  [INFO]  [2026-09-29 11:12:00]  ST=BULLISH ▲  BankNifty Close=54087.20  |  PUT SELL entry=₹802.88  LTP=₹703.40  diff=-99.48  |  CALL: FLAT
2026-09-29 11:13:01,047  [INFO]  [2026-09-29 11:13:00]  ST=BULLISH ▲  BankNifty Close=54130.40  |  PUT SELL entry=₹802.88  LTP=₹676.90  diff=-125.98  |  CALL: FLAT
2026-09-29 11:14:00,981  [INFO]  [2026-09-29 11:14:00]  ST=BULLISH ▲  BankNifty Close=54130.20  |  PUT SELL entry=₹802.88  LTP=₹663.10  diff=-139.78  |  CALL: FLAT
2026-09-29 11:15:01,013  [INFO]  [2026-09-29 11:15:00]  ST=BULLISH ▲  BankNifty Close=54160.00  |  PUT SELL entry=₹802.88  LTP=₹663.50  diff=-139.38  |  CALL: FLAT
2026-09-29 11:16:00,979  [INFO]  [2026-09-29 11:16:00]  ST=BULLISH ▲  BankNifty Close=54183.20  |  PUT SELL entry=₹802.88  LTP=₹664.95  diff=-137.93  |  CALL: FLAT
2026-09-29 11:17:01,080  [INFO]  [2026-09-29 11:17:00]  ST=BULLISH ▲  BankNifty Close=54149.00  |  PUT SELL entry=₹802.88  LTP=₹674.60  diff=-128.28  |  CALL: FLAT
2026-09-29 11:18:01,015  [INFO]  [2026-09-29 11:18:00]  ST=BULLISH ▲  BankNifty Close=54150.20  |  PUT SELL entry=₹802.88  LTP=₹682.75  diff=-120.13  |  CALL: FLAT
2026-09-29 11:19:01,022  [INFO]  [2026-09-29 11:19:00]  ST=BEARISH ▼  BankNifty Close=54125.00  |  PUT SELL entry=₹802.88  LTP=₹689.10  diff=-113.78  |  CALL: FLAT
2026-09-29 11:19:01,421  [INFO]      PUT exit check: option_LTP=₹689.10  Entry=₹802.88  Diff=-113.78 pts  Threshold=111 pts
2026-09-29 11:19:01,421  [INFO]  SIGNAL  ST BEARISH + |diff|=113.78 >= 111  →  Covering PUT short
2026-09-29 11:19:01,422  [WARNING]  [ST flip BEARISH + threshold] Covering short PUT SELL  entry=₹802.88  symbol=BANKNIFTY26OCT53900PE
2026-09-29 11:19:01,526  [INFO]  >>> Placing LIMIT BUY (cover) PUT SELL (offset=₹2)  qty=60 x BANKNIFTY26OCT53900PE  @ ₹691.10
2026-09-29 11:19:01,649  [INFO]      BUY (cover) PUT SELL (offset=₹2) order response (ref=ecc329c3bdaa4999aac5) : {'groww_order_id': 'GLTFO2609291119029EGI85P0SUWS', 'order_status': 'NEW', 'order_reference_id': 'ecc329c3bdaa4999aac5', 'remark': None}
2026-09-29 11:19:01,749  [INFO]  BUY (cover) PUT SELL: filled at offset=₹2  avg_fill_price=₹685.83  status=EXECUTED
2026-09-29 11:19:01,749  [INFO]  [TRADE] PUT SELL EXIT  symbol=BANKNIFTY26OCT53900PE  qty=60  entry=₹802.88  exit=₹685.83  time=2026-09-29 11:19:01  held=1:35:59  P&L=₹7023.00  fill_confirmed=True  order_id=GLTFO2609291119029EGI85P0SUWS  reason=ST flip BEARISH + threshold
2026-09-29 11:19:01,843  [INFO]  SIGNAL  ST → BEARISH  BankNifty LTP=54116.60  ATM strike=54100  →  Selecting CALL (min premium ₹400)
2026-09-29 11:19:02,122  [INFO]  Selected BankNifty monthly expiry: 2026-10-27
2026-09-29 11:19:02,252  [INFO]  Resolved CE instrument: BANKNIFTY26OCT54100CE  strike=54100  expiry=2026-10-27  lot_size=30
2026-09-29 11:19:02,348  [INFO]    ATM CE strike=54100  LTP=₹1191.90  (threshold=₹400.00)
2026-09-29 11:19:02,528  [INFO]  >>> Placing LIMIT SELL CALL (offset=₹2)  qty=60 x BANKNIFTY26OCT54100CE  @ ₹1189.90
2026-09-29 11:19:02,648  [INFO]      SELL CALL (offset=₹2) order response (ref=d37e3dd880e347e19944) : {'groww_order_id': 'GLTFO260929111903O27SXF7CKZB8', 'order_status': 'NEW', 'order_reference_id': 'd37e3dd880e347e19944', 'remark': None}
2026-09-29 11:19:02,742  [INFO]  SELL CALL: filled at offset=₹2  avg_fill_price=₹1192.18  status=EXECUTED
2026-09-29 11:19:02,743  [INFO]  [TRADE] CALL SELL ENTRY  symbol=BANKNIFTY26OCT54100CE  strike_ltp_check=₹1191.90  qty=60  fill=₹1192.18  time=2026-09-29 11:19:02  order_id=GLTFO260929111903O27SXF7CKZB8  reason=ST flip BEARISH
2026-09-29 11:20:00,991  [INFO]  [2026-09-29 11:20:00]  ST=BEARISH ▼  BankNifty Close=54152.20  |  PUT: FLAT  |  CALL SELL entry=₹1192.18  LTP=₹1205.85  diff=+13.67
2026-09-29 11:21:00,993  [INFO]  [2026-09-29 11:21:00]  ST=BEARISH ▼  BankNifty Close=54177.40  |  PUT: FLAT  |  CALL SELL entry=₹1192.18  LTP=₹1222.25  diff=+30.07
2026-09-29 11:22:01,037  [INFO]  [2026-09-29 11:22:00]  ST=BULLISH ▲  BankNifty Close=54189.20  |  PUT: FLAT  |  CALL SELL entry=₹1192.18  LTP=₹1219.00  diff=+26.82
2026-09-29 11:22:01,134  [INFO]  SIGNAL  ST → BULLISH  BankNifty LTP=54177.80  ATM strike=54200  →  Selecting PUT (min premium ₹400)
2026-09-29 11:22:01,251  [INFO]  Selected BankNifty monthly expiry: 2026-10-27
2026-09-29 11:22:01,380  [INFO]  Resolved PE instrument: BANKNIFTY26OCT54200PE  strike=54200  expiry=2026-10-27  lot_size=30
2026-09-29 11:22:01,486  [INFO]    ATM PE strike=54200  LTP=₹788.40  (threshold=₹400.00)
2026-09-29 11:22:01,577  [INFO]  >>> Placing LIMIT SELL PUT (offset=₹2)  qty=60 x BANKNIFTY26OCT54200PE  @ ₹786.40
2026-09-29 11:22:01,705  [INFO]      SELL PUT (offset=₹2) order response (ref=4177936de4e843b0bab7) : {'groww_order_id': 'GLTFO2609291122024DSPB166TF4D', 'order_status': 'NEW', 'order_reference_id': '4177936de4e843b0bab7', 'remark': None}
2026-09-29 11:22:08,440  [INFO]  SELL PUT: order GLTFO2609291122024DSPB166TF4D not filled at offset=₹2 — cancelled, retrying wider.
2026-09-29 11:22:08,713  [INFO]  >>> Placing LIMIT SELL PUT (offset=₹5)  qty=60 x BANKNIFTY26OCT54200PE  @ ₹783.40
2026-09-29 11:22:08,816  [INFO]      SELL PUT (offset=₹5) order response (ref=52b605720efe46b2aa7f) : {'groww_order_id': 'GLTFO260929112209HGF8K2JOQDJC', 'order_status': 'NEW', 'order_reference_id': '52b605720efe46b2aa7f', 'remark': None}
2026-09-29 11:22:15,784  [INFO]  SELL PUT: order GLTFO260929112209HGF8K2JOQDJC not filled at offset=₹5 — cancelled, retrying wider.
2026-09-29 11:22:16,005  [INFO]  >>> Placing LIMIT SELL PUT (offset=₹10)  qty=60 x BANKNIFTY26OCT54200PE  @ ₹767.40
2026-09-29 11:22:16,127  [INFO]      SELL PUT (offset=₹10) order response (ref=51eb0c8065ca426d95b9) : {'groww_order_id': 'GLTFO260929112216GEETT1Z9XII9', 'order_status': 'NEW', 'order_reference_id': '51eb0c8065ca426d95b9', 'remark': None}
2026-09-29 11:22:16,210  [INFO]  SELL PUT: filled at offset=₹10  avg_fill_price=₹773.90  status=EXECUTED
2026-09-29 11:22:16,211  [INFO]  [TRADE] PUT SELL ENTRY  symbol=BANKNIFTY26OCT54200PE  strike_ltp_check=₹788.40  qty=60  fill=₹773.90  time=2026-09-29 11:22:16  order_id=GLTFO260929112216GEETT1Z9XII9  reason=ST flip BULLISH
2026-09-29 11:22:16,601  [INFO]      CALL exit check: option_LTP=₹1212.90  Entry=₹1192.18  Diff=+20.72 pts  Threshold=111 pts
2026-09-29 11:22:16,602  [INFO]      Holding CALL short — |diff|=20.72 < 111 pts threshold.
2026-09-29 11:23:01,126  [INFO]  [2026-09-29 11:23:00]  ST=BULLISH ▲  BankNifty Close=54158.20  |  PUT SELL entry=₹773.90  LTP=₹786.20  diff=+12.30  |  CALL SELL entry=₹1192.18  LTP=₹1204.50  diff=+12.32
2026-09-29 11:23:01,420  [INFO]      CALL exit check: option_LTP=₹1205.35  Entry=₹1192.18  Diff=+13.17 pts  Threshold=111 pts
2026-09-29 11:23:01,422  [INFO]      Holding CALL short — |diff|=13.17 < 111 pts threshold.
2026-09-29 11:24:01,103  [INFO]  [2026-09-29 11:24:00]  ST=BULLISH ▲  BankNifty Close=54162.20  |  PUT SELL entry=₹773.90  LTP=₹783.70  diff=+9.80  |  CALL SELL entry=₹1192.18  LTP=₹1204.35  diff=+12.17
2026-09-29 11:24:01,388  [INFO]      CALL exit check: option_LTP=₹1211.00  Entry=₹1192.18  Diff=+18.82 pts  Threshold=111 pts
2026-09-29 11:24:01,388  [INFO]      Holding CALL short — |diff|=18.82 < 111 pts threshold.
2026-09-29 11:25:01,091  [INFO]  [2026-09-29 11:25:00]  ST=BULLISH ▲  BankNifty Close=54162.60  |  PUT SELL entry=₹773.90  LTP=₹793.20  diff=+19.30  |  CALL SELL entry=₹1192.18  LTP=₹1201.95  diff=+9.77
2026-09-29 11:25:01,364  [INFO]      CALL exit check: option_LTP=₹1200.00  Entry=₹1192.18  Diff=+7.82 pts  Threshold=111 pts
2026-09-29 11:25:01,364  [INFO]      Holding CALL short — |diff|=7.82 < 111 pts threshold.
2026-09-29 11:26:01,096  [INFO]  [2026-09-29 11:26:00]  ST=BULLISH ▲  BankNifty Close=54150.00  |  PUT SELL entry=₹773.90  LTP=₹789.85  diff=+15.95  |  CALL SELL entry=₹1192.18  LTP=₹1204.95  diff=+12.77
2026-09-29 11:26:01,378  [INFO]      CALL exit check: option_LTP=₹1204.95  Entry=₹1192.18  Diff=+12.77 pts  Threshold=111 pts
2026-09-29 11:26:01,378  [INFO]      Holding CALL short — |diff|=12.77 < 111 pts threshold.
2026-09-29 11:27:01,088  [INFO]  [2026-09-29 11:27:00]  ST=BULLISH ▲  BankNifty Close=54150.00  |  PUT SELL entry=₹773.90  LTP=₹788.65  diff=+14.75  |  CALL SELL entry=₹1192.18  LTP=₹1200.00  diff=+7.82
2026-09-29 11:27:01,449  [INFO]      CALL exit check: option_LTP=₹1200.00  Entry=₹1192.18  Diff=+7.82 pts  Threshold=111 pts
2026-09-29 11:27:01,450  [INFO]      Holding CALL short — |diff|=7.82 < 111 pts threshold.
2026-09-29 11:28:01,119  [INFO]  [2026-09-29 11:28:00]  ST=BULLISH ▲  BankNifty Close=54146.40  |  PUT SELL entry=₹773.90  LTP=₹787.05  diff=+13.15  |  CALL SELL entry=₹1192.18  LTP=₹1207.10  diff=+14.92
2026-09-29 11:28:01,420  [INFO]      CALL exit check: option_LTP=₹1207.10  Entry=₹1192.18  Diff=+14.92 pts  Threshold=111 pts
2026-09-29 11:28:01,421  [INFO]      Holding CALL short — |diff|=14.92 < 111 pts threshold.
2026-09-29 11:29:01,102  [INFO]  [2026-09-29 11:29:00]  ST=BULLISH ▲  BankNifty Close=54180.80  |  PUT SELL entry=₹773.90  LTP=₹780.00  diff=+6.10  |  CALL SELL entry=₹1192.18  LTP=₹1225.00  diff=+32.82
2026-09-29 11:29:01,414  [INFO]      CALL exit check: option_LTP=₹1225.00  Entry=₹1192.18  Diff=+32.82 pts  Threshold=111 pts
2026-09-29 11:29:01,415  [INFO]      Holding CALL short — |diff|=32.82 < 111 pts threshold.
2026-09-29 11:30:01,117  [INFO]  [2026-09-29 11:30:00]  ST=BULLISH ▲  BankNifty Close=54180.80  |  PUT SELL entry=₹773.90  LTP=₹768.25  diff=-5.65  |  CALL SELL entry=₹1192.18  LTP=₹1238.80  diff=+46.62
2026-09-29 11:30:01,389  [INFO]      CALL exit check: option_LTP=₹1238.80  Entry=₹1192.18  Diff=+46.62 pts  Threshold=111 pts
2026-09-29 11:30:01,389  [INFO]      Holding CALL short — |diff|=46.62 < 111 pts threshold.
2026-09-29 11:31:01,131  [INFO]  [2026-09-29 11:31:00]  ST=BULLISH ▲  BankNifty Close=54210.00  |  PUT SELL entry=₹773.90  LTP=₹747.40  diff=-26.50  |  CALL SELL entry=₹1192.18  LTP=₹1258.80  diff=+66.62
2026-09-29 11:31:01,405  [INFO]      CALL exit check: option_LTP=₹1258.80  Entry=₹1192.18  Diff=+66.62 pts  Threshold=111 pts
2026-09-29 11:31:01,406  [INFO]      Holding CALL short — |diff|=66.62 < 111 pts threshold.
2026-09-29 11:32:01,170  [INFO]  [2026-09-29 11:32:00]  ST=BULLISH ▲  BankNifty Close=54270.80  |  PUT SELL entry=₹773.90  LTP=₹735.50  diff=-38.40  |  CALL SELL entry=₹1192.18  LTP=₹1279.60  diff=+87.42
2026-09-29 11:32:01,549  [INFO]      CALL exit check: option_LTP=₹1279.60  Entry=₹1192.18  Diff=+87.42 pts  Threshold=111 pts
2026-09-29 11:32:01,549  [INFO]      Holding CALL short — |diff|=87.42 < 111 pts threshold.
2026-09-29 11:33:01,118  [INFO]  [2026-09-29 11:33:00]  ST=BULLISH ▲  BankNifty Close=54274.00  |  PUT SELL entry=₹773.90  LTP=₹739.00  diff=-34.90  |  CALL SELL entry=₹1192.18  LTP=₹1275.00  diff=+82.82
2026-09-29 11:33:01,419  [INFO]      CALL exit check: option_LTP=₹1271.75  Entry=₹1192.18  Diff=+79.57 pts  Threshold=111 pts
2026-09-29 11:33:01,420  [INFO]      Holding CALL short — |diff|=79.57 < 111 pts threshold.
2026-09-29 11:34:01,174  [INFO]  [2026-09-29 11:34:00]  ST=BULLISH ▲  BankNifty Close=54310.00  |  PUT SELL entry=₹773.90  LTP=₹720.45  diff=-53.45  |  CALL SELL entry=₹1192.18  LTP=₹1301.75  diff=+109.57
2026-09-29 11:34:01,470  [INFO]      CALL exit check: option_LTP=₹1302.90  Entry=₹1192.18  Diff=+110.72 pts  Threshold=111 pts
2026-09-29 11:34:01,471  [INFO]      Holding CALL short — |diff|=110.72 < 111 pts threshold.
2026-09-29 11:35:01,112  [INFO]  [2026-09-29 11:35:00]  ST=BULLISH ▲  BankNifty Close=54268.20  |  PUT SELL entry=₹773.90  LTP=₹731.95  diff=-41.95  |  CALL SELL entry=₹1192.18  LTP=₹1289.70  diff=+97.52
2026-09-29 11:35:01,413  [INFO]      CALL exit check: option_LTP=₹1289.70  Entry=₹1192.18  Diff=+97.52 pts  Threshold=111 pts
2026-09-29 11:35:01,413  [INFO]      Holding CALL short — |diff|=97.52 < 111 pts threshold.
2026-09-29 11:36:01,222  [INFO]  [2026-09-29 11:36:00]  ST=BULLISH ▲  BankNifty Close=54280.00  |  PUT SELL entry=₹773.90  LTP=₹732.80  diff=-41.10  |  CALL SELL entry=₹1192.18  LTP=₹1280.75  diff=+88.57
2026-09-29 11:36:01,519  [INFO]      CALL exit check: option_LTP=₹1280.75  Entry=₹1192.18  Diff=+88.57 pts  Threshold=111 pts
2026-09-29 11:36:01,520  [INFO]      Holding CALL short — |diff|=88.57 < 111 pts threshold.
2026-09-29 11:37:01,130  [INFO]  [2026-09-29 11:37:00]  ST=BULLISH ▲  BankNifty Close=54259.60  |  PUT SELL entry=₹773.90  LTP=₹733.80  diff=-40.10  |  CALL SELL entry=₹1192.18  LTP=₹1279.25  diff=+87.07
2026-09-29 11:37:01,485  [INFO]      CALL exit check: option_LTP=₹1279.25  Entry=₹1192.18  Diff=+87.07 pts  Threshold=111 pts
2026-09-29 11:37:01,486  [INFO]      Holding CALL short — |diff|=87.07 < 111 pts threshold.
2026-09-29 11:38:01,168  [INFO]  [2026-09-29 11:38:00]  ST=BULLISH ▲  BankNifty Close=54259.60  |  PUT SELL entry=₹773.90  LTP=₹733.35  diff=-40.55  |  CALL SELL entry=₹1192.18  LTP=₹1280.40  diff=+88.22
2026-09-29 11:38:01,481  [INFO]      CALL exit check: option_LTP=₹1280.40  Entry=₹1192.18  Diff=+88.22 pts  Threshold=111 pts
2026-09-29 11:38:01,482  [INFO]      Holding CALL short — |diff|=88.22 < 111 pts threshold.
2026-09-29 11:39:01,099  [INFO]  [2026-09-29 11:39:00]  ST=BULLISH ▲  BankNifty Close=54250.00  |  PUT SELL entry=₹773.90  LTP=₹747.55  diff=-26.35  |  CALL SELL entry=₹1192.18  LTP=₹1270.60  diff=+78.42
2026-09-29 11:39:01,384  [INFO]      CALL exit check: option_LTP=₹1272.20  Entry=₹1192.18  Diff=+80.02 pts  Threshold=111 pts
2026-09-29 11:39:01,385  [INFO]      Holding CALL short — |diff|=80.02 < 111 pts threshold.
2026-09-29 11:40:01,140  [INFO]  [2026-09-29 11:40:00]  ST=BULLISH ▲  BankNifty Close=54250.00  |  PUT SELL entry=₹773.90  LTP=₹730.00  diff=-43.90  |  CALL SELL entry=₹1192.18  LTP=₹1302.60  diff=+110.42
2026-09-29 11:40:01,457  [INFO]      CALL exit check: option_LTP=₹1302.60  Entry=₹1192.18  Diff=+110.42 pts  Threshold=111 pts
2026-09-29 11:40:01,457  [INFO]      Holding CALL short — |diff|=110.42 < 111 pts threshold.
2026-09-29 11:41:01,114  [INFO]  [2026-09-29 11:41:00]  ST=BULLISH ▲  BankNifty Close=54300.00  |  PUT SELL entry=₹773.90  LTP=₹720.85  diff=-53.05  |  CALL SELL entry=₹1192.18  LTP=₹1304.85  diff=+112.67
2026-09-29 11:41:01,415  [INFO]      CALL exit check: option_LTP=₹1304.85  Entry=₹1192.18  Diff=+112.67 pts  Threshold=111 pts
2026-09-29 11:41:01,416  [INFO]  SIGNAL  ST BULLISH + |diff|=112.67 >= 111  →  Covering CALL short
2026-09-29 11:41:01,417  [WARNING]  [ST flip BULLISH + threshold] Covering short CALL SELL  entry=₹1192.18  symbol=BANKNIFTY26OCT54100CE
2026-09-29 11:41:01,515  [INFO]  >>> Placing LIMIT BUY (cover) CALL SELL (offset=₹2)  qty=60 x BANKNIFTY26OCT54100CE  @ ₹1306.85
2026-09-29 11:41:01,628  [INFO]      BUY (cover) CALL SELL (offset=₹2) order response (ref=31a289c702b4449f8864) : {'groww_order_id': 'GLTFO2609291141026MHOR64HQ3GR', 'order_status': 'NEW', 'order_reference_id': '31a289c702b4449f8864', 'remark': None}
2026-09-29 11:41:01,730  [INFO]  BUY (cover) CALL SELL: filled at offset=₹2  avg_fill_price=₹1304.38  status=EXECUTED
2026-09-29 11:41:01,730  [INFO]  [TRADE] CALL SELL EXIT  symbol=BANKNIFTY26OCT54100CE  qty=60  entry=₹1192.18  exit=₹1304.38  time=2026-09-29 11:41:01  held=0:21:58  P&L=₹-6732.00  fill_confirmed=True  order_id=GLTFO2609291141026MHOR64HQ3GR  reason=ST flip BULLISH + threshold
2026-09-29 11:42:01,010  [INFO]  [2026-09-29 11:42:00]  ST=BULLISH ▲  BankNifty Close=54295.00  |  PUT SELL entry=₹773.90  LTP=₹719.60  diff=-54.30  |  CALL: FLAT
2026-09-29 11:43:01,066  [INFO]  [2026-09-29 11:43:00]  ST=BULLISH ▲  BankNifty Close=54295.00  |  PUT SELL entry=₹773.90  LTP=₹725.50  diff=-48.40  |  CALL: FLAT
2026-09-29 11:44:01,052  [INFO]  [2026-09-29 11:44:00]  ST=BULLISH ▲  BankNifty Close=54251.80  |  PUT SELL entry=₹773.90  LTP=₹736.60  diff=-37.30  |  CALL: FLAT
2026-09-29 11:45:01,041  [INFO]  [2026-09-29 11:45:00]  ST=BULLISH ▲  BankNifty Close=54251.80  |  PUT SELL entry=₹773.90  LTP=₹725.00  diff=-48.90  |  CALL: FLAT
2026-09-29 11:46:01,024  [INFO]  [2026-09-29 11:46:00]  ST=BULLISH ▲  BankNifty Close=54287.00  |  PUT SELL entry=₹773.90  LTP=₹728.30  diff=-45.60  |  CALL: FLAT
2026-09-29 11:47:01,078  [INFO]  [2026-09-29 11:47:00]  ST=BULLISH ▲  BankNifty Close=54287.00  |  PUT SELL entry=₹773.90  LTP=₹728.95  diff=-44.95  |  CALL: FLAT
2026-09-29 11:48:01,039  [INFO]  [2026-09-29 11:48:00]  ST=BULLISH ▲  BankNifty Close=54265.60  |  PUT SELL entry=₹773.90  LTP=₹735.00  diff=-38.90  |  CALL: FLAT
2026-09-29 11:49:01,045  [INFO]  [2026-09-29 11:49:00]  ST=BULLISH ▲  BankNifty Close=54250.60  |  PUT SELL entry=₹773.90  LTP=₹734.10  diff=-39.80  |  CALL: FLAT
2026-09-29 11:50:01,022  [INFO]  [2026-09-29 11:50:00]  ST=BULLISH ▲  BankNifty Close=54279.80  |  PUT SELL entry=₹773.90  LTP=₹731.40  diff=-42.50  |  CALL: FLAT
2026-09-29 11:51:01,058  [INFO]  [2026-09-29 11:51:00]  ST=BULLISH ▲  BankNifty Close=54279.80  |  PUT SELL entry=₹773.90  LTP=₹737.65  diff=-36.25  |  CALL: FLAT
2026-09-29 11:52:01,102  [INFO]  [2026-09-29 11:52:00]  ST=BULLISH ▲  BankNifty Close=54290.00  |  PUT SELL entry=₹773.90  LTP=₹726.65  diff=-47.25  |  CALL: FLAT
2026-09-29 11:53:01,123  [INFO]  [2026-09-29 11:53:00]  ST=BULLISH ▲  BankNifty Close=54290.00  |  PUT SELL entry=₹773.90  LTP=₹725.65  diff=-48.25  |  CALL: FLAT
2026-09-29 11:54:01,095  [INFO]  [2026-09-29 11:54:00]  ST=BULLISH ▲  BankNifty Close=54300.00  |  PUT SELL entry=₹773.90  LTP=₹726.35  diff=-47.55  |  CALL: FLAT
2026-09-29 11:55:01,059  [INFO]  [2026-09-29 11:55:00]  ST=BULLISH ▲  BankNifty Close=54272.40  |  PUT SELL entry=₹773.90  LTP=₹728.55  diff=-45.35  |  CALL: FLAT
2026-09-29 11:56:01,051  [INFO]  [2026-09-29 11:56:00]  ST=BULLISH ▲  BankNifty Close=54272.40  |  PUT SELL entry=₹773.90  LTP=₹712.55  diff=-61.35  |  CALL: FLAT
2026-09-29 11:57:01,051  [INFO]  [2026-09-29 11:57:00]  ST=BULLISH ▲  BankNifty Close=54325.00  |  PUT SELL entry=₹773.90  LTP=₹710.20  diff=-63.70  |  CALL: FLAT
2026-09-29 11:58:01,038  [INFO]  [2026-09-29 11:58:00]  ST=BULLISH ▲  BankNifty Close=54326.80  |  PUT SELL entry=₹773.90  LTP=₹706.60  diff=-67.30  |  CALL: FLAT
2026-09-29 11:59:01,046  [INFO]  [2026-09-29 11:59:00]  ST=BULLISH ▲  BankNifty Close=54325.40  |  PUT SELL entry=₹773.90  LTP=₹706.60  diff=-67.30  |  CALL: FLAT
2026-09-29 12:00:01,017  [INFO]  [2026-09-29 12:00:00]  ST=BULLISH ▲  BankNifty Close=54332.60  |  PUT SELL entry=₹773.90  LTP=₹709.65  diff=-64.25  |  CALL: FLAT
2026-09-29 12:01:01,052  [INFO]  [2026-09-29 12:01:00]  ST=BULLISH ▲  BankNifty Close=54332.60  |  PUT SELL entry=₹773.90  LTP=₹709.75  diff=-64.15  |  CALL: FLAT
2026-09-29 12:02:01,077  [INFO]  [2026-09-29 12:02:00]  ST=BULLISH ▲  BankNifty Close=54355.00  |  PUT SELL entry=₹773.90  LTP=₹693.00  diff=-80.90  |  CALL: FLAT
2026-09-29 12:03:01,100  [INFO]  [2026-09-29 12:03:00]  ST=BULLISH ▲  BankNifty Close=54355.00  |  PUT SELL entry=₹773.90  LTP=₹691.00  diff=-82.90  |  CALL: FLAT
2026-09-29 12:04:01,054  [INFO]  [2026-09-29 12:04:00]  ST=BULLISH ▲  BankNifty Close=54383.60  |  PUT SELL entry=₹773.90  LTP=₹688.30  diff=-85.60  |  CALL: FLAT
2026-09-29 12:05:01,044  [INFO]  [2026-09-29 12:05:00]  ST=BULLISH ▲  BankNifty Close=54398.00  |  PUT SELL entry=₹773.90  LTP=₹681.70  diff=-92.20  |  CALL: FLAT
2026-09-29 12:06:01,034  [INFO]  [2026-09-29 12:06:00]  ST=BULLISH ▲  BankNifty Close=54398.00  |  PUT SELL entry=₹773.90  LTP=₹682.50  diff=-91.40  |  CALL: FLAT
2026-09-29 12:07:01,148  [INFO]  [2026-09-29 12:07:00]  ST=BULLISH ▲  BankNifty Close=54396.00  |  PUT SELL entry=₹773.90  LTP=₹680.00  diff=-93.90  |  CALL: FLAT
2026-09-29 12:08:01,059  [INFO]  [2026-09-29 12:08:00]  ST=BULLISH ▲  BankNifty Close=54380.80  |  PUT SELL entry=₹773.90  LTP=₹678.00  diff=-95.90  |  CALL: FLAT
2026-09-29 12:09:01,074  [INFO]  [2026-09-29 12:09:00]  ST=BULLISH ▲  BankNifty Close=54410.00  |  PUT SELL entry=₹773.90  LTP=₹682.00  diff=-91.90  |  CALL: FLAT
2026-09-29 12:10:01,079  [INFO]  [2026-09-29 12:10:00]  ST=BULLISH ▲  BankNifty Close=54374.00  |  PUT SELL entry=₹773.90  LTP=₹685.75  diff=-88.15  |  CALL: FLAT
2026-09-29 12:11:01,057  [INFO]  [2026-09-29 12:11:00]  ST=BEARISH ▼  BankNifty Close=54370.00  |  PUT SELL entry=₹773.90  LTP=₹687.75  diff=-86.15  |  CALL: FLAT
2026-09-29 12:11:01,278  [INFO]      PUT exit check: option_LTP=₹687.75  Entry=₹773.90  Diff=-86.15 pts  Threshold=111 pts
2026-09-29 12:11:01,278  [INFO]      Holding PUT short — |diff|=86.15 < 111 pts threshold.
2026-09-29 12:11:01,372  [INFO]  SIGNAL  ST → BEARISH  BankNifty LTP=54381.00  ATM strike=54400  →  Selecting CALL (min premium ₹400)
2026-09-29 12:11:01,532  [INFO]  Selected BankNifty monthly expiry: 2026-10-27
2026-09-29 12:11:01,685  [INFO]  Resolved CE instrument: BANKNIFTY26OCT54400CE  strike=54400  expiry=2026-10-27  lot_size=30
2026-09-29 12:11:01,781  [INFO]    ATM CE strike=54400  LTP=₹1162.45  (threshold=₹400.00)
2026-09-29 12:11:01,870  [INFO]  >>> Placing LIMIT SELL CALL (offset=₹2)  qty=60 x BANKNIFTY26OCT54400CE  @ ₹1160.45
2026-09-29 12:11:01,978  [INFO]      SELL CALL (offset=₹2) order response (ref=ba987733c5bb421eb14a) : {'groww_order_id': 'GLTFO260929121102LHIE9F6IE7BD', 'order_status': 'NEW', 'order_reference_id': 'ba987733c5bb421eb14a', 'remark': None}
2026-09-29 12:11:08,850  [INFO]  SELL CALL: order GLTFO260929121102LHIE9F6IE7BD not filled at offset=₹2 — cancelled, retrying wider.
2026-09-29 12:11:08,952  [WARNING]  SELL CALL: order GLTFO260929121102LHIE9F6IE7BD actually FILLED right at cancel time (avg_fill_price=₹1160.45) — using this fill instead of escalating to a new order.
2026-09-29 12:11:08,953  [INFO]  [TRADE] CALL SELL ENTRY  symbol=BANKNIFTY26OCT54400CE  strike_ltp_check=₹1162.45  qty=60  fill=₹1160.45  time=2026-09-29 12:11:08  order_id=GLTFO260929121102LHIE9F6IE7BD  reason=ST flip BEARISH
2026-09-29 12:12:01,159  [INFO]  [2026-09-29 12:12:00]  ST=BEARISH ▼  BankNifty Close=54356.00  |  PUT SELL entry=₹773.90  LTP=₹693.15  diff=-80.75  |  CALL SELL entry=₹1160.45  LTP=₹1160.45  diff=+0.00
2026-09-29 12:12:01,348  [INFO]      PUT exit check: option_LTP=₹693.15  Entry=₹773.90  Diff=-80.75 pts  Threshold=111 pts
2026-09-29 12:12:01,348  [INFO]      Holding PUT short — |diff|=80.75 < 111 pts threshold.
2026-09-29 12:13:01,203  [INFO]  [2026-09-29 12:13:00]  ST=BEARISH ▼  BankNifty Close=54356.00  |  PUT SELL entry=₹773.90  LTP=₹691.15  diff=-82.75  |  CALL SELL entry=₹1160.45  LTP=₹1149.95  diff=-10.50
2026-09-29 12:13:01,405  [INFO]      PUT exit check: option_LTP=₹698.40  Entry=₹773.90  Diff=-75.50 pts  Threshold=111 pts
2026-09-29 12:13:01,406  [INFO]      Holding PUT short — |diff|=75.50 < 111 pts threshold.
2026-09-29 12:14:01,172  [INFO]  [2026-09-29 12:14:00]  ST=BEARISH ▼  BankNifty Close=54370.00  |  PUT SELL entry=₹773.90  LTP=₹691.15  diff=-82.75  |  CALL SELL entry=₹1160.45  LTP=₹1160.00  diff=-0.45
2026-09-29 12:14:01,443  [INFO]      PUT exit check: option_LTP=₹691.15  Entry=₹773.90  Diff=-82.75 pts  Threshold=111 pts
2026-09-29 12:14:01,444  [INFO]      Holding PUT short — |diff|=82.75 < 111 pts threshold.
2026-09-29 12:15:01,149  [INFO]  [2026-09-29 12:15:00]  ST=BEARISH ▼  BankNifty Close=54366.80  |  PUT SELL entry=₹773.90  LTP=₹686.00  diff=-87.90  |  CALL SELL entry=₹1160.45  LTP=₹1164.75  diff=+4.30
2026-09-29 12:15:01,376  [INFO]      PUT exit check: option_LTP=₹686.00  Entry=₹773.90  Diff=-87.90 pts  Threshold=111 pts
2026-09-29 12:15:01,376  [INFO]      Holding PUT short — |diff|=87.90 < 111 pts threshold.
2026-09-29 12:16:01,153  [INFO]  [2026-09-29 12:16:00]  ST=BEARISH ▼  BankNifty Close=54363.00  |  PUT SELL entry=₹773.90  LTP=₹682.60  diff=-91.30  |  CALL SELL entry=₹1160.45  LTP=₹1169.15  diff=+8.70
2026-09-29 12:16:01,337  [INFO]      PUT exit check: option_LTP=₹682.60  Entry=₹773.90  Diff=-91.30 pts  Threshold=111 pts
2026-09-29 12:16:01,338  [INFO]      Holding PUT short — |diff|=91.30 < 111 pts threshold.
2026-09-29 12:17:01,186  [INFO]  [2026-09-29 12:17:00]  ST=BULLISH ▲  BankNifty Close=54400.00  |  PUT SELL entry=₹773.90  LTP=₹680.00  diff=-93.90  |  CALL SELL entry=₹1160.45  LTP=₹1182.90  diff=+22.45
2026-09-29 12:17:01,469  [INFO]      CALL exit check: option_LTP=₹1182.90  Entry=₹1160.45  Diff=+22.45 pts  Threshold=111 pts
2026-09-29 12:17:01,470  [INFO]      Holding CALL short — |diff|=22.45 < 111 pts threshold.
2026-09-29 12:18:01,164  [INFO]  [2026-09-29 12:18:00]  ST=BULLISH ▲  BankNifty Close=54389.20  |  PUT SELL entry=₹773.90  LTP=₹677.55  diff=-96.35  |  CALL SELL entry=₹1160.45  LTP=₹1169.75  diff=+9.30
2026-09-29 12:18:01,490  [INFO]      CALL exit check: option_LTP=₹1169.95  Entry=₹1160.45  Diff=+9.50 pts  Threshold=111 pts
2026-09-29 12:18:01,490  [INFO]      Holding CALL short — |diff|=9.50 < 111 pts threshold.
2026-09-29 12:19:01,171  [INFO]  [2026-09-29 12:19:00]  ST=BULLISH ▲  BankNifty Close=54370.00  |  PUT SELL entry=₹773.90  LTP=₹686.55  diff=-87.35  |  CALL SELL entry=₹1160.45  LTP=₹1174.70  diff=+14.25
2026-09-29 12:19:01,470  [INFO]      CALL exit check: option_LTP=₹1174.70  Entry=₹1160.45  Diff=+14.25 pts  Threshold=111 pts
2026-09-29 12:19:01,471  [INFO]      Holding CALL short — |diff|=14.25 < 111 pts threshold.
2026-09-29 12:20:01,208  [INFO]  [2026-09-29 12:20:00]  ST=BULLISH ▲  BankNifty Close=54355.60  |  PUT SELL entry=₹773.90  LTP=₹694.35  diff=-79.55  |  CALL SELL entry=₹1160.45  LTP=₹1154.30  diff=-6.15
2026-09-29 12:20:01,531  [INFO]      CALL exit check: option_LTP=₹1154.30  Entry=₹1160.45  Diff=-6.15 pts  Threshold=111 pts
2026-09-29 12:20:01,531  [INFO]      Holding CALL short — |diff|=6.15 < 111 pts threshold.
2026-09-29 12:21:01,205  [INFO]  [2026-09-29 12:21:00]  ST=BULLISH ▲  BankNifty Close=54355.80  |  PUT SELL entry=₹773.90  LTP=₹701.50  diff=-72.40  |  CALL SELL entry=₹1160.45  LTP=₹1140.55  diff=-19.90
2026-09-29 12:21:01,590  [INFO]      CALL exit check: option_LTP=₹1140.55  Entry=₹1160.45  Diff=-19.90 pts  Threshold=111 pts
2026-09-29 12:21:01,634  [INFO]      Holding CALL short — |diff|=19.90 < 111 pts threshold.
2026-09-29 12:22:01,172  [INFO]  [2026-09-29 12:22:00]  ST=BEARISH ▼  BankNifty Close=54340.20  |  PUT SELL entry=₹773.90  LTP=₹701.40  diff=-72.50  |  CALL SELL entry=₹1160.45  LTP=₹1134.85  diff=-25.60
2026-09-29 12:22:01,373  [INFO]      PUT exit check: option_LTP=₹701.40  Entry=₹773.90  Diff=-72.50 pts  Threshold=111 pts
2026-09-29 12:22:01,373  [INFO]      Holding PUT short — |diff|=72.50 < 111 pts threshold.
2026-09-29 12:23:01,157  [INFO]  [2026-09-29 12:23:00]  ST=BEARISH ▼  BankNifty Close=54340.20  |  PUT SELL entry=₹773.90  LTP=₹711.90  diff=-62.00  |  CALL SELL entry=₹1160.45  LTP=₹1122.40  diff=-38.05
2026-09-29 12:23:01,376  [INFO]      PUT exit check: option_LTP=₹711.90  Entry=₹773.90  Diff=-62.00 pts  Threshold=111 pts
2026-09-29 12:23:01,376  [INFO]      Holding PUT short — |diff|=62.00 < 111 pts threshold.
2026-09-29 12:24:01,165  [INFO]  [2026-09-29 12:24:00]  ST=BEARISH ▼  BankNifty Close=54308.00  |  PUT SELL entry=₹773.90  LTP=₹709.00  diff=-64.90  |  CALL SELL entry=₹1160.45  LTP=₹1125.95  diff=-34.50
2026-09-29 12:24:01,357  [INFO]      PUT exit check: option_LTP=₹709.00  Entry=₹773.90  Diff=-64.90 pts  Threshold=111 pts
2026-09-29 12:24:01,358  [INFO]      Holding PUT short — |diff|=64.90 < 111 pts threshold.
2026-09-29 12:25:01,200  [INFO]  [2026-09-29 12:25:00]  ST=BEARISH ▼  BankNifty Close=54298.80  |  PUT SELL entry=₹773.90  LTP=₹712.75  diff=-61.15  |  CALL SELL entry=₹1160.45  LTP=₹1118.50  diff=-41.95
2026-09-29 12:25:01,393  [INFO]      PUT exit check: option_LTP=₹710.25  Entry=₹773.90  Diff=-63.65 pts  Threshold=111 pts
2026-09-29 12:25:01,394  [INFO]      Holding PUT short — |diff|=63.65 < 111 pts threshold.
2026-09-29 12:26:01,171  [INFO]  [2026-09-29 12:26:00]  ST=BEARISH ▼  BankNifty Close=54296.60  |  PUT SELL entry=₹773.90  LTP=₹721.00  diff=-52.90  |  CALL SELL entry=₹1160.45  LTP=₹1108.65  diff=-51.80
2026-09-29 12:26:01,388  [INFO]      PUT exit check: option_LTP=₹717.90  Entry=₹773.90  Diff=-56.00 pts  Threshold=111 pts
2026-09-29 12:26:01,388  [INFO]      Holding PUT short — |diff|=56.00 < 111 pts threshold.
2026-09-29 12:27:01,233  [INFO]  [2026-09-29 12:27:00]  ST=BEARISH ▼  BankNifty Close=54296.60  |  PUT SELL entry=₹773.90  LTP=₹728.00  diff=-45.90  |  CALL SELL entry=₹1160.45  LTP=₹1093.25  diff=-67.20
2026-09-29 12:27:01,421  [INFO]      PUT exit check: option_LTP=₹728.00  Entry=₹773.90  Diff=-45.90 pts  Threshold=111 pts
2026-09-29 12:27:01,422  [INFO]      Holding PUT short — |diff|=45.90 < 111 pts threshold.
2026-09-29 12:28:01,227  [INFO]  [2026-09-29 12:28:00]  ST=BEARISH ▼  BankNifty Close=54264.60  |  PUT SELL entry=₹773.90  LTP=₹744.00  diff=-29.90  |  CALL SELL entry=₹1160.45  LTP=₹1070.40  diff=-90.05
2026-09-29 12:28:01,420  [INFO]      PUT exit check: option_LTP=₹742.00  Entry=₹773.90  Diff=-31.90 pts  Threshold=111 pts
2026-09-29 12:28:01,420  [INFO]      Holding PUT short — |diff|=31.90 < 111 pts threshold.
2026-09-29 12:29:01,164  [INFO]  [2026-09-29 12:29:00]  ST=BEARISH ▼  BankNifty Close=54209.40  |  PUT SELL entry=₹773.90  LTP=₹758.75  diff=-15.15  |  CALL SELL entry=₹1160.45  LTP=₹1058.15  diff=-102.30
2026-09-29 12:29:01,365  [INFO]      PUT exit check: option_LTP=₹756.15  Entry=₹773.90  Diff=-17.75 pts  Threshold=111 pts
2026-09-29 12:29:01,366  [INFO]      Holding PUT short — |diff|=17.75 < 111 pts threshold.
2026-09-29 12:30:01,215  [INFO]  [2026-09-29 12:30:00]  ST=BEARISH ▼  BankNifty Close=54200.00  |  PUT SELL entry=₹773.90  LTP=₹755.00  diff=-18.90  |  CALL SELL entry=₹1160.45  LTP=₹1060.85  diff=-99.60
2026-09-29 12:30:01,862  [INFO]      PUT exit check: option_LTP=₹755.00  Entry=₹773.90  Diff=-18.90 pts  Threshold=111 pts
2026-09-29 12:30:01,863  [INFO]      Holding PUT short — |diff|=18.90 < 111 pts threshold.
2026-09-29 12:31:01,191  [INFO]  [2026-09-29 12:31:00]  ST=BEARISH ▼  BankNifty Close=54150.00  |  PUT SELL entry=₹773.90  LTP=₹773.25  diff=-0.65  |  CALL SELL entry=₹1160.45  LTP=₹1030.60  diff=-129.85
2026-09-29 12:31:01,416  [INFO]      PUT exit check: option_LTP=₹773.25  Entry=₹773.90  Diff=-0.65 pts  Threshold=111 pts
2026-09-29 12:31:01,416  [INFO]      Holding PUT short — |diff|=0.65 < 111 pts threshold.
2026-09-29 12:32:01,221  [INFO]  [2026-09-29 12:32:00]  ST=BEARISH ▼  BankNifty Close=54130.00  |  PUT SELL entry=₹773.90  LTP=₹788.40  diff=+14.50  |  CALL SELL entry=₹1160.45  LTP=₹1015.00  diff=-145.45
2026-09-29 12:32:01,441  [INFO]      PUT exit check: option_LTP=₹788.40  Entry=₹773.90  Diff=+14.50 pts  Threshold=111 pts
2026-09-29 12:32:01,442  [INFO]      Holding PUT short — |diff|=14.50 < 111 pts threshold.
2026-09-29 12:33:01,268  [INFO]  [2026-09-29 12:33:00]  ST=BEARISH ▼  BankNifty Close=54060.00  |  PUT SELL entry=₹773.90  LTP=₹811.65  diff=+37.75  |  CALL SELL entry=₹1160.45  LTP=₹997.40  diff=-163.05
2026-09-29 12:33:01,514  [INFO]      PUT exit check: option_LTP=₹810.00  Entry=₹773.90  Diff=+36.10 pts  Threshold=111 pts
2026-09-29 12:33:01,515  [INFO]      Holding PUT short — |diff|=36.10 < 111 pts threshold.
2026-09-29 12:34:01,231  [INFO]  [2026-09-29 12:34:00]  ST=BEARISH ▼  BankNifty Close=54058.40  |  PUT SELL entry=₹773.90  LTP=₹799.60  diff=+25.70  |  CALL SELL entry=₹1160.45  LTP=₹1002.10  diff=-158.35
2026-09-29 12:34:01,449  [INFO]      PUT exit check: option_LTP=₹807.00  Entry=₹773.90  Diff=+33.10 pts  Threshold=111 pts
2026-09-29 12:34:01,449  [INFO]      Holding PUT short — |diff|=33.10 < 111 pts threshold.
2026-09-29 12:35:01,198  [INFO]  [2026-09-29 12:35:00]  ST=BEARISH ▼  BankNifty Close=54050.00  |  PUT SELL entry=₹773.90  LTP=₹800.00  diff=+26.10  |  CALL SELL entry=₹1160.45  LTP=₹1002.45  diff=-158.00
2026-09-29 12:35:01,395  [INFO]      PUT exit check: option_LTP=₹797.35  Entry=₹773.90  Diff=+23.45 pts  Threshold=111 pts
2026-09-29 12:35:01,395  [INFO]      Holding PUT short — |diff|=23.45 < 111 pts threshold.
2026-09-29 12:36:01,219  [INFO]  [2026-09-29 12:36:00]  ST=BEARISH ▼  BankNifty Close=54056.20  |  PUT SELL entry=₹773.90  LTP=₹791.00  diff=+17.10  |  CALL SELL entry=₹1160.45  LTP=₹1023.65  diff=-136.80
2026-09-29 12:36:01,437  [INFO]      PUT exit check: option_LTP=₹791.00  Entry=₹773.90  Diff=+17.10 pts  Threshold=111 pts
2026-09-29 12:36:01,438  [INFO]      Holding PUT short — |diff|=17.10 < 111 pts threshold.
2026-09-29 12:37:01,238  [INFO]  [2026-09-29 12:37:00]  ST=BULLISH ▲  BankNifty Close=54131.00  |  PUT SELL entry=₹773.90  LTP=₹778.05  diff=+4.15  |  CALL SELL entry=₹1160.45  LTP=₹1039.35  diff=-121.10
2026-09-29 12:37:01,535  [INFO]      CALL exit check: option_LTP=₹1039.35  Entry=₹1160.45  Diff=-121.10 pts  Threshold=111 pts
2026-09-29 12:37:01,536  [INFO]  SIGNAL  ST BULLISH + |diff|=121.10 >= 111  →  Covering CALL short
2026-09-29 12:37:01,536  [WARNING]  [ST flip BULLISH + threshold] Covering short CALL SELL  entry=₹1160.45  symbol=BANKNIFTY26OCT54400CE
2026-09-29 12:37:01,647  [INFO]  >>> Placing LIMIT BUY (cover) CALL SELL (offset=₹2)  qty=60 x BANKNIFTY26OCT54400CE  @ ₹1041.35
2026-09-29 12:37:01,752  [INFO]      BUY (cover) CALL SELL (offset=₹2) order response (ref=7fa81292f75249f294f8) : {'groww_order_id': 'GLTFO260929123702FYPSJBETV5C3', 'order_status': 'NEW', 'order_reference_id': '7fa81292f75249f294f8', 'remark': None}
2026-09-29 12:37:01,841  [INFO]  BUY (cover) CALL SELL: filled at offset=₹2  avg_fill_price=₹1041.30  status=EXECUTED
2026-09-29 12:37:01,842  [INFO]  [TRADE] CALL SELL EXIT  symbol=BANKNIFTY26OCT54400CE  qty=60  entry=₹1160.45  exit=₹1041.30  time=2026-09-29 12:37:01  held=0:25:52  P&L=₹7149.00  fill_confirmed=True  order_id=GLTFO260929123702FYPSJBETV5C3  reason=ST flip BULLISH + threshold
2026-09-29 12:38:01,149  [INFO]  [2026-09-29 12:38:00]  ST=BULLISH ▲  BankNifty Close=54100.20  |  PUT SELL entry=₹773.90  LTP=₹795.30  diff=+21.40  |  CALL: FLAT
2026-09-29 12:39:01,123  [INFO]  [2026-09-29 12:39:00]  ST=BULLISH ▲  BankNifty Close=54100.20  |  PUT SELL entry=₹773.90  LTP=₹791.60  diff=+17.70  |  CALL: FLAT
2026-09-29 12:40:01,091  [INFO]  [2026-09-29 12:40:00]  ST=BULLISH ▲  BankNifty Close=54154.60  |  PUT SELL entry=₹773.90  LTP=₹766.05  diff=-7.85  |  CALL: FLAT
2026-09-29 12:41:01,116  [INFO]  [2026-09-29 12:41:00]  ST=BULLISH ▲  BankNifty Close=54178.20  |  PUT SELL entry=₹773.90  LTP=₹758.00  diff=-15.90  |  CALL: FLAT
2026-09-29 12:42:01,101  [INFO]  [2026-09-29 12:42:00]  ST=BULLISH ▲  BankNifty Close=54218.80  |  PUT SELL entry=₹773.90  LTP=₹734.00  diff=-39.90  |  CALL: FLAT
2026-09-29 12:43:01,111  [INFO]  [2026-09-29 12:43:00]  ST=BULLISH ▲  BankNifty Close=54205.00  |  PUT SELL entry=₹773.90  LTP=₹743.00  diff=-30.90  |  CALL: FLAT
2026-09-29 12:44:01,168  [INFO]  [2026-09-29 12:44:00]  ST=BULLISH ▲  BankNifty Close=54171.00  |  PUT SELL entry=₹773.90  LTP=₹749.10  diff=-24.80  |  CALL: FLAT
2026-09-29 12:45:01,131  [INFO]  [2026-09-29 12:45:00]  ST=BEARISH ▼  BankNifty Close=54124.00  |  PUT SELL entry=₹773.90  LTP=₹766.05  diff=-7.85  |  CALL: FLAT
2026-09-29 12:45:01,321  [INFO]      PUT exit check: option_LTP=₹766.05  Entry=₹773.90  Diff=-7.85 pts  Threshold=111 pts
2026-09-29 12:45:01,321  [INFO]      Holding PUT short — |diff|=7.85 < 111 pts threshold.
2026-09-29 12:45:01,467  [INFO]  SIGNAL  ST → BEARISH  BankNifty LTP=54124.00  ATM strike=54100  →  Selecting CALL (min premium ₹400)
2026-09-29 12:45:01,609  [INFO]  Selected BankNifty monthly expiry: 2026-10-27
2026-09-29 12:45:01,735  [INFO]  Resolved CE instrument: BANKNIFTY26OCT54100CE  strike=54100  expiry=2026-10-27  lot_size=30
2026-09-29 12:45:01,830  [INFO]    ATM CE strike=54100  LTP=₹1223.00  (threshold=₹400.00)
2026-09-29 12:45:01,923  [INFO]  >>> Placing LIMIT SELL CALL (offset=₹2)  qty=60 x BANKNIFTY26OCT54100CE  @ ₹1221.00
2026-09-29 12:45:02,042  [INFO]      SELL CALL (offset=₹2) order response (ref=59887fd42f2343409922) : {'groww_order_id': 'GLTFO260929124502RH7DW2ZI5XVE', 'order_status': 'NEW', 'order_reference_id': '59887fd42f2343409922', 'remark': None}
2026-09-29 12:45:02,132  [INFO]  SELL CALL: filled at offset=₹2  avg_fill_price=₹1221.00  status=EXECUTED
2026-09-29 12:45:02,132  [INFO]  [TRADE] CALL SELL ENTRY  symbol=BANKNIFTY26OCT54100CE  strike_ltp_check=₹1223.00  qty=60  fill=₹1221.00  time=2026-09-29 12:45:02  order_id=GLTFO260929124502RH7DW2ZI5XVE  reason=ST flip BEARISH
2026-09-29 12:46:01,196  [INFO]  [2026-09-29 12:46:00]  ST=BEARISH ▼  BankNifty Close=54138.20  |  PUT SELL entry=₹773.90  LTP=₹766.65  diff=-7.25  |  CALL SELL entry=₹1221.00  LTP=₹1230.55  diff=+9.55
2026-09-29 12:46:01,392  [INFO]      PUT exit check: option_LTP=₹762.95  Entry=₹773.90  Diff=-10.95 pts  Threshold=111 pts
2026-09-29 12:46:01,392  [INFO]      Holding PUT short — |diff|=10.95 < 111 pts threshold.
2026-09-29 12:47:01,298  [INFO]  [2026-09-29 12:47:00]  ST=BEARISH ▼  BankNifty Close=54151.40  |  PUT SELL entry=₹773.90  LTP=₹774.75  diff=+0.85  |  CALL SELL entry=₹1221.00  LTP=₹1225.00  diff=+4.00
2026-09-29 12:47:01,518  [INFO]      PUT exit check: option_LTP=₹773.80  Entry=₹773.90  Diff=-0.10 pts  Threshold=111 pts
2026-09-29 12:47:01,518  [INFO]      Holding PUT short — |diff|=0.10 < 111 pts threshold.
2026-09-29 12:48:01,249  [INFO]  [2026-09-29 12:48:00]  ST=BEARISH ▼  BankNifty Close=54146.80  |  PUT SELL entry=₹773.90  LTP=₹759.40  diff=-14.50  |  CALL SELL entry=₹1221.00  LTP=₹1253.75  diff=+32.75
2026-09-29 12:48:01,448  [INFO]      PUT exit check: option_LTP=₹759.40  Entry=₹773.90  Diff=-14.50 pts  Threshold=111 pts
2026-09-29 12:48:01,449  [INFO]      Holding PUT short — |diff|=14.50 < 111 pts threshold.
2026-09-29 12:49:01,240  [INFO]  [2026-09-29 12:49:00]  ST=BEARISH ▼  BankNifty Close=54188.60  |  PUT SELL entry=₹773.90  LTP=₹745.80  diff=-28.10  |  CALL SELL entry=₹1221.00  LTP=₹1256.70  diff=+35.70
2026-09-29 12:49:01,457  [INFO]      PUT exit check: option_LTP=₹745.80  Entry=₹773.90  Diff=-28.10 pts  Threshold=111 pts
2026-09-29 12:49:01,457  [INFO]      Holding PUT short — |diff|=28.10 < 111 pts threshold.
2026-09-29 12:50:01,214  [INFO]  [2026-09-29 12:50:00]  ST=BEARISH ▼  BankNifty Close=54179.80  |  PUT SELL entry=₹773.90  LTP=₹745.85  diff=-28.05  |  CALL SELL entry=₹1221.00  LTP=₹1254.10  diff=+33.10
2026-09-29 12:50:01,476  [INFO]      PUT exit check: option_LTP=₹745.85  Entry=₹773.90  Diff=-28.05 pts  Threshold=111 pts
2026-09-29 12:50:01,477  [INFO]      Holding PUT short — |diff|=28.05 < 111 pts threshold.
2026-09-29 12:51:01,181  [INFO]  [2026-09-29 12:51:00]  ST=BEARISH ▼  BankNifty Close=54175.20  |  PUT SELL entry=₹773.90  LTP=₹748.10  diff=-25.80  |  CALL SELL entry=₹1221.00  LTP=₹1257.50  diff=+36.50
2026-09-29 12:51:01,363  [INFO]      PUT exit check: option_LTP=₹748.10  Entry=₹773.90  Diff=-25.80 pts  Threshold=111 pts
2026-09-29 12:51:01,363  [INFO]      Holding PUT short — |diff|=25.80 < 111 pts threshold.
2026-09-29 12:52:01,267  [INFO]  [2026-09-29 12:52:00]  ST=BEARISH ▼  BankNifty Close=54199.00  |  PUT SELL entry=₹773.90  LTP=₹749.85  diff=-24.05  |  CALL SELL entry=₹1221.00  LTP=₹1255.25  diff=+34.25
2026-09-29 12:52:01,454  [INFO]      PUT exit check: option_LTP=₹749.85  Entry=₹773.90  Diff=-24.05 pts  Threshold=111 pts
2026-09-29 12:52:01,454  [INFO]      Holding PUT short — |diff|=24.05 < 111 pts threshold.
2026-09-29 12:53:01,291  [INFO]  [2026-09-29 12:53:00]  ST=BEARISH ▼  BankNifty Close=54199.20  |  PUT SELL entry=₹773.90  LTP=₹742.00  diff=-31.90  |  CALL SELL entry=₹1221.00  LTP=₹1275.50  diff=+54.50
2026-09-29 12:53:01,500  [INFO]      PUT exit check: option_LTP=₹742.00  Entry=₹773.90  Diff=-31.90 pts  Threshold=111 pts
2026-09-29 12:53:01,501  [INFO]      Holding PUT short — |diff|=31.90 < 111 pts threshold.
2026-09-29 12:54:01,229  [INFO]  [2026-09-29 12:54:00]  ST=BULLISH ▲  BankNifty Close=54237.40  |  PUT SELL entry=₹773.90  LTP=₹740.85  diff=-33.05  |  CALL SELL entry=₹1221.00  LTP=₹1280.00  diff=+59.00
2026-09-29 12:54:01,563  [INFO]      CALL exit check: option_LTP=₹1279.85  Entry=₹1221.00  Diff=+58.85 pts  Threshold=111 pts
2026-09-29 12:54:01,563  [INFO]      Holding CALL short — |diff|=58.85 < 111 pts threshold.
2026-09-29 12:55:01,262  [INFO]  [2026-09-29 12:55:00]  ST=BULLISH ▲  BankNifty Close=54237.40  |  PUT SELL entry=₹773.90  LTP=₹735.90  diff=-38.00  |  CALL SELL entry=₹1221.00  LTP=₹1282.20  diff=+61.20
2026-09-29 12:55:01,564  [INFO]      CALL exit check: option_LTP=₹1282.20  Entry=₹1221.00  Diff=+61.20 pts  Threshold=111 pts
2026-09-29 12:55:01,565  [INFO]      Holding CALL short — |diff|=61.20 < 111 pts threshold.
2026-09-29 12:56:01,261  [INFO]  [2026-09-29 12:56:00]  ST=BULLISH ▲  BankNifty Close=54224.00  |  PUT SELL entry=₹773.90  LTP=₹730.95  diff=-42.95  |  CALL SELL entry=₹1221.00  LTP=₹1284.50  diff=+63.50
2026-09-29 12:56:01,555  [INFO]      CALL exit check: option_LTP=₹1288.10  Entry=₹1221.00  Diff=+67.10 pts  Threshold=111 pts
2026-09-29 12:56:01,555  [INFO]      Holding CALL short — |diff|=67.10 < 111 pts threshold.
2026-09-29 12:57:01,218  [INFO]  [2026-09-29 12:57:00]  ST=BULLISH ▲  BankNifty Close=54289.40  |  PUT SELL entry=₹773.90  LTP=₹718.45  diff=-55.45  |  CALL SELL entry=₹1221.00  LTP=₹1296.80  diff=+75.80
2026-09-29 12:57:01,506  [INFO]      CALL exit check: option_LTP=₹1296.80  Entry=₹1221.00  Diff=+75.80 pts  Threshold=111 pts
2026-09-29 12:57:01,506  [INFO]      Holding CALL short — |diff|=75.80 < 111 pts threshold.
2026-09-29 12:58:01,241  [INFO]  [2026-09-29 12:58:00]  ST=BULLISH ▲  BankNifty Close=54311.20  |  PUT SELL entry=₹773.90  LTP=₹710.00  diff=-63.90  |  CALL SELL entry=₹1221.00  LTP=₹1322.70  diff=+101.70
2026-09-29 12:58:01,555  [INFO]      CALL exit check: option_LTP=₹1322.70  Entry=₹1221.00  Diff=+101.70 pts  Threshold=111 pts
2026-09-29 12:58:01,556  [INFO]      Holding CALL short — |diff|=101.70 < 111 pts threshold.
2026-09-29 12:59:01,217  [INFO]  [2026-09-29 12:59:00]  ST=BULLISH ▲  BankNifty Close=54305.00  |  PUT SELL entry=₹773.90  LTP=₹718.60  diff=-55.30  |  CALL SELL entry=₹1221.00  LTP=₹1301.90  diff=+80.90
2026-09-29 12:59:01,515  [INFO]      CALL exit check: option_LTP=₹1301.90  Entry=₹1221.00  Diff=+80.90 pts  Threshold=111 pts
2026-09-29 12:59:01,515  [INFO]      Holding CALL short — |diff|=80.90 < 111 pts threshold.
2026-09-29 13:00:01,285  [INFO]  [2026-09-29 13:00:00]  ST=BULLISH ▲  BankNifty Close=54280.00  |  PUT SELL entry=₹773.90  LTP=₹716.95  diff=-56.95  |  CALL SELL entry=₹1221.00  LTP=₹1304.70  diff=+83.70
2026-09-29 13:00:01,653  [INFO]      CALL exit check: option_LTP=₹1304.70  Entry=₹1221.00  Diff=+83.70 pts  Threshold=111 pts
2026-09-29 13:00:01,654  [INFO]      Holding CALL short — |diff|=83.70 < 111 pts threshold.
2026-09-29 13:01:01,245  [INFO]  [2026-09-29 13:01:00]  ST=BULLISH ▲  BankNifty Close=54287.20  |  PUT SELL entry=₹773.90  LTP=₹719.15  diff=-54.75  |  CALL SELL entry=₹1221.00  LTP=₹1315.50  diff=+94.50
2026-09-29 13:01:01,534  [INFO]      CALL exit check: option_LTP=₹1315.50  Entry=₹1221.00  Diff=+94.50 pts  Threshold=111 pts
2026-09-29 13:01:01,535  [INFO]      Holding CALL short — |diff|=94.50 < 111 pts threshold.
2026-09-29 13:02:01,265  [INFO]  [2026-09-29 13:02:00]  ST=BULLISH ▲  BankNifty Close=54288.00  |  PUT SELL entry=₹773.90  LTP=₹724.85  diff=-49.05  |  CALL SELL entry=₹1221.00  LTP=₹1289.50  diff=+68.50
2026-09-29 13:02:01,778  [INFO]      CALL exit check: option_LTP=₹1289.50  Entry=₹1221.00  Diff=+68.50 pts  Threshold=111 pts
2026-09-29 13:02:01,778  [INFO]      Holding CALL short — |diff|=68.50 < 111 pts threshold.
2026-09-29 13:03:01,216  [INFO]  [2026-09-29 13:03:00]  ST=BULLISH ▲  BankNifty Close=54266.00  |  PUT SELL entry=₹773.90  LTP=₹724.25  diff=-49.65  |  CALL SELL entry=₹1221.00  LTP=₹1310.45  diff=+89.45
2026-09-29 13:03:01,524  [INFO]      CALL exit check: option_LTP=₹1292.95  Entry=₹1221.00  Diff=+71.95 pts  Threshold=111 pts
2026-09-29 13:03:01,524  [INFO]      Holding CALL short — |diff|=71.95 < 111 pts threshold.
2026-09-29 13:04:01,257  [INFO]  [2026-09-29 13:04:00]  ST=BULLISH ▲  BankNifty Close=54300.00  |  PUT SELL entry=₹773.90  LTP=₹710.15  diff=-63.75  |  CALL SELL entry=₹1221.00  LTP=₹1326.50  diff=+105.50
2026-09-29 13:04:01,561  [INFO]      CALL exit check: option_LTP=₹1326.50  Entry=₹1221.00  Diff=+105.50 pts  Threshold=111 pts
2026-09-29 13:04:01,562  [INFO]      Holding CALL short — |diff|=105.50 < 111 pts threshold.
2026-09-29 13:05:01,248  [INFO]  [2026-09-29 13:05:00]  ST=BULLISH ▲  BankNifty Close=54279.00  |  PUT SELL entry=₹773.90  LTP=₹716.60  diff=-57.30  |  CALL SELL entry=₹1221.00  LTP=₹1299.80  diff=+78.80
2026-09-29 13:05:01,527  [INFO]      CALL exit check: option_LTP=₹1299.80  Entry=₹1221.00  Diff=+78.80 pts  Threshold=111 pts
2026-09-29 13:05:01,527  [INFO]      Holding CALL short — |diff|=78.80 < 111 pts threshold.
2026-09-29 13:06:01,247  [INFO]  [2026-09-29 13:06:00]  ST=BULLISH ▲  BankNifty Close=54275.60  |  PUT SELL entry=₹773.90  LTP=₹715.45  diff=-58.45  |  CALL SELL entry=₹1221.00  LTP=₹1304.45  diff=+83.45
2026-09-29 13:06:01,534  [INFO]      CALL exit check: option_LTP=₹1304.45  Entry=₹1221.00  Diff=+83.45 pts  Threshold=111 pts
2026-09-29 13:06:01,534  [INFO]      Holding CALL short — |diff|=83.45 < 111 pts threshold.
2026-09-29 13:07:01,211  [INFO]  [2026-09-29 13:07:00]  ST=BULLISH ▲  BankNifty Close=54263.60  |  PUT SELL entry=₹773.90  LTP=₹721.85  diff=-52.05  |  CALL SELL entry=₹1221.00  LTP=₹1296.35  diff=+75.35
2026-09-29 13:07:01,500  [INFO]      CALL exit check: option_LTP=₹1296.35  Entry=₹1221.00  Diff=+75.35 pts  Threshold=111 pts
2026-09-29 13:07:01,501  [INFO]      Holding CALL short — |diff|=75.35 < 111 pts threshold.
2026-09-29 13:08:01,231  [INFO]  [2026-09-29 13:08:00]  ST=BULLISH ▲  BankNifty Close=54269.80  |  PUT SELL entry=₹773.90  LTP=₹715.00  diff=-58.90  |  CALL SELL entry=₹1221.00  LTP=₹1305.65  diff=+84.65
2026-09-29 13:08:01,564  [INFO]      CALL exit check: option_LTP=₹1305.65  Entry=₹1221.00  Diff=+84.65 pts  Threshold=111 pts
2026-09-29 13:08:01,565  [INFO]      Holding CALL short — |diff|=84.65 < 111 pts threshold.
2026-09-29 13:09:01,309  [INFO]  [2026-09-29 13:09:00]  ST=BULLISH ▲  BankNifty Close=54287.40  |  PUT SELL entry=₹773.90  LTP=₹710.70  diff=-63.20  |  CALL SELL entry=₹1221.00  LTP=₹1305.65  diff=+84.65
2026-09-29 13:09:01,606  [INFO]      CALL exit check: option_LTP=₹1305.65  Entry=₹1221.00  Diff=+84.65 pts  Threshold=111 pts
2026-09-29 13:09:01,607  [INFO]      Holding CALL short — |diff|=84.65 < 111 pts threshold.
2026-09-29 13:10:01,282  [INFO]  [2026-09-29 13:10:00]  ST=BULLISH ▲  BankNifty Close=54327.80  |  PUT SELL entry=₹773.90  LTP=₹690.90  diff=-83.00  |  CALL SELL entry=₹1221.00  LTP=₹1347.40  diff=+126.40
2026-09-29 13:10:01,584  [INFO]      CALL exit check: option_LTP=₹1347.40  Entry=₹1221.00  Diff=+126.40 pts  Threshold=111 pts
2026-09-29 13:10:01,584  [INFO]  SIGNAL  ST BULLISH + |diff|=126.40 >= 111  →  Covering CALL short
2026-09-29 13:10:01,585  [WARNING]  [ST flip BULLISH + threshold] Covering short CALL SELL  entry=₹1221.00  symbol=BANKNIFTY26OCT54100CE
2026-09-29 13:10:01,681  [INFO]  >>> Placing LIMIT BUY (cover) CALL SELL (offset=₹2)  qty=60 x BANKNIFTY26OCT54100CE  @ ₹1349.40
2026-09-29 13:10:01,792  [INFO]      BUY (cover) CALL SELL (offset=₹2) order response (ref=c4a03bfa841248cb856d) : {'groww_order_id': 'GLTFO260929131002FG6QSGBV36HZ', 'order_status': 'NEW', 'order_reference_id': 'c4a03bfa841248cb856d', 'remark': None}
2026-09-29 13:10:01,889  [INFO]  BUY (cover) CALL SELL: filled at offset=₹2  avg_fill_price=₹1339.40  status=EXECUTED
2026-09-29 13:10:01,891  [INFO]  [TRADE] CALL SELL EXIT  symbol=BANKNIFTY26OCT54100CE  qty=60  entry=₹1221.00  exit=₹1339.40  time=2026-09-29 13:10:01  held=0:24:59  P&L=₹-7104.00  fill_confirmed=True  order_id=GLTFO260929131002FG6QSGBV36HZ  reason=ST flip BULLISH + threshold
2026-09-29 13:11:01,170  [INFO]  [2026-09-29 13:11:00]  ST=BULLISH ▲  BankNifty Close=54316.40  |  PUT SELL entry=₹773.90  LTP=₹698.55  diff=-75.35  |  CALL: FLAT
2026-09-29 13:12:01,189  [INFO]  [2026-09-29 13:12:00]  ST=BULLISH ▲  BankNifty Close=54275.00  |  PUT SELL entry=₹773.90  LTP=₹715.00  diff=-58.90  |  CALL: FLAT
2026-09-29 13:13:01,145  [INFO]  [2026-09-29 13:13:00]  ST=BULLISH ▲  BankNifty Close=54270.60  |  PUT SELL entry=₹773.90  LTP=₹714.70  diff=-59.20  |  CALL: FLAT
2026-09-29 13:14:01,157  [INFO]  [2026-09-29 13:14:00]  ST=BULLISH ▲  BankNifty Close=54287.20  |  PUT SELL entry=₹773.90  LTP=₹715.00  diff=-58.90  |  CALL: FLAT
2026-09-29 13:15:01,155  [INFO]  [2026-09-29 13:15:00]  ST=BULLISH ▲  BankNifty Close=54280.00  |  PUT SELL entry=₹773.90  LTP=₹714.00  diff=-59.90  |  CALL: FLAT
2026-09-29 13:16:01,167  [INFO]  [2026-09-29 13:16:00]  ST=BULLISH ▲  BankNifty Close=54280.00  |  PUT SELL entry=₹773.90  LTP=₹730.90  diff=-43.00  |  CALL: FLAT
2026-09-29 13:17:01,152  [INFO]  [2026-09-29 13:17:00]  ST=BEARISH ▼  BankNifty Close=54240.00  |  PUT SELL entry=₹773.90  LTP=₹728.20  diff=-45.70  |  CALL: FLAT
2026-09-29 13:17:01,342  [INFO]      PUT exit check: option_LTP=₹728.20  Entry=₹773.90  Diff=-45.70 pts  Threshold=111 pts
2026-09-29 13:17:01,342  [INFO]      Holding PUT short — |diff|=45.70 < 111 pts threshold.
2026-09-29 13:17:01,435  [INFO]  SIGNAL  ST → BEARISH  BankNifty LTP=54240.00  ATM strike=54200  →  Selecting CALL (min premium ₹400)
2026-09-29 13:17:01,571  [INFO]  Selected BankNifty monthly expiry: 2026-10-27
2026-09-29 13:17:01,702  [INFO]  Resolved CE instrument: BANKNIFTY26OCT54200CE  strike=54200  expiry=2026-10-27  lot_size=30
2026-09-29 13:17:01,848  [INFO]    ATM CE strike=54200  LTP=₹1225.00  (threshold=₹400.00)
2026-09-29 13:17:01,954  [INFO]  >>> Placing LIMIT SELL CALL (offset=₹2)  qty=60 x BANKNIFTY26OCT54200CE  @ ₹1223.00
2026-09-29 13:17:02,062  [INFO]      SELL CALL (offset=₹2) order response (ref=d0c2533617294020a361) : {'groww_order_id': 'GLTFO260929131702BDCK3F1ULU3F', 'order_status': 'NEW', 'order_reference_id': 'd0c2533617294020a361', 'remark': None}
2026-09-29 13:17:02,148  [INFO]  SELL CALL: filled at offset=₹2  avg_fill_price=₹1227.05  status=EXECUTED
2026-09-29 13:17:02,150  [INFO]  [TRADE] CALL SELL ENTRY  symbol=BANKNIFTY26OCT54200CE  strike_ltp_check=₹1225.00  qty=60  fill=₹1227.05  time=2026-09-29 13:17:02  order_id=GLTFO260929131702BDCK3F1ULU3F  reason=ST flip BEARISH
2026-09-29 13:18:01,231  [INFO]  [2026-09-29 13:18:00]  ST=BEARISH ▼  BankNifty Close=54278.20  |  PUT SELL entry=₹773.90  LTP=₹719.20  diff=-54.70  |  CALL SELL entry=₹1227.05  LTP=₹1242.90  diff=+15.85
2026-09-29 13:18:01,416  [INFO]      PUT exit check: option_LTP=₹719.20  Entry=₹773.90  Diff=-54.70 pts  Threshold=111 pts
2026-09-29 13:18:01,417  [INFO]      Holding PUT short — |diff|=54.70 < 111 pts threshold.
2026-09-29 13:19:01,267  [INFO]  [2026-09-29 13:19:00]  ST=BEARISH ▼  BankNifty Close=54270.20  |  PUT SELL entry=₹773.90  LTP=₹717.25  diff=-56.65  |  CALL SELL entry=₹1227.05  LTP=₹1238.00  diff=+10.95
2026-09-29 13:19:01,498  [INFO]      PUT exit check: option_LTP=₹717.25  Entry=₹773.90  Diff=-56.65 pts  Threshold=111 pts
2026-09-29 13:19:01,498  [INFO]      Holding PUT short — |diff|=56.65 < 111 pts threshold.
2026-09-29 13:20:01,264  [INFO]  [2026-09-29 13:20:00]  ST=BEARISH ▼  BankNifty Close=54217.20  |  PUT SELL entry=₹773.90  LTP=₹724.90  diff=-49.00  |  CALL SELL entry=₹1227.05  LTP=₹1246.00  diff=+18.95
2026-09-29 13:20:01,448  [INFO]      PUT exit check: option_LTP=₹724.90  Entry=₹773.90  Diff=-49.00 pts  Threshold=111 pts
2026-09-29 13:20:01,448  [INFO]      Holding PUT short — |diff|=49.00 < 111 pts threshold.
2026-09-29 13:21:01,280  [INFO]  [2026-09-29 13:21:00]  ST=BEARISH ▼  BankNifty Close=54218.60  |  PUT SELL entry=₹773.90  LTP=₹741.00  diff=-32.90  |  CALL SELL entry=₹1227.05  LTP=₹1200.00  diff=-27.05
2026-09-29 13:21:01,471  [INFO]      PUT exit check: option_LTP=₹740.00  Entry=₹773.90  Diff=-33.90 pts  Threshold=111 pts
2026-09-29 13:21:01,471  [INFO]      Holding PUT short — |diff|=33.90 < 111 pts threshold.
2026-09-29 13:22:01,295  [INFO]  [2026-09-29 13:22:00]  ST=BEARISH ▼  BankNifty Close=54205.20  |  PUT SELL entry=₹773.90  LTP=₹737.20  diff=-36.70  |  CALL SELL entry=₹1227.05  LTP=₹1205.00  diff=-22.05
2026-09-29 13:22:01,509  [INFO]      PUT exit check: option_LTP=₹737.20  Entry=₹773.90  Diff=-36.70 pts  Threshold=111 pts
2026-09-29 13:22:01,509  [INFO]      Holding PUT short — |diff|=36.70 < 111 pts threshold.
2026-09-29 13:23:01,243  [INFO]  [2026-09-29 13:23:00]  ST=BEARISH ▼  BankNifty Close=54224.60  |  PUT SELL entry=₹773.90  LTP=₹740.00  diff=-33.90  |  CALL SELL entry=₹1227.05  LTP=₹1200.35  diff=-26.70
2026-09-29 13:23:01,428  [INFO]      PUT exit check: option_LTP=₹742.90  Entry=₹773.90  Diff=-31.00 pts  Threshold=111 pts
2026-09-29 13:23:01,428  [INFO]      Holding PUT short — |diff|=31.00 < 111 pts threshold.
2026-09-29 13:24:01,255  [INFO]  [2026-09-29 13:24:00]  ST=BEARISH ▼  BankNifty Close=54221.60  |  PUT SELL entry=₹773.90  LTP=₹741.60  diff=-32.30  |  CALL SELL entry=₹1227.05  LTP=₹1198.00  diff=-29.05
2026-09-29 13:24:01,457  [INFO]      PUT exit check: option_LTP=₹744.95  Entry=₹773.90  Diff=-28.95 pts  Threshold=111 pts
2026-09-29 13:24:01,458  [INFO]      Holding PUT short — |diff|=28.95 < 111 pts threshold.
2026-09-29 13:25:01,261  [INFO]  [2026-09-29 13:25:00]  ST=BEARISH ▼  BankNifty Close=54229.80  |  PUT SELL entry=₹773.90  LTP=₹747.70  diff=-26.20  |  CALL SELL entry=₹1227.05  LTP=₹1190.00  diff=-37.05
2026-09-29 13:25:01,441  [INFO]      PUT exit check: option_LTP=₹746.00  Entry=₹773.90  Diff=-27.90 pts  Threshold=111 pts
2026-09-29 13:25:01,442  [INFO]      Holding PUT short — |diff|=27.90 < 111 pts threshold.
2026-09-29 13:26:01,355  [INFO]  [2026-09-29 13:26:00]  ST=BULLISH ▲  BankNifty Close=54256.00  |  PUT SELL entry=₹773.90  LTP=₹726.60  diff=-47.30  |  CALL SELL entry=₹1227.05  LTP=₹1224.95  diff=-2.10
2026-09-29 13:26:01,679  [INFO]      CALL exit check: option_LTP=₹1222.15  Entry=₹1227.05  Diff=-4.90 pts  Threshold=111 pts
2026-09-29 13:26:01,680  [INFO]      Holding CALL short — |diff|=4.90 < 111 pts threshold.
2026-09-29 13:27:01,279  [INFO]  [2026-09-29 13:27:00]  ST=BULLISH ▲  BankNifty Close=54241.80  |  PUT SELL entry=₹773.90  LTP=₹737.35  diff=-36.55  |  CALL SELL entry=₹1227.05  LTP=₹1199.20  diff=-27.85
2026-09-29 13:27:01,622  [INFO]      CALL exit check: option_LTP=₹1199.20  Entry=₹1227.05  Diff=-27.85 pts  Threshold=111 pts
2026-09-29 13:27:01,623  [INFO]      Holding CALL short — |diff|=27.85 < 111 pts threshold.
2026-09-29 13:28:01,284  [INFO]  [2026-09-29 13:28:00]  ST=BULLISH ▲  BankNifty Close=54226.60  |  PUT SELL entry=₹773.90  LTP=₹742.95  diff=-30.95  |  CALL SELL entry=₹1227.05  LTP=₹1201.00  diff=-26.05
2026-09-29 13:28:01,606  [INFO]      CALL exit check: option_LTP=₹1190.00  Entry=₹1227.05  Diff=-37.05 pts  Threshold=111 pts
2026-09-29 13:28:01,606  [INFO]      Holding CALL short — |diff|=37.05 < 111 pts threshold.
2026-09-29 13:29:01,273  [INFO]  [2026-09-29 13:29:00]  ST=BULLISH ▲  BankNifty Close=54239.60  |  PUT SELL entry=₹773.90  LTP=₹738.30  diff=-35.60  |  CALL SELL entry=₹1227.05  LTP=₹1213.35  diff=-13.70
2026-09-29 13:29:01,563  [INFO]      CALL exit check: option_LTP=₹1213.35  Entry=₹1227.05  Diff=-13.70 pts  Threshold=111 pts
2026-09-29 13:29:01,564  [INFO]      Holding CALL short — |diff|=13.70 < 111 pts threshold.
2026-09-29 13:30:01,265  [INFO]  [2026-09-29 13:30:00]  ST=BEARISH ▼  BankNifty Close=54204.80  |  PUT SELL entry=₹773.90  LTP=₹747.40  diff=-26.50  |  CALL SELL entry=₹1227.05  LTP=₹1213.35  diff=-13.70
2026-09-29 13:30:01,494  [INFO]      PUT exit check: option_LTP=₹747.40  Entry=₹773.90  Diff=-26.50 pts  Threshold=111 pts
2026-09-29 13:30:01,495  [INFO]      Holding PUT short — |diff|=26.50 < 111 pts threshold.
2026-09-29 13:31:01,301  [INFO]  [2026-09-29 13:31:00]  ST=BEARISH ▼  BankNifty Close=54204.80  |  PUT SELL entry=₹773.90  LTP=₹747.90  diff=-26.00  |  CALL SELL entry=₹1227.05  LTP=₹1198.00  diff=-29.05
2026-09-29 13:31:01,523  [INFO]      PUT exit check: option_LTP=₹747.90  Entry=₹773.90  Diff=-26.00 pts  Threshold=111 pts
2026-09-29 13:31:01,523  [INFO]      Holding PUT short — |diff|=26.00 < 111 pts threshold.
2026-09-29 13:32:01,264  [INFO]  [2026-09-29 13:32:00]  ST=BEARISH ▼  BankNifty Close=54215.40  |  PUT SELL entry=₹773.90  LTP=₹738.40  diff=-35.50  |  CALL SELL entry=₹1227.05  LTP=₹1198.00  diff=-29.05
2026-09-29 13:32:01,463  [INFO]      PUT exit check: option_LTP=₹738.40  Entry=₹773.90  Diff=-35.50 pts  Threshold=111 pts
2026-09-29 13:32:01,464  [INFO]      Holding PUT short — |diff|=35.50 < 111 pts threshold.
2026-09-29 13:33:01,307  [INFO]  [2026-09-29 13:33:00]  ST=BEARISH ▼  BankNifty Close=54226.40  |  PUT SELL entry=₹773.90  LTP=₹739.00  diff=-34.90  |  CALL SELL entry=₹1227.05  LTP=₹1213.00  diff=-14.05
2026-09-29 13:33:01,495  [INFO]      PUT exit check: option_LTP=₹735.55  Entry=₹773.90  Diff=-38.35 pts  Threshold=111 pts
2026-09-29 13:33:01,496  [INFO]      Holding PUT short — |diff|=38.35 < 111 pts threshold.
2026-09-29 13:34:01,343  [INFO]  [2026-09-29 13:34:00]  ST=BEARISH ▼  BankNifty Close=54225.00  |  PUT SELL entry=₹773.90  LTP=₹740.35  diff=-33.55  |  CALL SELL entry=₹1227.05  LTP=₹1200.00  diff=-27.05
2026-09-29 13:34:01,538  [INFO]      PUT exit check: option_LTP=₹740.35  Entry=₹773.90  Diff=-33.55 pts  Threshold=111 pts
2026-09-29 13:34:01,539  [INFO]      Holding PUT short — |diff|=33.55 < 111 pts threshold.
2026-09-29 13:35:01,270  [INFO]  [2026-09-29 13:35:00]  ST=BEARISH ▼  BankNifty Close=54207.20  |  PUT SELL entry=₹773.90  LTP=₹741.75  diff=-32.15  |  CALL SELL entry=₹1227.05  LTP=₹1195.85  diff=-31.20
2026-09-29 13:35:01,656  [INFO]      PUT exit check: option_LTP=₹741.75  Entry=₹773.90  Diff=-32.15 pts  Threshold=111 pts
2026-09-29 13:35:01,657  [INFO]      Holding PUT short — |diff|=32.15 < 111 pts threshold.
2026-09-29 13:36:01,286  [INFO]  [2026-09-29 13:36:00]  ST=BEARISH ▼  BankNifty Close=54240.60  |  PUT SELL entry=₹773.90  LTP=₹750.00  diff=-23.90  |  CALL SELL entry=₹1227.05  LTP=₹1191.45  diff=-35.60
2026-09-29 13:36:01,497  [INFO]      PUT exit check: option_LTP=₹750.00  Entry=₹773.90  Diff=-23.90 pts  Threshold=111 pts
2026-09-29 13:36:01,498  [INFO]      Holding PUT short — |diff|=23.90 < 111 pts threshold.
2026-09-29 13:37:01,322  [INFO]  [2026-09-29 13:37:00]  ST=BEARISH ▼  BankNifty Close=54194.00  |  PUT SELL entry=₹773.90  LTP=₹758.40  diff=-15.50  |  CALL SELL entry=₹1227.05  LTP=₹1175.20  diff=-51.85
2026-09-29 13:37:01,546  [INFO]      PUT exit check: option_LTP=₹758.40  Entry=₹773.90  Diff=-15.50 pts  Threshold=111 pts
2026-09-29 13:37:01,547  [INFO]      Holding PUT short — |diff|=15.50 < 111 pts threshold.
2026-09-29 13:38:01,287  [INFO]  [2026-09-29 13:38:00]  ST=BEARISH ▼  BankNifty Close=54194.20  |  PUT SELL entry=₹773.90  LTP=₹751.85  diff=-22.05  |  CALL SELL entry=₹1227.05  LTP=₹1185.95  diff=-41.10
2026-09-29 13:38:01,500  [INFO]      PUT exit check: option_LTP=₹751.85  Entry=₹773.90  Diff=-22.05 pts  Threshold=111 pts
2026-09-29 13:38:01,500  [INFO]      Holding PUT short — |diff|=22.05 < 111 pts threshold.
2026-09-29 13:39:01,292  [INFO]  [2026-09-29 13:39:00]  ST=BEARISH ▼  BankNifty Close=54185.20  |  PUT SELL entry=₹773.90  LTP=₹763.90  diff=-10.00  |  CALL SELL entry=₹1227.05  LTP=₹1171.55  diff=-55.50
2026-09-29 13:39:01,502  [INFO]      PUT exit check: option_LTP=₹763.90  Entry=₹773.90  Diff=-10.00 pts  Threshold=111 pts
2026-09-29 13:39:01,502  [INFO]      Holding PUT short — |diff|=10.00 < 111 pts threshold.
2026-09-29 13:40:01,277  [INFO]  [2026-09-29 13:40:00]  ST=BEARISH ▼  BankNifty Close=54180.00  |  PUT SELL entry=₹773.90  LTP=₹767.00  diff=-6.90  |  CALL SELL entry=₹1227.05  LTP=₹1167.05  diff=-60.00
2026-09-29 13:40:01,460  [INFO]      PUT exit check: option_LTP=₹767.00  Entry=₹773.90  Diff=-6.90 pts  Threshold=111 pts
2026-09-29 13:40:01,460  [INFO]      Holding PUT short — |diff|=6.90 < 111 pts threshold.
2026-09-29 13:41:01,284  [INFO]  [2026-09-29 13:41:00]  ST=BEARISH ▼  BankNifty Close=54175.00  |  PUT SELL entry=₹773.90  LTP=₹766.25  diff=-7.65  |  CALL SELL entry=₹1227.05  LTP=₹1167.45  diff=-59.60
2026-09-29 13:41:01,473  [INFO]      PUT exit check: option_LTP=₹766.25  Entry=₹773.90  Diff=-7.65 pts  Threshold=111 pts
2026-09-29 13:41:01,473  [INFO]      Holding PUT short — |diff|=7.65 < 111 pts threshold.
2026-09-29 13:42:01,282  [INFO]  [2026-09-29 13:42:00]  ST=BEARISH ▼  BankNifty Close=54173.60  |  PUT SELL entry=₹773.90  LTP=₹758.40  diff=-15.50  |  CALL SELL entry=₹1227.05  LTP=₹1176.45  diff=-50.60
2026-09-29 13:42:01,472  [INFO]      PUT exit check: option_LTP=₹758.40  Entry=₹773.90  Diff=-15.50 pts  Threshold=111 pts
2026-09-29 13:42:01,472  [INFO]      Holding PUT short — |diff|=15.50 < 111 pts threshold.
2026-09-29 13:43:01,299  [INFO]  [2026-09-29 13:43:00]  ST=BEARISH ▼  BankNifty Close=54180.00  |  PUT SELL entry=₹773.90  LTP=₹758.40  diff=-15.50  |  CALL SELL entry=₹1227.05  LTP=₹1179.10  diff=-47.95
2026-09-29 13:43:01,502  [INFO]      PUT exit check: option_LTP=₹758.40  Entry=₹773.90  Diff=-15.50 pts  Threshold=111 pts
2026-09-29 13:43:01,503  [INFO]      Holding PUT short — |diff|=15.50 < 111 pts threshold.
2026-09-29 13:44:01,312  [INFO]  [2026-09-29 13:44:00]  ST=BEARISH ▼  BankNifty Close=54199.00  |  PUT SELL entry=₹773.90  LTP=₹747.00  diff=-26.90  |  CALL SELL entry=₹1227.05  LTP=₹1189.95  diff=-37.10
2026-09-29 13:44:01,512  [INFO]      PUT exit check: option_LTP=₹747.00  Entry=₹773.90  Diff=-26.90 pts  Threshold=111 pts
2026-09-29 13:44:01,513  [INFO]      Holding PUT short — |diff|=26.90 < 111 pts threshold.
2026-09-29 13:45:01,351  [INFO]  [2026-09-29 13:45:00]  ST=BEARISH ▼  BankNifty Close=54203.00  |  PUT SELL entry=₹773.90  LTP=₹744.80  diff=-29.10  |  CALL SELL entry=₹1227.05  LTP=₹1197.00  diff=-30.05
2026-09-29 13:45:01,531  [INFO]      PUT exit check: option_LTP=₹744.80  Entry=₹773.90  Diff=-29.10 pts  Threshold=111 pts
2026-09-29 13:45:01,531  [INFO]      Holding PUT short — |diff|=29.10 < 111 pts threshold.
2026-09-29 13:46:01,270  [INFO]  [2026-09-29 13:46:00]  ST=BULLISH ▲  BankNifty Close=54232.80  |  PUT SELL entry=₹773.90  LTP=₹725.55  diff=-48.35  |  CALL SELL entry=₹1227.05  LTP=₹1217.90  diff=-9.15
2026-09-29 13:46:01,565  [INFO]      CALL exit check: option_LTP=₹1217.95  Entry=₹1227.05  Diff=-9.10 pts  Threshold=111 pts
2026-09-29 13:46:01,566  [INFO]      Holding CALL short — |diff|=9.10 < 111 pts threshold.
2026-09-29 13:47:01,302  [INFO]  [2026-09-29 13:47:00]  ST=BULLISH ▲  BankNifty Close=54248.00  |  PUT SELL entry=₹773.90  LTP=₹723.85  diff=-50.05  |  CALL SELL entry=₹1227.05  LTP=₹1222.00  diff=-5.05
2026-09-29 13:47:01,588  [INFO]      CALL exit check: option_LTP=₹1222.00  Entry=₹1227.05  Diff=-5.05 pts  Threshold=111 pts
2026-09-29 13:47:01,588  [INFO]      Holding CALL short — |diff|=5.05 < 111 pts threshold.
2026-09-29 13:48:01,312  [INFO]  [2026-09-29 13:48:00]  ST=BULLISH ▲  BankNifty Close=54273.40  |  PUT SELL entry=₹773.90  LTP=₹716.65  diff=-57.25  |  CALL SELL entry=₹1227.05  LTP=₹1233.55  diff=+6.50
2026-09-29 13:48:01,646  [INFO]      CALL exit check: option_LTP=₹1234.00  Entry=₹1227.05  Diff=+6.95 pts  Threshold=111 pts
2026-09-29 13:48:01,646  [INFO]      Holding CALL short — |diff|=6.95 < 111 pts threshold.
2026-09-29 13:49:01,334  [INFO]  [2026-09-29 13:49:00]  ST=BULLISH ▲  BankNifty Close=54269.40  |  PUT SELL entry=₹773.90  LTP=₹720.60  diff=-53.30  |  CALL SELL entry=₹1227.05  LTP=₹1233.00  diff=+5.95
2026-09-29 13:49:01,623  [INFO]      CALL exit check: option_LTP=₹1233.00  Entry=₹1227.05  Diff=+5.95 pts  Threshold=111 pts
2026-09-29 13:49:01,624  [INFO]      Holding CALL short — |diff|=5.95 < 111 pts threshold.
2026-09-29 13:50:01,311  [INFO]  [2026-09-29 13:50:00]  ST=BULLISH ▲  BankNifty Close=54264.20  |  PUT SELL entry=₹773.90  LTP=₹720.60  diff=-53.30  |  CALL SELL entry=₹1227.05  LTP=₹1232.00  diff=+4.95
2026-09-29 13:50:01,635  [INFO]      CALL exit check: option_LTP=₹1232.00  Entry=₹1227.05  Diff=+4.95 pts  Threshold=111 pts
2026-09-29 13:50:01,636  [INFO]      Holding CALL short — |diff|=4.95 < 111 pts threshold.
2026-09-29 13:51:01,304  [INFO]  [2026-09-29 13:51:00]  ST=BULLISH ▲  BankNifty Close=54278.60  |  PUT SELL entry=₹773.90  LTP=₹712.05  diff=-61.85  |  CALL SELL entry=₹1227.05  LTP=₹1235.70  diff=+8.65
2026-09-29 13:51:01,621  [INFO]      CALL exit check: option_LTP=₹1235.70  Entry=₹1227.05  Diff=+8.65 pts  Threshold=111 pts
2026-09-29 13:51:01,621  [INFO]      Holding CALL short — |diff|=8.65 < 111 pts threshold.
2026-09-29 13:52:01,283  [INFO]  [2026-09-29 13:52:00]  ST=BULLISH ▲  BankNifty Close=54317.00  |  PUT SELL entry=₹773.90  LTP=₹700.75  diff=-73.15  |  CALL SELL entry=₹1227.05  LTP=₹1257.00  diff=+29.95
2026-09-29 13:52:01,598  [INFO]      CALL exit check: option_LTP=₹1257.00  Entry=₹1227.05  Diff=+29.95 pts  Threshold=111 pts
2026-09-29 13:52:01,598  [INFO]      Holding CALL short — |diff|=29.95 < 111 pts threshold.
2026-09-29 13:53:01,323  [INFO]  [2026-09-29 13:53:00]  ST=BULLISH ▲  BankNifty Close=54314.00  |  PUT SELL entry=₹773.90  LTP=₹700.00  diff=-73.90  |  CALL SELL entry=₹1227.05  LTP=₹1262.20  diff=+35.15
2026-09-29 13:53:01,641  [INFO]      CALL exit check: option_LTP=₹1262.20  Entry=₹1227.05  Diff=+35.15 pts  Threshold=111 pts
2026-09-29 13:53:01,641  [INFO]      Holding CALL short — |diff|=35.15 < 111 pts threshold.
2026-09-29 13:54:01,326  [INFO]  [2026-09-29 13:54:00]  ST=BULLISH ▲  BankNifty Close=54320.00  |  PUT SELL entry=₹773.90  LTP=₹697.20  diff=-76.70  |  CALL SELL entry=₹1227.05  LTP=₹1258.00  diff=+30.95
2026-09-29 13:54:01,646  [INFO]      CALL exit check: option_LTP=₹1258.00  Entry=₹1227.05  Diff=+30.95 pts  Threshold=111 pts
2026-09-29 13:54:01,647  [INFO]      Holding CALL short — |diff|=30.95 < 111 pts threshold.
2026-09-29 13:55:01,305  [INFO]  [2026-09-29 13:55:00]  ST=BULLISH ▲  BankNifty Close=54310.00  |  PUT SELL entry=₹773.90  LTP=₹708.70  diff=-65.20  |  CALL SELL entry=₹1227.05  LTP=₹1257.85  diff=+30.80
2026-09-29 13:55:01,585  [INFO]      CALL exit check: option_LTP=₹1257.85  Entry=₹1227.05  Diff=+30.80 pts  Threshold=111 pts
2026-09-29 13:55:01,585  [INFO]      Holding CALL short — |diff|=30.80 < 111 pts threshold.
2026-09-29 13:56:01,309  [INFO]  [2026-09-29 13:56:00]  ST=BULLISH ▲  BankNifty Close=54295.00  |  PUT SELL entry=₹773.90  LTP=₹708.10  diff=-65.80  |  CALL SELL entry=₹1227.05  LTP=₹1248.00  diff=+20.95
2026-09-29 13:56:01,608  [INFO]      CALL exit check: option_LTP=₹1248.00  Entry=₹1227.05  Diff=+20.95 pts  Threshold=111 pts
2026-09-29 13:56:01,609  [INFO]      Holding CALL short — |diff|=20.95 < 111 pts threshold.
2026-09-29 13:57:01,352  [INFO]  [2026-09-29 13:57:00]  ST=BULLISH ▲  BankNifty Close=54318.00  |  PUT SELL entry=₹773.90  LTP=₹704.40  diff=-69.50  |  CALL SELL entry=₹1227.05  LTP=₹1259.10  diff=+32.05
2026-09-29 13:57:01,668  [INFO]      CALL exit check: option_LTP=₹1259.10  Entry=₹1227.05  Diff=+32.05 pts  Threshold=111 pts
2026-09-29 13:57:01,668  [INFO]      Holding CALL short — |diff|=32.05 < 111 pts threshold.
2026-09-29 13:58:01,314  [INFO]  [2026-09-29 13:58:00]  ST=BULLISH ▲  BankNifty Close=54313.20  |  PUT SELL entry=₹773.90  LTP=₹702.75  diff=-71.15  |  CALL SELL entry=₹1227.05  LTP=₹1256.70  diff=+29.65
2026-09-29 13:58:01,624  [INFO]      CALL exit check: option_LTP=₹1254.30  Entry=₹1227.05  Diff=+27.25 pts  Threshold=111 pts
2026-09-29 13:58:01,624  [INFO]      Holding CALL short — |diff|=27.25 < 111 pts threshold.
2026-09-29 13:59:01,319  [INFO]  [2026-09-29 13:59:00]  ST=BULLISH ▲  BankNifty Close=54300.00  |  PUT SELL entry=₹773.90  LTP=₹701.20  diff=-72.70  |  CALL SELL entry=₹1227.05  LTP=₹1260.00  diff=+32.95
2026-09-29 13:59:01,617  [INFO]      CALL exit check: option_LTP=₹1260.00  Entry=₹1227.05  Diff=+32.95 pts  Threshold=111 pts
2026-09-29 13:59:01,617  [INFO]      Holding CALL short — |diff|=32.95 < 111 pts threshold.
2026-09-29 14:00:01,334  [INFO]  [2026-09-29 14:00:00]  ST=BULLISH ▲  BankNifty Close=54316.00  |  PUT SELL entry=₹773.90  LTP=₹703.70  diff=-70.20  |  CALL SELL entry=₹1227.05  LTP=₹1253.05  diff=+26.00
2026-09-29 14:00:01,641  [INFO]      CALL exit check: option_LTP=₹1253.05  Entry=₹1227.05  Diff=+26.00 pts  Threshold=111 pts
2026-09-29 14:00:01,642  [INFO]      Holding CALL short — |diff|=26.00 < 111 pts threshold.
2026-09-29 14:01:01,303  [INFO]  [2026-09-29 14:01:00]  ST=BULLISH ▲  BankNifty Close=54310.00  |  PUT SELL entry=₹773.90  LTP=₹715.35  diff=-58.55  |  CALL SELL entry=₹1227.05  LTP=₹1244.35  diff=+17.30
2026-09-29 14:01:01,615  [INFO]      CALL exit check: option_LTP=₹1244.35  Entry=₹1227.05  Diff=+17.30 pts  Threshold=111 pts
2026-09-29 14:01:01,615  [INFO]      Holding CALL short — |diff|=17.30 < 111 pts threshold.
2026-09-29 14:02:01,327  [INFO]  [2026-09-29 14:02:00]  ST=BULLISH ▲  BankNifty Close=54300.00  |  PUT SELL entry=₹773.90  LTP=₹707.00  diff=-66.90  |  CALL SELL entry=₹1227.05  LTP=₹1251.10  diff=+24.05
2026-09-29 14:02:01,629  [INFO]      CALL exit check: option_LTP=₹1251.10  Entry=₹1227.05  Diff=+24.05 pts  Threshold=111 pts
2026-09-29 14:02:01,629  [INFO]      Holding CALL short — |diff|=24.05 < 111 pts threshold.
2026-09-29 14:03:01,304  [INFO]  [2026-09-29 14:03:00]  ST=BULLISH ▲  BankNifty Close=54300.00  |  PUT SELL entry=₹773.90  LTP=₹712.30  diff=-61.60  |  CALL SELL entry=₹1227.05  LTP=₹1239.80  diff=+12.75
2026-09-29 14:03:01,580  [INFO]      CALL exit check: option_LTP=₹1239.80  Entry=₹1227.05  Diff=+12.75 pts  Threshold=111 pts
2026-09-29 14:03:01,581  [INFO]      Holding CALL short — |diff|=12.75 < 111 pts threshold.
2026-09-29 14:04:01,342  [INFO]  [2026-09-29 14:04:00]  ST=BEARISH ▼  BankNifty Close=54270.00  |  PUT SELL entry=₹773.90  LTP=₹714.10  diff=-59.80  |  CALL SELL entry=₹1227.05  LTP=₹1226.65  diff=-0.40
2026-09-29 14:04:01,675  [INFO]      PUT exit check: option_LTP=₹714.10  Entry=₹773.90  Diff=-59.80 pts  Threshold=111 pts
2026-09-29 14:04:01,676  [INFO]      Holding PUT short — |diff|=59.80 < 111 pts threshold.
2026-09-29 14:05:01,317  [INFO]  [2026-09-29 14:05:00]  ST=BEARISH ▼  BankNifty Close=54250.00  |  PUT SELL entry=₹773.90  LTP=₹723.00  diff=-50.90  |  CALL SELL entry=₹1227.05  LTP=₹1230.40  diff=+3.35
2026-09-29 14:05:01,508  [INFO]      PUT exit check: option_LTP=₹723.00  Entry=₹773.90  Diff=-50.90 pts  Threshold=111 pts
2026-09-29 14:05:01,509  [INFO]      Holding PUT short — |diff|=50.90 < 111 pts threshold.
2026-09-29 14:06:01,406  [INFO]  [2026-09-29 14:06:00]  ST=BEARISH ▼  BankNifty Close=54248.80  |  PUT SELL entry=₹773.90  LTP=₹710.00  diff=-63.90  |  CALL SELL entry=₹1227.05  LTP=₹1253.10  diff=+26.05
2026-09-29 14:06:01,615  [INFO]      PUT exit check: option_LTP=₹710.00  Entry=₹773.90  Diff=-63.90 pts  Threshold=111 pts
2026-09-29 14:06:01,615  [INFO]      Holding PUT short — |diff|=63.90 < 111 pts threshold.
2026-09-29 14:07:01,391  [INFO]  [2026-09-29 14:07:00]  ST=BULLISH ▲  BankNifty Close=54290.40  |  PUT SELL entry=₹773.90  LTP=₹709.70  diff=-64.20  |  CALL SELL entry=₹1227.05  LTP=₹1255.90  diff=+28.85
2026-09-29 14:07:01,664  [INFO]      CALL exit check: option_LTP=₹1255.90  Entry=₹1227.05  Diff=+28.85 pts  Threshold=111 pts
2026-09-29 14:07:01,665  [INFO]      Holding CALL short — |diff|=28.85 < 111 pts threshold.
2026-09-29 14:08:01,299  [INFO]  [2026-09-29 14:08:00]  ST=BULLISH ▲  BankNifty Close=54289.60  |  PUT SELL entry=₹773.90  LTP=₹713.00  diff=-60.90  |  CALL SELL entry=₹1227.05  LTP=₹1235.15  diff=+8.10
2026-09-29 14:08:01,633  [INFO]      CALL exit check: option_LTP=₹1236.00  Entry=₹1227.05  Diff=+8.95 pts  Threshold=111 pts
2026-09-29 14:08:01,633  [INFO]      Holding CALL short — |diff|=8.95 < 111 pts threshold.
2026-09-29 14:09:01,403  [INFO]  [2026-09-29 14:09:00]  ST=BULLISH ▲  BankNifty Close=54271.40  |  PUT SELL entry=₹773.90  LTP=₹711.00  diff=-62.90  |  CALL SELL entry=₹1227.05  LTP=₹1236.00  diff=+8.95
2026-09-29 14:09:01,691  [INFO]      CALL exit check: option_LTP=₹1236.00  Entry=₹1227.05  Diff=+8.95 pts  Threshold=111 pts
2026-09-29 14:09:01,692  [INFO]      Holding CALL short — |diff|=8.95 < 111 pts threshold.
2026-09-29 14:10:01,317  [INFO]  [2026-09-29 14:10:00]  ST=BULLISH ▲  BankNifty Close=54295.00  |  PUT SELL entry=₹773.90  LTP=₹702.85  diff=-71.05  |  CALL SELL entry=₹1227.05  LTP=₹1260.00  diff=+32.95
2026-09-29 14:10:01,611  [INFO]      CALL exit check: option_LTP=₹1260.00  Entry=₹1227.05  Diff=+32.95 pts  Threshold=111 pts
2026-09-29 14:10:01,611  [INFO]      Holding CALL short — |diff|=32.95 < 111 pts threshold.
2026-09-29 14:11:01,294  [INFO]  [2026-09-29 14:11:00]  ST=BULLISH ▲  BankNifty Close=54299.80  |  PUT SELL entry=₹773.90  LTP=₹696.15  diff=-77.75  |  CALL SELL entry=₹1227.05  LTP=₹1261.40  diff=+34.35
2026-09-29 14:11:01,600  [INFO]      CALL exit check: option_LTP=₹1260.00  Entry=₹1227.05  Diff=+32.95 pts  Threshold=111 pts
2026-09-29 14:11:01,600  [INFO]      Holding CALL short — |diff|=32.95 < 111 pts threshold.
2026-09-29 14:12:01,323  [INFO]  [2026-09-29 14:12:00]  ST=BULLISH ▲  BankNifty Close=54318.00  |  PUT SELL entry=₹773.90  LTP=₹694.75  diff=-79.15  |  CALL SELL entry=₹1227.05  LTP=₹1269.00  diff=+41.95
2026-09-29 14:12:01,679  [INFO]      CALL exit check: option_LTP=₹1269.00  Entry=₹1227.05  Diff=+41.95 pts  Threshold=111 pts
2026-09-29 14:12:01,679  [INFO]      Holding CALL short — |diff|=41.95 < 111 pts threshold.
2026-09-29 14:13:01,316  [INFO]  [2026-09-29 14:13:00]  ST=BULLISH ▲  BankNifty Close=54318.00  |  PUT SELL entry=₹773.90  LTP=₹708.00  diff=-65.90  |  CALL SELL entry=₹1227.05  LTP=₹1245.00  diff=+17.95
2026-09-29 14:13:01,626  [INFO]      CALL exit check: option_LTP=₹1245.00  Entry=₹1227.05  Diff=+17.95 pts  Threshold=111 pts
2026-09-29 14:13:01,626  [INFO]      Holding CALL short — |diff|=17.95 < 111 pts threshold.
2026-09-29 14:14:01,330  [INFO]  [2026-09-29 14:14:00]  ST=BULLISH ▲  BankNifty Close=54311.60  |  PUT SELL entry=₹773.90  LTP=₹699.45  diff=-74.45  |  CALL SELL entry=₹1227.05  LTP=₹1252.90  diff=+25.85
2026-09-29 14:14:01,629  [INFO]      CALL exit check: option_LTP=₹1252.90  Entry=₹1227.05  Diff=+25.85 pts  Threshold=111 pts
2026-09-29 14:14:01,629  [INFO]      Holding CALL short — |diff|=25.85 < 111 pts threshold.
2026-09-29 14:15:01,354  [INFO]  [2026-09-29 14:15:01]  ST=BULLISH ▲  BankNifty Close=54311.60  |  PUT SELL entry=₹773.90  LTP=₹712.50  diff=-61.40  |  CALL SELL entry=₹1227.05  LTP=₹1241.55  diff=+14.50
2026-09-29 14:15:01,682  [INFO]      CALL exit check: option_LTP=₹1229.85  Entry=₹1227.05  Diff=+2.80 pts  Threshold=111 pts
2026-09-29 14:15:01,682  [INFO]      Holding CALL short — |diff|=2.80 < 111 pts threshold.
2026-09-29 14:16:01,318  [INFO]  [2026-09-29 14:16:01]  ST=BULLISH ▲  BankNifty Close=54290.40  |  PUT SELL entry=₹773.90  LTP=₹705.95  diff=-67.95  |  CALL SELL entry=₹1227.05  LTP=₹1238.65  diff=+11.60
2026-09-29 14:16:01,603  [INFO]      CALL exit check: option_LTP=₹1238.65  Entry=₹1227.05  Diff=+11.60 pts  Threshold=111 pts
2026-09-29 14:16:01,604  [INFO]      Holding CALL short — |diff|=11.60 < 111 pts threshold.
2026-09-29 14:17:01,313  [INFO]  [2026-09-29 14:17:01]  ST=BULLISH ▲  BankNifty Close=54290.40  |  PUT SELL entry=₹773.90  LTP=₹702.25  diff=-71.65  |  CALL SELL entry=₹1227.05  LTP=₹1243.35  diff=+16.30
2026-09-29 14:17:01,599  [INFO]      CALL exit check: option_LTP=₹1243.35  Entry=₹1227.05  Diff=+16.30 pts  Threshold=111 pts
2026-09-29 14:17:01,599  [INFO]      Holding CALL short — |diff|=16.30 < 111 pts threshold.
2026-09-29 14:18:01,303  [INFO]  [2026-09-29 14:18:01]  ST=BULLISH ▲  BankNifty Close=54297.40  |  PUT SELL entry=₹773.90  LTP=₹705.90  diff=-68.00  |  CALL SELL entry=₹1227.05  LTP=₹1238.25  diff=+11.20
2026-09-29 14:18:01,596  [INFO]      CALL exit check: option_LTP=₹1238.25  Entry=₹1227.05  Diff=+11.20 pts  Threshold=111 pts
2026-09-29 14:18:01,596  [INFO]      Holding CALL short — |diff|=11.20 < 111 pts threshold.
2026-09-29 14:19:01,348  [INFO]  [2026-09-29 14:19:01]  ST=BULLISH ▲  BankNifty Close=54294.00  |  PUT SELL entry=₹773.90  LTP=₹701.15  diff=-72.75  |  CALL SELL entry=₹1227.05  LTP=₹1247.00  diff=+19.95
2026-09-29 14:19:01,635  [INFO]      CALL exit check: option_LTP=₹1250.85  Entry=₹1227.05  Diff=+23.80 pts  Threshold=111 pts
2026-09-29 14:19:01,636  [INFO]      Holding CALL short — |diff|=23.80 < 111 pts threshold.
2026-09-29 14:20:01,345  [INFO]  [2026-09-29 14:20:01]  ST=BULLISH ▲  BankNifty Close=54304.20  |  PUT SELL entry=₹773.90  LTP=₹712.35  diff=-61.55  |  CALL SELL entry=₹1227.05  LTP=₹1236.75  diff=+9.70
2026-09-29 14:20:01,636  [INFO]      CALL exit check: option_LTP=₹1236.75  Entry=₹1227.05  Diff=+9.70 pts  Threshold=111 pts
2026-09-29 14:20:01,636  [INFO]      Holding CALL short — |diff|=9.70 < 111 pts threshold.
2026-09-29 14:21:01,432  [INFO]  [2026-09-29 14:21:01]  ST=BEARISH ▼  BankNifty Close=54271.20  |  PUT SELL entry=₹773.90  LTP=₹710.30  diff=-63.60  |  CALL SELL entry=₹1227.05  LTP=₹1240.00  diff=+12.95
2026-09-29 14:21:01,631  [INFO]      PUT exit check: option_LTP=₹710.30  Entry=₹773.90  Diff=-63.60 pts  Threshold=111 pts
2026-09-29 14:21:01,632  [INFO]      Holding PUT short — |diff|=63.60 < 111 pts threshold.
2026-09-29 14:22:01,337  [INFO]  [2026-09-29 14:22:01]  ST=BEARISH ▼  BankNifty Close=54283.00  |  PUT SELL entry=₹773.90  LTP=₹710.65  diff=-63.25  |  CALL SELL entry=₹1227.05  LTP=₹1240.00  diff=+12.95
2026-09-29 14:22:01,533  [INFO]      PUT exit check: option_LTP=₹710.65  Entry=₹773.90  Diff=-63.25 pts  Threshold=111 pts
2026-09-29 14:22:01,534  [INFO]      Holding PUT short — |diff|=63.25 < 111 pts threshold.
2026-09-29 14:23:01,348  [INFO]  [2026-09-29 14:23:01]  ST=BEARISH ▼  BankNifty Close=54283.00  |  PUT SELL entry=₹773.90  LTP=₹713.90  diff=-60.00  |  CALL SELL entry=₹1227.05  LTP=₹1235.45  diff=+8.40
2026-09-29 14:23:01,614  [INFO]      PUT exit check: option_LTP=₹713.90  Entry=₹773.90  Diff=-60.00 pts  Threshold=111 pts
2026-09-29 14:23:01,615  [INFO]      Holding PUT short — |diff|=60.00 < 111 pts threshold.
2026-09-29 14:24:01,369  [INFO]  [2026-09-29 14:24:01]  ST=BEARISH ▼  BankNifty Close=54246.00  |  PUT SELL entry=₹773.90  LTP=₹717.85  diff=-56.05  |  CALL SELL entry=₹1227.05  LTP=₹1220.40  diff=-6.65
2026-09-29 14:24:01,546  [INFO]      PUT exit check: option_LTP=₹717.85  Entry=₹773.90  Diff=-56.05 pts  Threshold=111 pts
2026-09-29 14:24:01,546  [INFO]      Holding PUT short — |diff|=56.05 < 111 pts threshold.
2026-09-29 14:25:01,366  [INFO]  [2026-09-29 14:25:01]  ST=BEARISH ▼  BankNifty Close=54242.60  |  PUT SELL entry=₹773.90  LTP=₹714.30  diff=-59.60  |  CALL SELL entry=₹1227.05  LTP=₹1229.30  diff=+2.25
2026-09-29 14:25:01,612  [INFO]      PUT exit check: option_LTP=₹714.30  Entry=₹773.90  Diff=-59.60 pts  Threshold=111 pts
2026-09-29 14:25:01,613  [INFO]      Holding PUT short — |diff|=59.60 < 111 pts threshold.
2026-09-29 14:26:01,383  [INFO]  [2026-09-29 14:26:01]  ST=BULLISH ▲  BankNifty Close=54283.00  |  PUT SELL entry=₹773.90  LTP=₹704.70  diff=-69.20  |  CALL SELL entry=₹1227.05  LTP=₹1241.80  diff=+14.75
2026-09-29 14:26:01,638  [INFO]      CALL exit check: option_LTP=₹1241.80  Entry=₹1227.05  Diff=+14.75 pts  Threshold=111 pts
2026-09-29 14:26:01,638  [INFO]      Holding CALL short — |diff|=14.75 < 111 pts threshold.
2026-09-29 14:27:01,351  [INFO]  [2026-09-29 14:27:01]  ST=BULLISH ▲  BankNifty Close=54283.00  |  PUT SELL entry=₹773.90  LTP=₹700.85  diff=-73.05  |  CALL SELL entry=₹1227.05  LTP=₹1252.10  diff=+25.05
2026-09-29 14:27:01,648  [INFO]      CALL exit check: option_LTP=₹1252.10  Entry=₹1227.05  Diff=+25.05 pts  Threshold=111 pts
2026-09-29 14:27:01,649  [INFO]      Holding CALL short — |diff|=25.05 < 111 pts threshold.
2026-09-29 14:28:01,415  [INFO]  [2026-09-29 14:28:01]  ST=BULLISH ▲  BankNifty Close=54299.20  |  PUT SELL entry=₹773.90  LTP=₹707.00  diff=-66.90  |  CALL SELL entry=₹1227.05  LTP=₹1238.30  diff=+11.25
2026-09-29 14:28:01,737  [INFO]      CALL exit check: option_LTP=₹1232.80  Entry=₹1227.05  Diff=+5.75 pts  Threshold=111 pts
2026-09-29 14:28:01,738  [INFO]      Holding CALL short — |diff|=5.75 < 111 pts threshold.
2026-09-29 14:29:01,375  [INFO]  [2026-09-29 14:29:01]  ST=BULLISH ▲  BankNifty Close=54281.20  |  PUT SELL entry=₹773.90  LTP=₹703.25  diff=-70.65  |  CALL SELL entry=₹1227.05  LTP=₹1244.05  diff=+17.00
2026-09-29 14:29:01,673  [INFO]      CALL exit check: option_LTP=₹1244.05  Entry=₹1227.05  Diff=+17.00 pts  Threshold=111 pts
2026-09-29 14:29:01,673  [INFO]      Holding CALL short — |diff|=17.00 < 111 pts threshold.
2026-09-29 14:30:01,437  [INFO]  [2026-09-29 14:30:01]  ST=BULLISH ▲  BankNifty Close=54290.00  |  PUT SELL entry=₹773.90  LTP=₹702.05  diff=-71.85  |  CALL SELL entry=₹1227.05  LTP=₹1250.60  diff=+23.55
2026-09-29 14:30:01,808  [INFO]      CALL exit check: option_LTP=₹1250.60  Entry=₹1227.05  Diff=+23.55 pts  Threshold=111 pts
2026-09-29 14:30:01,808  [INFO]      Holding CALL short — |diff|=23.55 < 111 pts threshold.
2026-09-29 14:31:01,417  [INFO]  [2026-09-29 14:31:01]  ST=BULLISH ▲  BankNifty Close=54290.00  |  PUT SELL entry=₹773.90  LTP=₹688.30  diff=-85.60  |  CALL SELL entry=₹1227.05  LTP=₹1270.00  diff=+42.95
2026-09-29 14:31:01,714  [INFO]      CALL exit check: option_LTP=₹1255.00  Entry=₹1227.05  Diff=+27.95 pts  Threshold=111 pts
2026-09-29 14:31:01,714  [INFO]      Holding CALL short — |diff|=27.95 < 111 pts threshold.
2026-09-29 14:32:01,397  [INFO]  [2026-09-29 14:32:01]  ST=BULLISH ▲  BankNifty Close=54330.00  |  PUT SELL entry=₹773.90  LTP=₹682.15  diff=-91.75  |  CALL SELL entry=₹1227.05  LTP=₹1286.90  diff=+59.85
2026-09-29 14:32:01,699  [INFO]      CALL exit check: option_LTP=₹1286.90  Entry=₹1227.05  Diff=+59.85 pts  Threshold=111 pts
2026-09-29 14:32:01,700  [INFO]      Holding CALL short — |diff|=59.85 < 111 pts threshold.
2026-09-29 14:33:01,529  [INFO]  [2026-09-29 14:33:01]  ST=BULLISH ▲  BankNifty Close=54338.60  |  PUT SELL entry=₹773.90  LTP=₹686.35  diff=-87.55  |  CALL SELL entry=₹1227.05  LTP=₹1281.00  diff=+53.95
2026-09-29 14:33:01,827  [INFO]      CALL exit check: option_LTP=₹1282.80  Entry=₹1227.05  Diff=+55.75 pts  Threshold=111 pts
2026-09-29 14:33:01,829  [INFO]      Holding CALL short — |diff|=55.75 < 111 pts threshold.
2026-09-29 14:34:01,360  [INFO]  [2026-09-29 14:34:01]  ST=BULLISH ▲  BankNifty Close=54310.00  |  PUT SELL entry=₹773.90  LTP=₹700.70  diff=-73.20  |  CALL SELL entry=₹1227.05  LTP=₹1245.40  diff=+18.35
2026-09-29 14:34:01,686  [INFO]      CALL exit check: option_LTP=₹1250.00  Entry=₹1227.05  Diff=+22.95 pts  Threshold=111 pts
2026-09-29 14:34:01,687  [INFO]      Holding CALL short — |diff|=22.95 < 111 pts threshold.
2026-09-29 14:35:01,360  [INFO]  [2026-09-29 14:35:01]  ST=BEARISH ▼  BankNifty Close=54300.00  |  PUT SELL entry=₹773.90  LTP=₹696.90  diff=-77.00  |  CALL SELL entry=₹1227.05  LTP=₹1261.55  diff=+34.50
2026-09-29 14:35:01,543  [INFO]      PUT exit check: option_LTP=₹693.10  Entry=₹773.90  Diff=-80.80 pts  Threshold=111 pts
2026-09-29 14:35:01,544  [INFO]      Holding PUT short — |diff|=80.80 < 111 pts threshold.
2026-09-29 14:36:01,358  [INFO]  [2026-09-29 14:36:01]  ST=BULLISH ▲  BankNifty Close=54337.60  |  PUT SELL entry=₹773.90  LTP=₹674.45  diff=-99.45  |  CALL SELL entry=₹1227.05  LTP=₹1283.00  diff=+55.95
2026-09-29 14:36:01,710  [INFO]      CALL exit check: option_LTP=₹1283.00  Entry=₹1227.05  Diff=+55.95 pts  Threshold=111 pts
2026-09-29 14:36:01,711  [INFO]      Holding CALL short — |diff|=55.95 < 111 pts threshold.
2026-09-29 14:37:01,404  [INFO]  [2026-09-29 14:37:01]  ST=BULLISH ▲  BankNifty Close=54327.60  |  PUT SELL entry=₹773.90  LTP=₹677.65  diff=-96.25  |  CALL SELL entry=₹1227.05  LTP=₹1278.45  diff=+51.40
2026-09-29 14:37:01,690  [INFO]      CALL exit check: option_LTP=₹1278.45  Entry=₹1227.05  Diff=+51.40 pts  Threshold=111 pts
2026-09-29 14:37:01,690  [INFO]      Holding CALL short — |diff|=51.40 < 111 pts threshold.
2026-09-29 14:38:01,340  [INFO]  [2026-09-29 14:38:01]  ST=BULLISH ▲  BankNifty Close=54325.00  |  PUT SELL entry=₹773.90  LTP=₹679.25  diff=-94.65  |  CALL SELL entry=₹1227.05  LTP=₹1277.25  diff=+50.20
2026-09-29 14:38:01,667  [INFO]      CALL exit check: option_LTP=₹1277.25  Entry=₹1227.05  Diff=+50.20 pts  Threshold=111 pts
2026-09-29 14:38:01,668  [INFO]      Holding CALL short — |diff|=50.20 < 111 pts threshold.
2026-09-29 14:39:01,340  [INFO]  [2026-09-29 14:39:01]  ST=BULLISH ▲  BankNifty Close=54330.00  |  PUT SELL entry=₹773.90  LTP=₹683.00  diff=-90.90  |  CALL SELL entry=₹1227.05  LTP=₹1276.95  diff=+49.90
2026-09-29 14:39:01,632  [INFO]      CALL exit check: option_LTP=₹1276.95  Entry=₹1227.05  Diff=+49.90 pts  Threshold=111 pts
2026-09-29 14:39:01,633  [INFO]      Holding CALL short — |diff|=49.90 < 111 pts threshold.
2026-09-29 14:40:01,381  [INFO]  [2026-09-29 14:40:01]  ST=BULLISH ▲  BankNifty Close=54332.80  |  PUT SELL entry=₹773.90  LTP=₹679.85  diff=-94.05  |  CALL SELL entry=₹1227.05  LTP=₹1282.00  diff=+54.95
2026-09-29 14:40:01,658  [INFO]      CALL exit check: option_LTP=₹1282.00  Entry=₹1227.05  Diff=+54.95 pts  Threshold=111 pts
2026-09-29 14:40:01,658  [INFO]      Holding CALL short — |diff|=54.95 < 111 pts threshold.
2026-09-29 14:41:01,379  [INFO]  [2026-09-29 14:41:01]  ST=BULLISH ▲  BankNifty Close=54327.00  |  PUT SELL entry=₹773.90  LTP=₹681.60  diff=-92.30  |  CALL SELL entry=₹1227.05  LTP=₹1276.00  diff=+48.95
2026-09-29 14:41:01,678  [INFO]      CALL exit check: option_LTP=₹1276.00  Entry=₹1227.05  Diff=+48.95 pts  Threshold=111 pts
2026-09-29 14:41:01,680  [INFO]      Holding CALL short — |diff|=48.95 < 111 pts threshold.
2026-09-29 14:42:01,456  [INFO]  [2026-09-29 14:42:01]  ST=BULLISH ▲  BankNifty Close=54335.00  |  PUT SELL entry=₹773.90  LTP=₹679.90  diff=-94.00  |  CALL SELL entry=₹1227.05  LTP=₹1281.05  diff=+54.00
2026-09-29 14:42:01,771  [INFO]      CALL exit check: option_LTP=₹1281.05  Entry=₹1227.05  Diff=+54.00 pts  Threshold=111 pts
2026-09-29 14:42:01,772  [INFO]      Holding CALL short — |diff|=54.00 < 111 pts threshold.
2026-09-29 14:43:01,373  [INFO]  [2026-09-29 14:43:01]  ST=BULLISH ▲  BankNifty Close=54300.00  |  PUT SELL entry=₹773.90  LTP=₹688.80  diff=-85.10  |  CALL SELL entry=₹1227.05  LTP=₹1263.55  diff=+36.50
2026-09-29 14:43:01,637  [INFO]      CALL exit check: option_LTP=₹1268.55  Entry=₹1227.05  Diff=+41.50 pts  Threshold=111 pts
2026-09-29 14:43:01,637  [INFO]      Holding CALL short — |diff|=41.50 < 111 pts threshold.
2026-09-29 14:44:01,329  [INFO]  [2026-09-29 14:44:01]  ST=BULLISH ▲  BankNifty Close=54303.20  |  PUT SELL entry=₹773.90  LTP=₹686.20  diff=-87.70  |  CALL SELL entry=₹1227.05  LTP=₹1270.00  diff=+42.95
2026-09-29 14:44:01,647  [INFO]      CALL exit check: option_LTP=₹1270.00  Entry=₹1227.05  Diff=+42.95 pts  Threshold=111 pts
2026-09-29 14:44:01,647  [INFO]      Holding CALL short — |diff|=42.95 < 111 pts threshold.
2026-09-29 14:45:01,354  [INFO]  [2026-09-29 14:45:01]  ST=BULLISH ▲  BankNifty Close=54315.00  |  PUT SELL entry=₹773.90  LTP=₹688.00  diff=-85.90  |  CALL SELL entry=₹1227.05  LTP=₹1276.45  diff=+49.40
2026-09-29 14:45:01,686  [INFO]      CALL exit check: option_LTP=₹1276.45  Entry=₹1227.05  Diff=+49.40 pts  Threshold=111 pts
2026-09-29 14:45:01,687  [INFO]      Holding CALL short — |diff|=49.40 < 111 pts threshold.
2026-09-29 14:46:01,415  [INFO]  [2026-09-29 14:46:01]  ST=BULLISH ▲  BankNifty Close=54304.00  |  PUT SELL entry=₹773.90  LTP=₹688.75  diff=-85.15  |  CALL SELL entry=₹1227.05  LTP=₹1269.00  diff=+41.95
2026-09-29 14:46:01,698  [INFO]      CALL exit check: option_LTP=₹1269.00  Entry=₹1227.05  Diff=+41.95 pts  Threshold=111 pts
2026-09-29 14:46:01,698  [INFO]      Holding CALL short — |diff|=41.95 < 111 pts threshold.
2026-09-29 14:47:01,386  [INFO]  [2026-09-29 14:47:01]  ST=BULLISH ▲  BankNifty Close=54306.60  |  PUT SELL entry=₹773.90  LTP=₹685.80  diff=-88.10  |  CALL SELL entry=₹1227.05  LTP=₹1258.60  diff=+31.55
2026-09-29 14:47:01,711  [INFO]      CALL exit check: option_LTP=₹1261.85  Entry=₹1227.05  Diff=+34.80 pts  Threshold=111 pts
2026-09-29 14:47:01,712  [INFO]      Holding CALL short — |diff|=34.80 < 111 pts threshold.
2026-09-29 14:48:01,363  [INFO]  [2026-09-29 14:48:01]  ST=BULLISH ▲  BankNifty Close=54300.80  |  PUT SELL entry=₹773.90  LTP=₹687.40  diff=-86.50  |  CALL SELL entry=₹1227.05  LTP=₹1265.30  diff=+38.25
2026-09-29 14:48:01,666  [INFO]      CALL exit check: option_LTP=₹1265.30  Entry=₹1227.05  Diff=+38.25 pts  Threshold=111 pts
2026-09-29 14:48:01,667  [INFO]      Holding CALL short — |diff|=38.25 < 111 pts threshold.
2026-09-29 14:49:01,375  [INFO]  [2026-09-29 14:49:01]  ST=BEARISH ▼  BankNifty Close=54286.00  |  PUT SELL entry=₹773.90  LTP=₹675.00  diff=-98.90  |  CALL SELL entry=₹1227.05  LTP=₹1279.00  diff=+51.95
2026-09-29 14:49:01,577  [INFO]      PUT exit check: option_LTP=₹674.00  Entry=₹773.90  Diff=-99.90 pts  Threshold=111 pts
2026-09-29 14:49:01,577  [INFO]      Holding PUT short — |diff|=99.90 < 111 pts threshold.
2026-09-29 14:50:01,390  [INFO]  [2026-09-29 14:50:01]  ST=BEARISH ▼  BankNifty Close=54321.20  |  PUT SELL entry=₹773.90  LTP=₹674.00  diff=-99.90  |  CALL SELL entry=₹1227.05  LTP=₹1280.00  diff=+52.95
2026-09-29 14:50:01,572  [INFO]      PUT exit check: option_LTP=₹674.00  Entry=₹773.90  Diff=-99.90 pts  Threshold=111 pts
2026-09-29 14:50:01,573  [INFO]      Holding PUT short — |diff|=99.90 < 111 pts threshold.
2026-09-29 14:51:01,384  [INFO]  [2026-09-29 14:51:01]  ST=BEARISH ▼  BankNifty Close=54312.60  |  PUT SELL entry=₹773.90  LTP=₹674.80  diff=-99.10  |  CALL SELL entry=₹1227.05  LTP=₹1278.75  diff=+51.70
2026-09-29 14:51:01,581  [INFO]      PUT exit check: option_LTP=₹674.80  Entry=₹773.90  Diff=-99.10 pts  Threshold=111 pts
2026-09-29 14:51:01,581  [INFO]      Holding PUT short — |diff|=99.10 < 111 pts threshold.
2026-09-29 14:52:01,377  [INFO]  [2026-09-29 14:52:01]  ST=BEARISH ▼  BankNifty Close=54310.00  |  PUT SELL entry=₹773.90  LTP=₹670.60  diff=-103.30  |  CALL SELL entry=₹1227.05  LTP=₹1281.00  diff=+53.95
2026-09-29 14:52:01,595  [INFO]      PUT exit check: option_LTP=₹670.60  Entry=₹773.90  Diff=-103.30 pts  Threshold=111 pts
2026-09-29 14:52:01,595  [INFO]      Holding PUT short — |diff|=103.30 < 111 pts threshold.
2026-09-29 14:53:01,401  [INFO]  [2026-09-29 14:53:01]  ST=BEARISH ▼  BankNifty Close=54321.00  |  PUT SELL entry=₹773.90  LTP=₹666.90  diff=-107.00  |  CALL SELL entry=₹1227.05  LTP=₹1279.70  diff=+52.65
2026-09-29 14:53:01,603  [INFO]      PUT exit check: option_LTP=₹666.90  Entry=₹773.90  Diff=-107.00 pts  Threshold=111 pts
2026-09-29 14:53:01,603  [INFO]      Holding PUT short — |diff|=107.00 < 111 pts threshold.
2026-09-29 14:54:01,428  [INFO]  [2026-09-29 14:54:01]  ST=BEARISH ▼  BankNifty Close=54319.60  |  PUT SELL entry=₹773.90  LTP=₹666.95  diff=-106.95  |  CALL SELL entry=₹1227.05  LTP=₹1285.20  diff=+58.15
2026-09-29 14:54:01,615  [INFO]      PUT exit check: option_LTP=₹666.95  Entry=₹773.90  Diff=-106.95 pts  Threshold=111 pts
2026-09-29 14:54:01,616  [INFO]      Holding PUT short — |diff|=106.95 < 111 pts threshold.
2026-09-29 14:55:01,392  [INFO]  [2026-09-29 14:55:01]  ST=BULLISH ▲  BankNifty Close=54328.60  |  PUT SELL entry=₹773.90  LTP=₹666.55  diff=-107.35  |  CALL SELL entry=₹1227.05  LTP=₹1284.50  diff=+57.45
2026-09-29 14:55:01,707  [INFO]      CALL exit check: option_LTP=₹1284.50  Entry=₹1227.05  Diff=+57.45 pts  Threshold=111 pts
2026-09-29 14:55:01,708  [INFO]      Holding CALL short — |diff|=57.45 < 111 pts threshold.
2026-09-29 14:56:01,375  [INFO]  [2026-09-29 14:56:01]  ST=BULLISH ▲  BankNifty Close=54333.00  |  PUT SELL entry=₹773.90  LTP=₹655.00  diff=-118.90  |  CALL SELL entry=₹1227.05  LTP=₹1295.00  diff=+67.95
2026-09-29 14:56:01,709  [INFO]      CALL exit check: option_LTP=₹1295.00  Entry=₹1227.05  Diff=+67.95 pts  Threshold=111 pts
2026-09-29 14:56:01,710  [INFO]      Holding CALL short — |diff|=67.95 < 111 pts threshold.
2026-09-29 14:57:01,421  [INFO]  [2026-09-29 14:57:01]  ST=BULLISH ▲  BankNifty Close=54343.20  |  PUT SELL entry=₹773.90  LTP=₹653.55  diff=-120.35  |  CALL SELL entry=₹1227.05  LTP=₹1297.75  diff=+70.70
2026-09-29 14:57:01,724  [INFO]      CALL exit check: option_LTP=₹1293.85  Entry=₹1227.05  Diff=+66.80 pts  Threshold=111 pts
2026-09-29 14:57:01,725  [INFO]      Holding CALL short — |diff|=66.80 < 111 pts threshold.
2026-09-29 14:58:01,385  [INFO]  [2026-09-29 14:58:01]  ST=BULLISH ▲  BankNifty Close=54337.40  |  PUT SELL entry=₹773.90  LTP=₹653.95  diff=-119.95  |  CALL SELL entry=₹1227.05  LTP=₹1288.10  diff=+61.05
2026-09-29 14:58:01,687  [INFO]      CALL exit check: option_LTP=₹1288.10  Entry=₹1227.05  Diff=+61.05 pts  Threshold=111 pts
2026-09-29 14:58:01,688  [INFO]      Holding CALL short — |diff|=61.05 < 111 pts threshold.
2026-09-29 14:59:01,379  [INFO]  [2026-09-29 14:59:01]  ST=BEARISH ▼  BankNifty Close=54300.00  |  PUT SELL entry=₹773.90  LTP=₹664.05  diff=-109.85  |  CALL SELL entry=₹1227.05  LTP=₹1276.75  diff=+49.70
2026-09-29 14:59:01,574  [INFO]      PUT exit check: option_LTP=₹664.05  Entry=₹773.90  Diff=-109.85 pts  Threshold=111 pts
2026-09-29 14:59:01,575  [INFO]      Holding PUT short — |diff|=109.85 < 111 pts threshold.
2026-09-29 15:00:01,412  [INFO]  [2026-09-29 15:00:01]  ST=BEARISH ▼  BankNifty Close=54293.20  |  PUT SELL entry=₹773.90  LTP=₹668.20  diff=-105.70  |  CALL SELL entry=₹1227.05  LTP=₹1268.65  diff=+41.60
2026-09-29 15:00:01,692  [INFO]      PUT exit check: option_LTP=₹668.20  Entry=₹773.90  Diff=-105.70 pts  Threshold=111 pts
2026-09-29 15:00:01,693  [INFO]      Holding PUT short — |diff|=105.70 < 111 pts threshold.
2026-09-29 15:01:01,464  [INFO]  [2026-09-29 15:01:01]  ST=BEARISH ▼  BankNifty Close=54297.60  |  PUT SELL entry=₹773.90  LTP=₹663.20  diff=-110.70  |  CALL SELL entry=₹1227.05  LTP=₹1280.55  diff=+53.50
2026-09-29 15:01:01,753  [INFO]      PUT exit check: option_LTP=₹663.20  Entry=₹773.90  Diff=-110.70 pts  Threshold=111 pts
2026-09-29 15:01:01,753  [INFO]      Holding PUT short — |diff|=110.70 < 111 pts threshold.
2026-09-29 15:02:01,413  [INFO]  [2026-09-29 15:02:01]  ST=BEARISH ▼  BankNifty Close=54314.00  |  PUT SELL entry=₹773.90  LTP=₹669.25  diff=-104.65  |  CALL SELL entry=₹1227.05  LTP=₹1259.10  diff=+32.05
2026-09-29 15:02:01,604  [INFO]      PUT exit check: option_LTP=₹668.50  Entry=₹773.90  Diff=-105.40 pts  Threshold=111 pts
2026-09-29 15:02:01,604  [INFO]      Holding PUT short — |diff|=105.40 < 111 pts threshold.
2026-09-29 15:03:01,396  [INFO]  [2026-09-29 15:03:01]  ST=BEARISH ▼  BankNifty Close=54291.00  |  PUT SELL entry=₹773.90  LTP=₹677.25  diff=-96.65  |  CALL SELL entry=₹1227.05  LTP=₹1257.15  diff=+30.10
2026-09-29 15:03:01,596  [INFO]      PUT exit check: option_LTP=₹677.25  Entry=₹773.90  Diff=-96.65 pts  Threshold=111 pts
2026-09-29 15:03:01,596  [INFO]      Holding PUT short — |diff|=96.65 < 111 pts threshold.
2026-09-29 15:04:01,386  [INFO]  [2026-09-29 15:04:01]  ST=BEARISH ▼  BankNifty Close=54268.40  |  PUT SELL entry=₹773.90  LTP=₹676.60  diff=-97.30  |  CALL SELL entry=₹1227.05  LTP=₹1255.00  diff=+27.95
2026-09-29 15:04:01,591  [INFO]      PUT exit check: option_LTP=₹680.00  Entry=₹773.90  Diff=-93.90 pts  Threshold=111 pts
2026-09-29 15:04:01,592  [INFO]      Holding PUT short — |diff|=93.90 < 111 pts threshold.
2026-09-29 15:05:01,378  [INFO]  [2026-09-29 15:05:01]  ST=BEARISH ▼  BankNifty Close=54257.20  |  PUT SELL entry=₹773.90  LTP=₹682.50  diff=-91.40  |  CALL SELL entry=₹1227.05  LTP=₹1250.00  diff=+22.95
2026-09-29 15:05:01,562  [INFO]      PUT exit check: option_LTP=₹682.50  Entry=₹773.90  Diff=-91.40 pts  Threshold=111 pts
2026-09-29 15:05:01,562  [INFO]      Holding PUT short — |diff|=91.40 < 111 pts threshold.
2026-09-29 15:06:01,385  [INFO]  [2026-09-29 15:06:01]  ST=BEARISH ▼  BankNifty Close=54257.20  |  PUT SELL entry=₹773.90  LTP=₹681.25  diff=-92.65  |  CALL SELL entry=₹1227.05  LTP=₹1254.90  diff=+27.85
2026-09-29 15:06:01,589  [INFO]      PUT exit check: option_LTP=₹681.25  Entry=₹773.90  Diff=-92.65 pts  Threshold=111 pts
2026-09-29 15:06:01,590  [INFO]      Holding PUT short — |diff|=92.65 < 111 pts threshold.
2026-09-29 15:07:01,385  [INFO]  [2026-09-29 15:07:01]  ST=BEARISH ▼  BankNifty Close=54283.00  |  PUT SELL entry=₹773.90  LTP=₹662.95  diff=-110.95  |  CALL SELL entry=₹1227.05  LTP=₹1283.95  diff=+56.90
2026-09-29 15:07:01,618  [INFO]      PUT exit check: option_LTP=₹662.95  Entry=₹773.90  Diff=-110.95 pts  Threshold=111 pts
2026-09-29 15:07:01,619  [INFO]      Holding PUT short — |diff|=110.95 < 111 pts threshold.
2026-09-29 15:08:01,071  [WARNING]  [SQUARE-OFF TIME] Covering short PUT SELL  entry=₹773.90  symbol=BANKNIFTY26OCT54200PE
2026-09-29 15:08:01,180  [INFO]  >>> Placing LIMIT BUY (cover) PUT SELL (offset=₹2)  qty=60 x BANKNIFTY26OCT54200PE  @ ₹664.55
2026-09-29 15:08:01,294  [INFO]      BUY (cover) PUT SELL (offset=₹2) order response (ref=0659f80e861a48b69624) : {'groww_order_id': 'GLTFO26092915080266H1FHMXYUA1', 'order_status': 'NEW', 'order_reference_id': '0659f80e861a48b69624', 'remark': None}
2026-09-29 15:08:01,391  [INFO]  BUY (cover) PUT SELL: filled at offset=₹2  avg_fill_price=₹664.55  status=EXECUTED
2026-09-29 15:08:01,392  [INFO]  [TRADE] PUT SELL EXIT  symbol=BANKNIFTY26OCT54200PE  qty=60  entry=₹773.90  exit=₹664.55  time=2026-09-29 15:08:01  held=3:45:45  P&L=₹6561.00  fill_confirmed=True  order_id=GLTFO26092915080266H1FHMXYUA1  reason=SQUARE-OFF TIME
2026-09-29 15:08:01,397  [WARNING]  [SQUARE-OFF TIME] Covering short CALL SELL  entry=₹1227.05  symbol=BANKNIFTY26OCT54200CE
2026-09-29 15:08:01,497  [INFO]  >>> Placing LIMIT BUY (cover) CALL SELL (offset=₹2)  qty=60 x BANKNIFTY26OCT54200CE  @ ₹1285.95
2026-09-29 15:08:01,608  [INFO]      BUY (cover) CALL SELL (offset=₹2) order response (ref=96fefc259ed84aeaafad) : {'groww_order_id': 'GLTFO260929150802YWH7X2UL2V4K', 'order_status': 'NEW', 'order_reference_id': '96fefc259ed84aeaafad', 'remark': None}
2026-09-29 15:08:01,713  [INFO]  BUY (cover) CALL SELL: filled at offset=₹2  avg_fill_price=₹1283.70  status=EXECUTED
2026-09-29 15:08:01,714  [INFO]  [TRADE] CALL SELL EXIT  symbol=BANKNIFTY26OCT54200CE  qty=60  entry=₹1227.05  exit=₹1283.70  time=2026-09-29 15:08:01  held=1:50:59  P&L=₹-3399.00  fill_confirmed=True  order_id=GLTFO260929150802YWH7X2UL2V4K  reason=SQUARE-OFF TIME
2026-09-29 15:08:01,716  [INFO]  Session ended. Exiting strategy.
2026-09-29 15:08:29,200  [INFO]  Logging to console and to file: logs\strategy_2026-09-29.log
2026-09-29 15:08:29,228  [INFO]  Found cached Groww access token for today. Verifying token...
2026-09-29 15:08:29,456  [INFO]  Cached Groww access token verified successfully. Skipping auth endpoint.
2026-09-29 15:08:31,362  [INFO]  Selected BankNifty monthly expiry: 2026-10-27
2026-09-29 15:08:31,522  [INFO]  Using BANKNIFTY futures symbol for candle data: BANKNIFTY26SEPFUT (groww_symbol=NSE-BANKNIFTY-29Sep26-FUT)
2026-09-29 15:08:31,523  [INFO]  Strategy started.  Underlying: BANKNIFTY  Monthly expiry: 2026-10-27  Supertrend(20, 1.8)  Exit threshold: ±111 pts  Entry window: 09:23–15:05  Force-close: 15:08
2026-09-29 15:08:31,523  [INFO]  [2026-09-29 15:08:31] SQUARE-OFF TIME — no open positions.
2026-09-29 15:08:31,523  [INFO]  Session ended. Exiting strategy.
2026-09-29 15:08:33,721  [INFO]  Logging to console and to file: logs\strategy_2026-09-29.log
2026-09-29 15:08:33,722  [INFO]  Found cached Groww access token for today. Verifying token...
2026-09-29 15:08:33,926  [INFO]  Cached Groww access token verified successfully. Skipping auth endpoint.
2026-09-29 15:08:35,916  [INFO]  Selected BankNifty monthly expiry: 2026-10-27
2026-09-29 15:08:36,013  [INFO]  Using BANKNIFTY futures symbol for candle data: BANKNIFTY26SEPFUT (groww_symbol=NSE-BANKNIFTY-29Sep26-FUT)
2026-09-29 15:08:36,013  [INFO]  Strategy started.  Underlying: BANKNIFTY  Monthly expiry: 2026-10-27  Supertrend(20, 1.8)  Exit threshold: ±111 pts  Entry window: 09:23–15:05  Force-close: 15:08
2026-09-29 15:08:36,014  [INFO]  [2026-09-29 15:08:36] SQUARE-OFF TIME — no open positions.
2026-09-29 15:08:36,014  [INFO]  Session ended. Exiting strategy.
2026-09-29 15:08:38,490  [INFO]  Logging to console and to file: logs\strategy_2026-09-29.log
2026-09-29 15:08:38,491  [INFO]  Found cached Groww access token for today. Verifying token...
2026-09-29 15:08:38,934  [INFO]  Cached Groww access token verified successfully. Skipping auth endpoint.
2026-09-29 15:08:40,535  [INFO]  Selected BankNifty monthly expiry: 2026-10-27
2026-09-29 15:08:40,637  [INFO]  Using BANKNIFTY futures symbol for candle data: BANKNIFTY26SEPFUT (groww_symbol=NSE-BANKNIFTY-29Sep26-FUT)
2026-09-29 15:08:40,638  [INFO]  Strategy started.  Underlying: BANKNIFTY  Monthly expiry: 2026-10-27  Supertrend(20, 1.8)  Exit threshold: ±111 pts  Entry window: 09:23–15:05  Force-close: 15:08
2026-09-29 15:08:40,638  [INFO]  [2026-09-29 15:08:40] SQUARE-OFF TIME — no open positions.
2026-09-29 15:08:40,638  [INFO]  Session ended. Exiting strategy.
2026-09-29 15:08:42,922  [INFO]  Logging to console and to file: logs\strategy_2026-09-29.log
2026-09-29 15:08:42,923  [INFO]  Found cached Groww access token for today. Verifying token...
2026-09-29 15:08:43,129  [INFO]  Cached Groww access token verified successfully. Skipping auth endpoint.
2026-09-29 15:08:44,868  [INFO]  Selected BankNifty monthly expiry: 2026-10-27
2026-09-29 15:08:44,964  [INFO]  Using BANKNIFTY futures symbol for candle data: BANKNIFTY26SEPFUT (groww_symbol=NSE-BANKNIFTY-29Sep26-FUT)
2026-09-29 15:08:44,964  [INFO]  Strategy started.  Underlying: BANKNIFTY  Monthly expiry: 2026-10-27  Supertrend(20, 1.8)  Exit threshold: ±111 pts  Entry window: 09:23–15:05  Force-close: 15:08
2026-09-29 15:08:44,964  [INFO]  [2026-09-29 15:08:44] SQUARE-OFF TIME — no open positions.
2026-09-29 15:08:44,964  [INFO]  Session ended. Exiting strategy.
2026-09-29 15:08:47,144  [INFO]  Logging to console and to file: logs\strategy_2026-09-29.log
2026-09-29 15:08:47,145  [INFO]  Found cached Groww access token for today. Verifying token...
2026-09-29 15:08:47,365  [INFO]  Cached Groww access token verified successfully. Skipping auth endpoint.
2026-09-29 15:08:49,159  [INFO]  Selected BankNifty monthly expiry: 2026-10-27
2026-09-29 15:08:49,272  [INFO]  Using BANKNIFTY futures symbol for candle data: BANKNIFTY26SEPFUT (groww_symbol=NSE-BANKNIFTY-29Sep26-FUT)
2026-09-29 15:08:49,272  [INFO]  Strategy started.  Underlying: BANKNIFTY  Monthly expiry: 2026-10-27  Supertrend(20, 1.8)  Exit threshold: ±111 pts  Entry window: 09:23–15:05  Force-close: 15:08
2026-09-29 15:08:49,272  [INFO]  [2026-09-29 15:08:49] SQUARE-OFF TIME — no open positions.
2026-09-29 15:08:49,273  [INFO]  Session ended. Exiting strategy.
2026-09-29 15:08:51,599  [INFO]  Logging to console and to file: logs\strategy_2026-09-29.log
2026-09-29 15:08:51,600  [INFO]  Found cached Groww access token for today. Verifying token...
2026-09-29 15:08:51,801  [INFO]  Cached Groww access token verified successfully. Skipping auth endpoint.
2026-09-29 15:08:53,611  [INFO]  Selected BankNifty monthly expiry: 2026-10-27
2026-09-29 15:08:53,730  [INFO]  Using BANKNIFTY futures symbol for candle data: BANKNIFTY26SEPFUT (groww_symbol=NSE-BANKNIFTY-29Sep26-FUT)
2026-09-29 15:08:53,731  [INFO]  Strategy started.  Underlying: BANKNIFTY  Monthly expiry: 2026-10-27  Supertrend(20, 1.8)  Exit threshold: ±111 pts  Entry window: 09:23–15:05  Force-close: 15:08
2026-09-29 15:08:53,731  [INFO]  [2026-09-29 15:08:53] SQUARE-OFF TIME — no open positions.
2026-09-29 15:08:53,731  [INFO]  Session ended. Exiting strategy.
2026-09-29 15:08:55,994  [INFO]  Logging to console and to file: logs\strategy_2026-09-29.log
2026-09-29 15:08:55,997  [INFO]  Found cached Groww access token for today. Verifying token...
2026-09-29 15:08:56,200  [INFO]  Cached Groww access token verified successfully. Skipping auth endpoint.
2026-09-29 15:08:57,923  [INFO]  Selected BankNifty monthly expiry: 2026-10-27
2026-09-29 15:08:58,020  [INFO]  Using BANKNIFTY futures symbol for candle data: BANKNIFTY26SEPFUT (groww_symbol=NSE-BANKNIFTY-29Sep26-FUT)
2026-09-29 15:08:58,020  [INFO]  Strategy started.  Underlying: BANKNIFTY  Monthly expiry: 2026-10-27  Supertrend(20, 1.8)  Exit threshold: ±111 pts  Entry window: 09:23–15:05  Force-close: 15:08
2026-09-29 15:08:58,020  [INFO]  [2026-09-29 15:08:58] SQUARE-OFF TIME — no open positions.
2026-09-29 15:08:58,020  [INFO]  Session ended. Exiting strategy.
2026-09-29 15:09:00,206  [INFO]  Logging to console and to file: logs\strategy_2026-09-29.log
2026-09-29 15:09:00,206  [INFO]  Found cached Groww access token for today. Verifying token...
2026-09-29 15:09:00,401  [INFO]  Cached Groww access token verified successfully. Skipping auth endpoint.
2026-09-29 15:09:02,152  [INFO]  Selected BankNifty monthly expiry: 2026-10-27
2026-09-29 15:09:02,255  [INFO]  Using BANKNIFTY futures symbol for candle data: BANKNIFTY26SEPFUT (groww_symbol=NSE-BANKNIFTY-29Sep26-FUT)
2026-09-29 15:09:02,255  [INFO]  Strategy started.  Underlying: BANKNIFTY  Monthly expiry: 2026-10-27  Supertrend(20, 1.8)  Exit threshold: ±111 pts  Entry window: 09:23–15:05  Force-close: 15:08
2026-09-29 15:09:02,255  [INFO]  [2026-09-29 15:09:02] SQUARE-OFF TIME — no open positions.
2026-09-29 15:09:02,255  [INFO]  Session ended. Exiting strategy.
2026-09-29 15:09:04,459  [INFO]  Logging to console and to file: logs\strategy_2026-09-29.log
2026-09-29 15:09:04,460  [INFO]  Found cached Groww access token for today. Verifying token...
2026-09-29 15:09:04,687  [INFO]  Cached Groww access token verified successfully. Skipping auth endpoint.
2026-09-29 15:09:06,390  [INFO]  Selected BankNifty monthly expiry: 2026-10-27
2026-09-29 15:09:06,491  [INFO]  Using BANKNIFTY futures symbol for candle data: BANKNIFTY26SEPFUT (groww_symbol=NSE-BANKNIFTY-29Sep26-FUT)
2026-09-29 15:09:06,491  [INFO]  Strategy started.  Underlying: BANKNIFTY  Monthly expiry: 2026-10-27  Supertrend(20, 1.8)  Exit threshold: ±111 pts  Entry window: 09:23–15:05  Force-close: 15:08
2026-09-29 15:09:06,492  [INFO]  [2026-09-29 15:09:06] SQUARE-OFF TIME — no open positions.
2026-09-29 15:09:06,492  [INFO]  Session ended. Exiting strategy.
2026-09-29 15:09:08,764  [INFO]  Logging to console and to file: logs\strategy_2026-09-29.log
2026-09-29 15:09:08,765  [INFO]  Found cached Groww access token for today. Verifying token...
2026-09-29 15:09:08,961  [INFO]  Cached Groww access token verified successfully. Skipping auth endpoint.
2026-09-29 15:09:10,608  [INFO]  Selected BankNifty monthly expiry: 2026-10-27
2026-09-29 15:09:10,709  [INFO]  Using BANKNIFTY futures symbol for candle data: BANKNIFTY26SEPFUT (groww_symbol=NSE-BANKNIFTY-29Sep26-FUT)
2026-09-29 15:09:10,710  [INFO]  Strategy started.  Underlying: BANKNIFTY  Monthly expiry: 2026-10-27  Supertrend(20, 1.8)  Exit threshold: ±111 pts  Entry window: 09:23–15:05  Force-close: 15:08
2026-09-29 15:09:10,710  [INFO]  [2026-09-29 15:09:10] SQUARE-OFF TIME — no open positions.
2026-09-29 15:09:10,710  [INFO]  Session ended. Exiting strategy.
2026-09-29 15:09:13,172  [INFO]  Logging to console and to file: logs\strategy_2026-09-29.log
2026-09-29 15:09:13,173  [INFO]  Found cached Groww access token for today. Verifying token...
2026-09-29 15:09:13,386  [INFO]  Cached Groww access token verified successfully. Skipping auth endpoint.
2026-09-29 15:09:15,149  [INFO]  Selected BankNifty monthly expiry: 2026-10-27
2026-09-29 15:09:15,277  [INFO]  Using BANKNIFTY futures symbol for candle data: BANKNIFTY26SEPFUT (groww_symbol=NSE-BANKNIFTY-29Sep26-FUT)
2026-09-29 15:09:15,277  [INFO]  Strategy started.  Underlying: BANKNIFTY  Monthly expiry: 2026-10-27  Supertrend(20, 1.8)  Exit threshold: ±111 pts  Entry window: 09:23–15:05  Force-close: 15:08
2026-09-29 15:09:15,277  [INFO]  [2026-09-29 15:09:15] SQUARE-OFF TIME — no open positions.
2026-09-29 15:09:15,277  [INFO]  Session ended. Exiting strategy.
2026-09-29 15:09:17,832  [INFO]  Logging to console and to file: logs\strategy_2026-09-29.log
2026-09-29 15:09:17,833  [INFO]  Found cached Groww access token for today. Verifying token...
2026-09-29 15:09:18,039  [INFO]  Cached Groww access token verified successfully. Skipping auth endpoint.
2026-09-29 15:09:19,877  [INFO]  Selected BankNifty monthly expiry: 2026-10-27
2026-09-29 15:09:19,975  [INFO]  Using BANKNIFTY futures symbol for candle data: BANKNIFTY26SEPFUT (groww_symbol=NSE-BANKNIFTY-29Sep26-FUT)
2026-09-29 15:09:19,975  [INFO]  Strategy started.  Underlying: BANKNIFTY  Monthly expiry: 2026-10-27  Supertrend(20, 1.8)  Exit threshold: ±111 pts  Entry window: 09:23–15:05  Force-close: 15:08
2026-09-29 15:09:19,975  [INFO]  [2026-09-29 15:09:19] SQUARE-OFF TIME — no open positions.
2026-09-29 15:09:19,975  [INFO]  Session ended. Exiting strategy.
2026-09-29 15:09:22,267  [INFO]  Logging to console and to file: logs\strategy_2026-09-29.log
2026-09-29 15:09:22,268  [INFO]  Found cached Groww access token for today. Verifying token...
2026-09-29 15:09:22,482  [INFO]  Cached Groww access token verified successfully. Skipping auth endpoint.
2026-09-29 15:09:24,326  [INFO]  Selected BankNifty monthly expiry: 2026-10-27
2026-09-29 15:09:24,482  [INFO]  Using BANKNIFTY futures symbol for candle data: BANKNIFTY26SEPFUT (groww_symbol=NSE-BANKNIFTY-29Sep26-FUT)
2026-09-29 15:09:24,482  [INFO]  Strategy started.  Underlying: BANKNIFTY  Monthly expiry: 2026-10-27  Supertrend(20, 1.8)  Exit threshold: ±111 pts  Entry window: 09:23–15:05  Force-close: 15:08
2026-09-29 15:09:24,482  [INFO]  [2026-09-29 15:09:24] SQUARE-OFF TIME — no open positions.
2026-09-29 15:09:24,482  [INFO]  Session ended. Exiting strategy.
2026-09-29 15:09:26,749  [INFO]  Logging to console and to file: logs\strategy_2026-09-29.log
2026-09-29 15:09:26,750  [INFO]  Found cached Groww access token for today. Verifying token...
2026-09-29 15:09:26,953  [INFO]  Cached Groww access token verified successfully. Skipping auth endpoint.
2026-09-29 15:09:28,872  [INFO]  Selected BankNifty monthly expiry: 2026-10-27
2026-09-29 15:09:28,980  [INFO]  Using BANKNIFTY futures symbol for candle data: BANKNIFTY26SEPFUT (groww_symbol=NSE-BANKNIFTY-29Sep26-FUT)
2026-09-29 15:09:28,980  [INFO]  Strategy started.  Underlying: BANKNIFTY  Monthly expiry: 2026-10-27  Supertrend(20, 1.8)  Exit threshold: ±111 pts  Entry window: 09:23–15:05  Force-close: 15:08
2026-09-29 15:09:28,981  [INFO]  [2026-09-29 15:09:28] SQUARE-OFF TIME — no open positions.
2026-09-29 15:09:28,981  [INFO]  Session ended. Exiting strategy.
2026-09-29 15:09:31,436  [INFO]  Logging to console and to file: logs\strategy_2026-09-29.log
2026-09-29 15:09:31,437  [INFO]  Found cached Groww access token for today. Verifying token...
2026-09-29 15:09:31,633  [INFO]  Cached Groww access token verified successfully. Skipping auth endpoint.
2026-09-29 15:09:33,473  [INFO]  Selected BankNifty monthly expiry: 2026-10-27
2026-09-29 15:09:33,572  [INFO]  Using BANKNIFTY futures symbol for candle data: BANKNIFTY26SEPFUT (groww_symbol=NSE-BANKNIFTY-29Sep26-FUT)
2026-09-29 15:09:33,572  [INFO]  Strategy started.  Underlying: BANKNIFTY  Monthly expiry: 2026-10-27  Supertrend(20, 1.8)  Exit threshold: ±111 pts  Entry window: 09:23–15:05  Force-close: 15:08
2026-09-29 15:09:33,572  [INFO]  [2026-09-29 15:09:33] SQUARE-OFF TIME — no open positions.
2026-09-29 15:09:33,572  [INFO]  Session ended. Exiting strategy.
2026-09-29 15:09:35,992  [INFO]  Logging to console and to file: logs\strategy_2026-09-29.log
2026-09-29 15:09:35,993  [INFO]  Found cached Groww access token for today. Verifying token...
2026-09-29 15:09:36,222  [INFO]  Cached Groww access token verified successfully. Skipping auth endpoint.
2026-09-29 15:09:38,036  [INFO]  Selected BankNifty monthly expiry: 2026-10-27
2026-09-29 15:09:38,138  [INFO]  Using BANKNIFTY futures symbol for candle data: BANKNIFTY26SEPFUT (groww_symbol=NSE-BANKNIFTY-29Sep26-FUT)
2026-09-29 15:09:38,138  [INFO]  Strategy started.  Underlying: BANKNIFTY  Monthly expiry: 2026-10-27  Supertrend(20, 1.8)  Exit threshold: ±111 pts  Entry window: 09:23–15:05  Force-close: 15:08
2026-09-29 15:09:38,138  [INFO]  [2026-09-29 15:09:38] SQUARE-OFF TIME — no open positions.
2026-09-29 15:09:38,138  [INFO]  Session ended. Exiting strategy.
2026-09-29 15:09:40,364  [INFO]  Logging to console and to file: logs\strategy_2026-09-29.log
2026-09-29 15:09:40,366  [INFO]  Found cached Groww access token for today. Verifying token...
2026-09-29 15:09:40,560  [INFO]  Cached Groww access token verified successfully. Skipping auth endpoint.
2026-09-29 15:09:42,567  [INFO]  Selected BankNifty monthly expiry: 2026-10-27
2026-09-29 15:09:42,680  [INFO]  Using BANKNIFTY futures symbol for candle data: BANKNIFTY26SEPFUT (groww_symbol=NSE-BANKNIFTY-29Sep26-FUT)
2026-09-29 15:09:42,680  [INFO]  Strategy started.  Underlying: BANKNIFTY  Monthly expiry: 2026-10-27  Supertrend(20, 1.8)  Exit threshold: ±111 pts  Entry window: 09:23–15:05  Force-close: 15:08
2026-09-29 15:09:42,680  [INFO]  [2026-09-29 15:09:42] SQUARE-OFF TIME — no open positions.
2026-09-29 15:09:42,681  [INFO]  Session ended. Exiting strategy.
2026-09-29 15:09:45,070  [INFO]  Logging to console and to file: logs\strategy_2026-09-29.log
2026-09-29 15:09:45,071  [INFO]  Found cached Groww access token for today. Verifying token...
2026-09-29 15:09:45,270  [INFO]  Cached Groww access token verified successfully. Skipping auth endpoint.
2026-09-29 15:09:47,357  [INFO]  Selected BankNifty monthly expiry: 2026-10-27
2026-09-29 15:09:47,456  [INFO]  Using BANKNIFTY futures symbol for candle data: BANKNIFTY26SEPFUT (groww_symbol=NSE-BANKNIFTY-29Sep26-FUT)
2026-09-29 15:09:47,456  [INFO]  Strategy started.  Underlying: BANKNIFTY  Monthly expiry: 2026-10-27  Supertrend(20, 1.8)  Exit threshold: ±111 pts  Entry window: 09:23–15:05  Force-close: 15:08
2026-09-29 15:09:47,456  [INFO]  [2026-09-29 15:09:47] SQUARE-OFF TIME — no open positions.
2026-09-29 15:09:47,456  [INFO]  Session ended. Exiting strategy.
2026-09-29 15:09:49,790  [INFO]  Logging to console and to file: logs\strategy_2026-09-29.log
2026-09-29 15:09:49,791  [INFO]  Found cached Groww access token for today. Verifying token...
2026-09-29 15:09:50,000  [INFO]  Cached Groww access token verified successfully. Skipping auth endpoint.
2026-09-29 15:09:51,772  [INFO]  Selected BankNifty monthly expiry: 2026-10-27
2026-09-29 15:09:51,872  [INFO]  Using BANKNIFTY futures symbol for candle data: BANKNIFTY26SEPFUT (groww_symbol=NSE-BANKNIFTY-29Sep26-FUT)
2026-09-29 15:09:51,873  [INFO]  Strategy started.  Underlying: BANKNIFTY  Monthly expiry: 2026-10-27  Supertrend(20, 1.8)  Exit threshold: ±111 pts  Entry window: 09:23–15:05  Force-close: 15:08
2026-09-29 15:09:51,873  [INFO]  [2026-09-29 15:09:51] SQUARE-OFF TIME — no open positions.
2026-09-29 15:09:51,873  [INFO]  Session ended. Exiting strategy.
2026-09-29 15:09:54,081  [INFO]  Logging to console and to file: logs\strategy_2026-09-29.log
2026-09-29 15:09:54,082  [INFO]  Found cached Groww access token for today. Verifying token...
2026-09-29 15:09:54,287  [INFO]  Cached Groww access token verified successfully. Skipping auth endpoint.
2026-09-29 15:09:56,287  [INFO]  Selected BankNifty monthly expiry: 2026-10-27
2026-09-29 15:09:56,396  [INFO]  Using BANKNIFTY futures symbol for candle data: BANKNIFTY26SEPFUT (groww_symbol=NSE-BANKNIFTY-29Sep26-FUT)
2026-09-29 15:09:56,397  [INFO]  Strategy started.  Underlying: BANKNIFTY  Monthly expiry: 2026-10-27  Supertrend(20, 1.8)  Exit threshold: ±111 pts  Entry window: 09:23–15:05  Force-close: 15:08
2026-09-29 15:09:56,397  [INFO]  [2026-09-29 15:09:56] SQUARE-OFF TIME — no open positions.
2026-09-29 15:09:56,397  [INFO]  Session ended. Exiting strategy.
2026-09-29 15:09:58,661  [INFO]  Logging to console and to file: logs\strategy_2026-09-29.log
2026-09-29 15:09:58,662  [INFO]  Found cached Groww access token for today. Verifying token...
2026-09-29 15:09:58,859  [INFO]  Cached Groww access token verified successfully. Skipping auth endpoint.
2026-09-29 15:10:00,615  [INFO]  Selected BankNifty monthly expiry: 2026-10-27
2026-09-29 15:10:00,720  [INFO]  Using BANKNIFTY futures symbol for candle data: BANKNIFTY26SEPFUT (groww_symbol=NSE-BANKNIFTY-29Sep26-FUT)
2026-09-29 15:10:00,720  [INFO]  Strategy started.  Underlying: BANKNIFTY  Monthly expiry: 2026-10-27  Supertrend(20, 1.8)  Exit threshold: ±111 pts  Entry window: 09:23–15:05  Force-close: 15:08
2026-09-29 15:10:00,721  [INFO]  [2026-09-29 15:10:00] SQUARE-OFF TIME — no open positions.
2026-09-29 15:10:00,721  [INFO]  Session ended. Exiting strategy.
2026-09-29 15:10:02,998  [INFO]  Logging to console and to file: logs\strategy_2026-09-29.log
2026-09-29 15:10:02,999  [INFO]  Found cached Groww access token for today. Verifying token...
2026-09-29 15:10:03,201  [INFO]  Cached Groww access token verified successfully. Skipping auth endpoint.
2026-09-29 15:10:05,034  [INFO]  Selected BankNifty monthly expiry: 2026-10-27
2026-09-29 15:10:05,157  [INFO]  Using BANKNIFTY futures symbol for candle data: BANKNIFTY26SEPFUT (groww_symbol=NSE-BANKNIFTY-29Sep26-FUT)
2026-09-29 15:10:05,157  [INFO]  Strategy started.  Underlying: BANKNIFTY  Monthly expiry: 2026-10-27  Supertrend(20, 1.8)  Exit threshold: ±111 pts  Entry window: 09:23–15:05  Force-close: 15:08
2026-09-29 15:10:05,158  [INFO]  [2026-09-29 15:10:05] SQUARE-OFF TIME — no open positions.
2026-09-29 15:10:05,158  [INFO]  Session ended. Exiting strategy.
2026-09-29 15:10:07,463  [INFO]  Logging to console and to file: logs\strategy_2026-09-29.log
2026-09-29 15:10:07,464  [INFO]  Found cached Groww access token for today. Verifying token...
2026-09-29 15:10:07,679  [INFO]  Cached Groww access token verified successfully. Skipping auth endpoint.
2026-09-29 15:10:09,531  [INFO]  Selected BankNifty monthly expiry: 2026-10-27
2026-09-29 15:10:09,633  [INFO]  Using BANKNIFTY futures symbol for candle data: BANKNIFTY26SEPFUT (groww_symbol=NSE-BANKNIFTY-29Sep26-FUT)
2026-09-29 15:10:09,634  [INFO]  Strategy started.  Underlying: BANKNIFTY  Monthly expiry: 2026-10-27  Supertrend(20, 1.8)  Exit threshold: ±111 pts  Entry window: 09:23–15:05  Force-close: 15:08
2026-09-29 15:10:09,634  [INFO]  [2026-09-29 15:10:09] SQUARE-OFF TIME — no open positions.
2026-09-29 15:10:09,634  [INFO]  Session ended. Exiting strategy.
2026-09-29 15:10:11,844  [INFO]  Logging to console and to file: logs\strategy_2026-09-29.log
2026-09-29 15:10:11,844  [INFO]  Found cached Groww access token for today. Verifying token...
2026-09-29 15:10:12,045  [INFO]  Cached Groww access token verified successfully. Skipping auth endpoint.
2026-09-29 15:10:13,815  [INFO]  Selected BankNifty monthly expiry: 2026-10-27
2026-09-29 15:10:13,911  [INFO]  Using BANKNIFTY futures symbol for candle data: BANKNIFTY26SEPFUT (groww_symbol=NSE-BANKNIFTY-29Sep26-FUT)
2026-09-29 15:10:13,911  [INFO]  Strategy started.  Underlying: BANKNIFTY  Monthly expiry: 2026-10-27  Supertrend(20, 1.8)  Exit threshold: ±111 pts  Entry window: 09:23–15:05  Force-close: 15:08
2026-09-29 15:10:13,912  [INFO]  [2026-09-29 15:10:13] SQUARE-OFF TIME — no open positions.
2026-09-29 15:10:13,912  [INFO]  Session ended. Exiting strategy.
2026-09-29 15:10:16,038  [INFO]  Logging to console and to file: logs\strategy_2026-09-29.log
2026-09-29 15:10:16,039  [INFO]  Found cached Groww access token for today. Verifying token...
2026-09-29 15:10:16,249  [INFO]  Cached Groww access token verified successfully. Skipping auth endpoint.
2026-09-29 15:10:17,916  [INFO]  Selected BankNifty monthly expiry: 2026-10-27
2026-09-29 15:10:18,018  [INFO]  Using BANKNIFTY futures symbol for candle data: BANKNIFTY26SEPFUT (groww_symbol=NSE-BANKNIFTY-29Sep26-FUT)
2026-09-29 15:10:18,019  [INFO]  Strategy started.  Underlying: BANKNIFTY  Monthly expiry: 2026-10-27  Supertrend(20, 1.8)  Exit threshold: ±111 pts  Entry window: 09:23–15:05  Force-close: 15:08
2026-09-29 15:10:18,019  [INFO]  [2026-09-29 15:10:18] SQUARE-OFF TIME — no open positions.
2026-09-29 15:10:18,019  [INFO]  Session ended. Exiting strategy.
2026-09-29 15:10:20,388  [INFO]  Logging to console and to file: logs\strategy_2026-09-29.log
2026-09-29 15:10:20,389  [INFO]  Found cached Groww access token for today. Verifying token...
2026-09-29 15:10:20,602  [INFO]  Cached Groww access token verified successfully. Skipping auth endpoint.
2026-09-29 15:10:22,463  [INFO]  Selected BankNifty monthly expiry: 2026-10-27
2026-09-29 15:10:22,578  [INFO]  Using BANKNIFTY futures symbol for candle data: BANKNIFTY26SEPFUT (groww_symbol=NSE-BANKNIFTY-29Sep26-FUT)
2026-09-29 15:10:22,578  [INFO]  Strategy started.  Underlying: BANKNIFTY  Monthly expiry: 2026-10-27  Supertrend(20, 1.8)  Exit threshold: ±111 pts  Entry window: 09:23–15:05  Force-close: 15:08
2026-09-29 15:10:22,578  [INFO]  [2026-09-29 15:10:22] SQUARE-OFF TIME — no open positions.
2026-09-29 15:10:22,578  [INFO]  Session ended. Exiting strategy.
2026-09-29 15:10:24,896  [INFO]  Logging to console and to file: logs\strategy_2026-09-29.log
2026-09-29 15:10:24,897  [INFO]  Found cached Groww access token for today. Verifying token...
2026-09-29 15:10:25,104  [INFO]  Cached Groww access token verified successfully. Skipping auth endpoint.
2026-09-29 15:10:26,933  [INFO]  Selected BankNifty monthly expiry: 2026-10-27
2026-09-29 15:10:27,042  [INFO]  Using BANKNIFTY futures symbol for candle data: BANKNIFTY26SEPFUT (groww_symbol=NSE-BANKNIFTY-29Sep26-FUT)
2026-09-29 15:10:27,042  [INFO]  Strategy started.  Underlying: BANKNIFTY  Monthly expiry: 2026-10-27  Supertrend(20, 1.8)  Exit threshold: ±111 pts  Entry window: 09:23–15:05  Force-close: 15:08
2026-09-29 15:10:27,042  [INFO]  [2026-09-29 15:10:27] SQUARE-OFF TIME — no open positions.
2026-09-29 15:10:27,043  [INFO]  Session ended. Exiting strategy.
2026-09-29 15:10:29,369  [INFO]  Logging to console and to file: logs\strategy_2026-09-29.log
2026-09-29 15:10:29,370  [INFO]  Found cached Groww access token for today. Verifying token...
2026-09-29 15:10:29,606  [INFO]  Cached Groww access token verified successfully. Skipping auth endpoint.
2026-09-29 15:10:31,286  [INFO]  Selected BankNifty monthly expiry: 2026-10-27
2026-09-29 15:10:31,390  [INFO]  Using BANKNIFTY futures symbol for candle data: BANKNIFTY26SEPFUT (groww_symbol=NSE-BANKNIFTY-29Sep26-FUT)
2026-09-29 15:10:31,390  [INFO]  Strategy started.  Underlying: BANKNIFTY  Monthly expiry: 2026-10-27  Supertrend(20, 1.8)  Exit threshold: ±111 pts  Entry window: 09:23–15:05  Force-close: 15:08
2026-09-29 15:10:31,391  [INFO]  [2026-09-29 15:10:31] SQUARE-OFF TIME — no open positions.
2026-09-29 15:10:31,391  [INFO]  Session ended. Exiting strategy.
2026-09-29 15:10:33,626  [INFO]  Logging to console and to file: logs\strategy_2026-09-29.log
2026-09-29 15:10:33,627  [INFO]  Found cached Groww access token for today. Verifying token...
2026-09-29 15:10:33,815  [INFO]  Cached Groww access token verified successfully. Skipping auth endpoint.
2026-09-29 15:10:35,533  [INFO]  Selected BankNifty monthly expiry: 2026-10-27
2026-09-29 15:10:35,633  [INFO]  Using BANKNIFTY futures symbol for candle data: BANKNIFTY26SEPFUT (groww_symbol=NSE-BANKNIFTY-29Sep26-FUT)
2026-09-29 15:10:35,633  [INFO]  Strategy started.  Underlying: BANKNIFTY  Monthly expiry: 2026-10-27  Supertrend(20, 1.8)  Exit threshold: ±111 pts  Entry window: 09:23–15:05  Force-close: 15:08
2026-09-29 15:10:35,634  [INFO]  [2026-09-29 15:10:35] SQUARE-OFF TIME — no open positions.
2026-09-29 15:10:35,634  [INFO]  Session ended. Exiting strategy.
2026-09-29 15:10:38,039  [INFO]  Logging to console and to file: logs\strategy_2026-09-29.log
2026-09-29 15:10:38,040  [INFO]  Found cached Groww access token for today. Verifying token...
2026-09-29 15:10:38,233  [INFO]  Cached Groww access token verified successfully. Skipping auth endpoint.
2026-09-29 15:10:39,917  [INFO]  Selected BankNifty monthly expiry: 2026-10-27
2026-09-29 15:10:40,013  [INFO]  Using BANKNIFTY futures symbol for candle data: BANKNIFTY26SEPFUT (groww_symbol=NSE-BANKNIFTY-29Sep26-FUT)
2026-09-29 15:10:40,013  [INFO]  Strategy started.  Underlying: BANKNIFTY  Monthly expiry: 2026-10-27  Supertrend(20, 1.8)  Exit threshold: ±111 pts  Entry window: 09:23–15:05  Force-close: 15:08
2026-09-29 15:10:40,013  [INFO]  [2026-09-29 15:10:40] SQUARE-OFF TIME — no open positions.
2026-09-29 15:10:40,013  [INFO]  Session ended. Exiting strategy.
2026-09-29 15:10:42,144  [INFO]  Logging to console and to file: logs\strategy_2026-09-29.log
2026-09-29 15:10:42,145  [INFO]  Found cached Groww access token for today. Verifying token...
2026-09-29 15:10:42,362  [INFO]  Cached Groww access token verified successfully. Skipping auth endpoint.
2026-09-29 15:10:44,034  [INFO]  Selected BankNifty monthly expiry: 2026-10-27
2026-09-29 15:10:44,129  [INFO]  Using BANKNIFTY futures symbol for candle data: BANKNIFTY26SEPFUT (groww_symbol=NSE-BANKNIFTY-29Sep26-FUT)
2026-09-29 15:10:44,130  [INFO]  Strategy started.  Underlying: BANKNIFTY  Monthly expiry: 2026-10-27  Supertrend(20, 1.8)  Exit threshold: ±111 pts  Entry window: 09:23–15:05  Force-close: 15:08
2026-09-29 15:10:44,130  [INFO]  [2026-09-29 15:10:44] SQUARE-OFF TIME — no open positions.
2026-09-29 15:10:44,130  [INFO]  Session ended. Exiting strategy.
2026-09-29 15:10:46,277  [INFO]  Logging to console and to file: logs\strategy_2026-09-29.log
2026-09-29 15:10:46,278  [INFO]  Found cached Groww access token for today. Verifying token...
2026-09-29 15:10:46,495  [INFO]  Cached Groww access token verified successfully. Skipping auth endpoint.
2026-09-29 15:10:48,170  [INFO]  Selected BankNifty monthly expiry: 2026-10-27
2026-09-29 15:10:48,269  [INFO]  Using BANKNIFTY futures symbol for candle data: BANKNIFTY26SEPFUT (groww_symbol=NSE-BANKNIFTY-29Sep26-FUT)
2026-09-29 15:10:48,269  [INFO]  Strategy started.  Underlying: BANKNIFTY  Monthly expiry: 2026-10-27  Supertrend(20, 1.8)  Exit threshold: ±111 pts  Entry window: 09:23–15:05  Force-close: 15:08
2026-09-29 15:10:48,269  [INFO]  [2026-09-29 15:10:48] SQUARE-OFF TIME — no open positions.
2026-09-29 15:10:48,269  [INFO]  Session ended. Exiting strategy.
2026-09-29 15:10:50,620  [INFO]  Logging to console and to file: logs\strategy_2026-09-29.log
2026-09-29 15:10:50,621  [INFO]  Found cached Groww access token for today. Verifying token...
2026-09-29 15:10:50,815  [INFO]  Cached Groww access token verified successfully. Skipping auth endpoint.
2026-09-29 15:10:52,610  [INFO]  Selected BankNifty monthly expiry: 2026-10-27
2026-09-29 15:10:52,708  [INFO]  Using BANKNIFTY futures symbol for candle data: BANKNIFTY26SEPFUT (groww_symbol=NSE-BANKNIFTY-29Sep26-FUT)
2026-09-29 15:10:52,709  [INFO]  Strategy started.  Underlying: BANKNIFTY  Monthly expiry: 2026-10-27  Supertrend(20, 1.8)  Exit threshold: ±111 pts  Entry window: 09:23–15:05  Force-close: 15:08
2026-09-29 15:10:52,709  [INFO]  [2026-09-29 15:10:52] SQUARE-OFF TIME — no open positions.
2026-09-29 15:10:52,709  [INFO]  Session ended. Exiting strategy.
2026-09-29 15:10:55,051  [INFO]  Logging to console and to file: logs\strategy_2026-09-29.log
2026-09-29 15:10:55,052  [INFO]  Found cached Groww access token for today. Verifying token...
2026-09-29 15:10:55,291  [INFO]  Cached Groww access token verified successfully. Skipping auth endpoint.
2026-09-29 15:10:57,106  [INFO]  Selected BankNifty monthly expiry: 2026-10-27
2026-09-29 15:10:57,207  [INFO]  Using BANKNIFTY futures symbol for candle data: BANKNIFTY26SEPFUT (groww_symbol=NSE-BANKNIFTY-29Sep26-FUT)
2026-09-29 15:10:57,207  [INFO]  Strategy started.  Underlying: BANKNIFTY  Monthly expiry: 2026-10-27  Supertrend(20, 1.8)  Exit threshold: ±111 pts  Entry window: 09:23–15:05  Force-close: 15:08
2026-09-29 15:10:57,208  [INFO]  [2026-09-29 15:10:57] SQUARE-OFF TIME — no open positions.
2026-09-29 15:10:57,208  [INFO]  Session ended. Exiting strategy.
2026-09-29 15:10:59,713  [INFO]  Logging to console and to file: logs\strategy_2026-09-29.log
2026-09-29 15:10:59,714  [INFO]  Found cached Groww access token for today. Verifying token...
2026-09-29 15:10:59,920  [INFO]  Cached Groww access token verified successfully. Skipping auth endpoint.
2026-09-29 15:11:01,913  [INFO]  Selected BankNifty monthly expiry: 2026-10-27
2026-09-29 15:11:02,009  [INFO]  Using BANKNIFTY futures symbol for candle data: BANKNIFTY26SEPFUT (groww_symbol=NSE-BANKNIFTY-29Sep26-FUT)
2026-09-29 15:11:02,010  [INFO]  Strategy started.  Underlying: BANKNIFTY  Monthly expiry: 2026-10-27  Supertrend(20, 1.8)  Exit threshold: ±111 pts  Entry window: 09:23–15:05  Force-close: 15:08
2026-09-29 15:11:02,010  [INFO]  [2026-09-29 15:11:02] SQUARE-OFF TIME — no open positions.
2026-09-29 15:11:02,010  [INFO]  Session ended. Exiting strategy.
2026-09-29 15:11:04,292  [INFO]  Logging to console and to file: logs\strategy_2026-09-29.log
2026-09-29 15:11:04,293  [INFO]  Found cached Groww access token for today. Verifying token...
2026-09-29 15:11:04,526  [INFO]  Cached Groww access token verified successfully. Skipping auth endpoint.
2026-09-29 15:11:06,604  [INFO]  Selected BankNifty monthly expiry: 2026-10-27
2026-09-29 15:11:06,702  [INFO]  Using BANKNIFTY futures symbol for candle data: BANKNIFTY26SEPFUT (groww_symbol=NSE-BANKNIFTY-29Sep26-FUT)
2026-09-29 15:11:06,702  [INFO]  Strategy started.  Underlying: BANKNIFTY  Monthly expiry: 2026-10-27  Supertrend(20, 1.8)  Exit threshold: ±111 pts  Entry window: 09:23–15:05  Force-close: 15:08
2026-09-29 15:11:06,703  [INFO]  [2026-09-29 15:11:06] SQUARE-OFF TIME — no open positions.
2026-09-29 15:11:06,703  [INFO]  Session ended. Exiting strategy.
2026-09-29 15:11:08,870  [INFO]  Logging to console and to file: logs\strategy_2026-09-29.log
2026-09-29 15:11:08,871  [INFO]  Found cached Groww access token for today. Verifying token...
2026-09-29 15:11:09,058  [INFO]  Cached Groww access token verified successfully. Skipping auth endpoint.
2026-09-29 15:11:10,654  [INFO]  Selected BankNifty monthly expiry: 2026-10-27
2026-09-29 15:11:10,765  [INFO]  Using BANKNIFTY futures symbol for candle data: BANKNIFTY26SEPFUT (groww_symbol=NSE-BANKNIFTY-29Sep26-FUT)
2026-09-29 15:11:10,765  [INFO]  Strategy started.  Underlying: BANKNIFTY  Monthly expiry: 2026-10-27  Supertrend(20, 1.8)  Exit threshold: ±111 pts  Entry window: 09:23–15:05  Force-close: 15:08
2026-09-29 15:11:10,765  [INFO]  [2026-09-29 15:11:10] SQUARE-OFF TIME — no open positions.
2026-09-29 15:11:10,766  [INFO]  Session ended. Exiting strategy.
2026-09-29 15:11:13,239  [INFO]  Logging to console and to file: logs\strategy_2026-09-29.log
2026-09-29 15:11:13,240  [INFO]  Found cached Groww access token for today. Verifying token...
2026-09-29 15:11:13,464  [INFO]  Cached Groww access token verified successfully. Skipping auth endpoint.
2026-09-29 15:11:15,032  [INFO]  Selected BankNifty monthly expiry: 2026-10-27
2026-09-29 15:11:15,130  [INFO]  Using BANKNIFTY futures symbol for candle data: BANKNIFTY26SEPFUT (groww_symbol=NSE-BANKNIFTY-29Sep26-FUT)
2026-09-29 15:11:15,130  [INFO]  Strategy started.  Underlying: BANKNIFTY  Monthly expiry: 2026-10-27  Supertrend(20, 1.8)  Exit threshold: ±111 pts  Entry window: 09:23–15:05  Force-close: 15:08
2026-09-29 15:11:15,131  [INFO]  [2026-09-29 15:11:15] SQUARE-OFF TIME — no open positions.
2026-09-29 15:11:15,131  [INFO]  Session ended. Exiting strategy.
2026-09-29 15:11:17,381  [INFO]  Logging to console and to file: logs\strategy_2026-09-29.log
2026-09-29 15:11:17,382  [INFO]  Found cached Groww access token for today. Verifying token...
2026-09-29 15:11:17,595  [INFO]  Cached Groww access token verified successfully. Skipping auth endpoint.
2026-09-29 15:11:19,265  [INFO]  Selected BankNifty monthly expiry: 2026-10-27
2026-09-29 15:11:19,369  [INFO]  Using BANKNIFTY futures symbol for candle data: BANKNIFTY26SEPFUT (groww_symbol=NSE-BANKNIFTY-29Sep26-FUT)
2026-09-29 15:11:19,369  [INFO]  Strategy started.  Underlying: BANKNIFTY  Monthly expiry: 2026-10-27  Supertrend(20, 1.8)  Exit threshold: ±111 pts  Entry window: 09:23–15:05  Force-close: 15:08
2026-09-29 15:11:19,369  [INFO]  [2026-09-29 15:11:19] SQUARE-OFF TIME — no open positions.
2026-09-29 15:11:19,369  [INFO]  Session ended. Exiting strategy.
2026-09-29 15:11:21,591  [INFO]  Logging to console and to file: logs\strategy_2026-09-29.log
2026-09-29 15:11:21,592  [INFO]  Found cached Groww access token for today. Verifying token...
2026-09-29 15:11:21,786  [INFO]  Cached Groww access token verified successfully. Skipping auth endpoint.
2026-09-29 15:11:23,563  [INFO]  Selected BankNifty monthly expiry: 2026-10-27
2026-09-29 15:11:23,702  [INFO]  Using BANKNIFTY futures symbol for candle data: BANKNIFTY26SEPFUT (groww_symbol=NSE-BANKNIFTY-29Sep26-FUT)
2026-09-29 15:11:23,702  [INFO]  Strategy started.  Underlying: BANKNIFTY  Monthly expiry: 2026-10-27  Supertrend(20, 1.8)  Exit threshold: ±111 pts  Entry window: 09:23–15:05  Force-close: 15:08
2026-09-29 15:11:23,703  [INFO]  [2026-09-29 15:11:23] SQUARE-OFF TIME — no open positions.
2026-09-29 15:11:23,703  [INFO]  Session ended. Exiting strategy.
2026-09-29 15:11:25,993  [INFO]  Logging to console and to file: logs\strategy_2026-09-29.log
2026-09-29 15:11:25,996  [INFO]  Found cached Groww access token for today. Verifying token...
2026-09-29 15:11:26,201  [INFO]  Cached Groww access token verified successfully. Skipping auth endpoint.
2026-09-29 15:11:28,402  [INFO]  Selected BankNifty monthly expiry: 2026-10-27
2026-09-29 15:11:28,536  [INFO]  Using BANKNIFTY futures symbol for candle data: BANKNIFTY26SEPFUT (groww_symbol=NSE-BANKNIFTY-29Sep26-FUT)
2026-09-29 15:11:28,536  [INFO]  Strategy started.  Underlying: BANKNIFTY  Monthly expiry: 2026-10-27  Supertrend(20, 1.8)  Exit threshold: ±111 pts  Entry window: 09:23–15:05  Force-close: 15:08
2026-09-29 15:11:28,537  [INFO]  [2026-09-29 15:11:28] SQUARE-OFF TIME — no open positions.
2026-09-29 15:11:28,537  [INFO]  Session ended. Exiting strategy.
2026-09-29 15:11:30,871  [INFO]  Logging to console and to file: logs\strategy_2026-09-29.log
2026-09-29 15:11:30,874  [INFO]  Found cached Groww access token for today. Verifying token...
2026-09-29 15:11:31,095  [INFO]  Cached Groww access token verified successfully. Skipping auth endpoint.
2026-09-29 15:11:33,162  [INFO]  Selected BankNifty monthly expiry: 2026-10-27
2026-09-29 15:11:33,272  [INFO]  Using BANKNIFTY futures symbol for candle data: BANKNIFTY26SEPFUT (groww_symbol=NSE-BANKNIFTY-29Sep26-FUT)
2026-09-29 15:11:33,273  [INFO]  Strategy started.  Underlying: BANKNIFTY  Monthly expiry: 2026-10-27  Supertrend(20, 1.8)  Exit threshold: ±111 pts  Entry window: 09:23–15:05  Force-close: 15:08
2026-09-29 15:11:33,273  [INFO]  [2026-09-29 15:11:33] SQUARE-OFF TIME — no open positions.
2026-09-29 15:11:33,273  [INFO]  Session ended. Exiting strategy.
2026-09-29 15:11:35,437  [INFO]  Logging to console and to file: logs\strategy_2026-09-29.log
2026-09-29 15:11:35,438  [INFO]  Found cached Groww access token for today. Verifying token...
2026-09-29 15:11:35,643  [INFO]  Cached Groww access token verified successfully. Skipping auth endpoint.
2026-09-29 15:11:37,361  [INFO]  Selected BankNifty monthly expiry: 2026-10-27
2026-09-29 15:11:37,494  [INFO]  Using BANKNIFTY futures symbol for candle data: BANKNIFTY26SEPFUT (groww_symbol=NSE-BANKNIFTY-29Sep26-FUT)
2026-09-29 15:11:37,494  [INFO]  Strategy started.  Underlying: BANKNIFTY  Monthly expiry: 2026-10-27  Supertrend(20, 1.8)  Exit threshold: ±111 pts  Entry window: 09:23–15:05  Force-close: 15:08
2026-09-29 15:11:37,495  [INFO]  [2026-09-29 15:11:37] SQUARE-OFF TIME — no open positions.
2026-09-29 15:11:37,495  [INFO]  Session ended. Exiting strategy.
2026-09-29 15:11:39,637  [INFO]  Logging to console and to file: logs\strategy_2026-09-29.log
2026-09-29 15:11:39,638  [INFO]  Found cached Groww access token for today. Verifying token...
2026-09-29 15:11:39,839  [INFO]  Cached Groww access token verified successfully. Skipping auth endpoint.
2026-09-29 15:11:41,784  [INFO]  Selected BankNifty monthly expiry: 2026-10-27
2026-09-29 15:11:41,881  [INFO]  Using BANKNIFTY futures symbol for candle data: BANKNIFTY26SEPFUT (groww_symbol=NSE-BANKNIFTY-29Sep26-FUT)
2026-09-29 15:11:41,881  [INFO]  Strategy started.  Underlying: BANKNIFTY  Monthly expiry: 2026-10-27  Supertrend(20, 1.8)  Exit threshold: ±111 pts  Entry window: 09:23–15:05  Force-close: 15:08
2026-09-29 15:11:41,881  [INFO]  [2026-09-29 15:11:41] SQUARE-OFF TIME — no open positions.
2026-09-29 15:11:41,882  [INFO]  Session ended. Exiting strategy.
2026-09-29 15:11:44,101  [INFO]  Logging to console and to file: logs\strategy_2026-09-29.log
2026-09-29 15:11:44,102  [INFO]  Found cached Groww access token for today. Verifying token...
2026-09-29 15:11:44,327  [INFO]  Cached Groww access token verified successfully. Skipping auth endpoint.
2026-09-29 15:11:46,011  [INFO]  Selected BankNifty monthly expiry: 2026-10-27
2026-09-29 15:11:46,106  [INFO]  Using BANKNIFTY futures symbol for candle data: BANKNIFTY26SEPFUT (groww_symbol=NSE-BANKNIFTY-29Sep26-FUT)
2026-09-29 15:11:46,107  [INFO]  Strategy started.  Underlying: BANKNIFTY  Monthly expiry: 2026-10-27  Supertrend(20, 1.8)  Exit threshold: ±111 pts  Entry window: 09:23–15:05  Force-close: 15:08
2026-09-29 15:11:46,107  [INFO]  [2026-09-29 15:11:46] SQUARE-OFF TIME — no open positions.
2026-09-29 15:11:46,107  [INFO]  Session ended. Exiting strategy.
2026-09-29 15:11:48,198  [INFO]  Logging to console and to file: logs\strategy_2026-09-29.log
2026-09-29 15:11:48,198  [INFO]  Found cached Groww access token for today. Verifying token...
2026-09-29 15:11:48,417  [INFO]  Cached Groww access token verified successfully. Skipping auth endpoint.
2026-09-29 15:11:50,028  [INFO]  Selected BankNifty monthly expiry: 2026-10-27
2026-09-29 15:11:50,126  [INFO]  Using BANKNIFTY futures symbol for candle data: BANKNIFTY26SEPFUT (groww_symbol=NSE-BANKNIFTY-29Sep26-FUT)
2026-09-29 15:11:50,126  [INFO]  Strategy started.  Underlying: BANKNIFTY  Monthly expiry: 2026-10-27  Supertrend(20, 1.8)  Exit threshold: ±111 pts  Entry window: 09:23–15:05  Force-close: 15:08
2026-09-29 15:11:50,126  [INFO]  [2026-09-29 15:11:50] SQUARE-OFF TIME — no open positions.
2026-09-29 15:11:50,126  [INFO]  Session ended. Exiting strategy.
2026-09-29 15:11:52,376  [INFO]  Logging to console and to file: logs\strategy_2026-09-29.log
2026-09-29 15:11:52,377  [INFO]  Found cached Groww access token for today. Verifying token...
2026-09-29 15:11:52,574  [INFO]  Cached Groww access token verified successfully. Skipping auth endpoint.
2026-09-29 15:11:54,485  [INFO]  Selected BankNifty monthly expiry: 2026-10-27
2026-09-29 15:11:54,597  [INFO]  Using BANKNIFTY futures symbol for candle data: BANKNIFTY26SEPFUT (groww_symbol=NSE-BANKNIFTY-29Sep26-FUT)
2026-09-29 15:11:54,597  [INFO]  Strategy started.  Underlying: BANKNIFTY  Monthly expiry: 2026-10-27  Supertrend(20, 1.8)  Exit threshold: ±111 pts  Entry window: 09:23–15:05  Force-close: 15:08
2026-09-29 15:11:54,597  [INFO]  [2026-09-29 15:11:54] SQUARE-OFF TIME — no open positions.
2026-09-29 15:11:54,598  [INFO]  Session ended. Exiting strategy.
2026-09-29 15:11:56,719  [INFO]  Logging to console and to file: logs\strategy_2026-09-29.log
2026-09-29 15:11:56,719  [INFO]  Found cached Groww access token for today. Verifying token...
2026-09-29 15:11:56,922  [INFO]  Cached Groww access token verified successfully. Skipping auth endpoint.
2026-09-29 15:11:58,897  [INFO]  Selected BankNifty monthly expiry: 2026-10-27
2026-09-29 15:11:58,997  [INFO]  Using BANKNIFTY futures symbol for candle data: BANKNIFTY26SEPFUT (groww_symbol=NSE-BANKNIFTY-29Sep26-FUT)
2026-09-29 15:11:58,997  [INFO]  Strategy started.  Underlying: BANKNIFTY  Monthly expiry: 2026-10-27  Supertrend(20, 1.8)  Exit threshold: ±111 pts  Entry window: 09:23–15:05  Force-close: 15:08
2026-09-29 15:11:58,997  [INFO]  [2026-09-29 15:11:58] SQUARE-OFF TIME — no open positions.
2026-09-29 15:11:58,997  [INFO]  Session ended. Exiting strategy.
2026-09-29 15:12:01,168  [INFO]  Logging to console and to file: logs\strategy_2026-09-29.log
2026-09-29 15:12:01,169  [INFO]  Found cached Groww access token for today. Verifying token...
2026-09-29 15:12:01,397  [INFO]  Cached Groww access token verified successfully. Skipping auth endpoint.
2026-09-29 15:12:03,033  [INFO]  Selected BankNifty monthly expiry: 2026-10-27
2026-09-29 15:12:03,133  [INFO]  Using BANKNIFTY futures symbol for candle data: BANKNIFTY26SEPFUT (groww_symbol=NSE-BANKNIFTY-29Sep26-FUT)
2026-09-29 15:12:03,134  [INFO]  Strategy started.  Underlying: BANKNIFTY  Monthly expiry: 2026-10-27  Supertrend(20, 1.8)  Exit threshold: ±111 pts  Entry window: 09:23–15:05  Force-close: 15:08
2026-09-29 15:12:03,134  [INFO]  [2026-09-29 15:12:03] SQUARE-OFF TIME — no open positions.
2026-09-29 15:12:03,134  [INFO]  Session ended. Exiting strategy.
2026-09-29 15:12:05,267  [INFO]  Logging to console and to file: logs\strategy_2026-09-29.log
2026-09-29 15:12:05,268  [INFO]  Found cached Groww access token for today. Verifying token...
2026-09-29 15:12:05,513  [INFO]  Cached Groww access token verified successfully. Skipping auth endpoint.
2026-09-29 15:12:08,169  [INFO]  Selected BankNifty monthly expiry: 2026-10-27
2026-09-29 15:12:08,284  [INFO]  Using BANKNIFTY futures symbol for candle data: BANKNIFTY26SEPFUT (groww_symbol=NSE-BANKNIFTY-29Sep26-FUT)
2026-09-29 15:12:08,285  [INFO]  Strategy started.  Underlying: BANKNIFTY  Monthly expiry: 2026-10-27  Supertrend(20, 1.8)  Exit threshold: ±111 pts  Entry window: 09:23–15:05  Force-close: 15:08
2026-09-29 15:12:08,285  [INFO]  [2026-09-29 15:12:08] SQUARE-OFF TIME — no open positions.
2026-09-29 15:12:08,285  [INFO]  Session ended. Exiting strategy.
2026-09-29 15:12:10,696  [INFO]  Logging to console and to file: logs\strategy_2026-09-29.log
2026-09-29 15:12:10,697  [INFO]  Found cached Groww access token for today. Verifying token...
2026-09-29 15:12:10,898  [INFO]  Cached Groww access token verified successfully. Skipping auth endpoint.
2026-09-29 15:12:13,191  [INFO]  Selected BankNifty monthly expiry: 2026-10-27
2026-09-29 15:12:13,295  [INFO]  Using BANKNIFTY futures symbol for candle data: BANKNIFTY26SEPFUT (groww_symbol=NSE-BANKNIFTY-29Sep26-FUT)
2026-09-29 15:12:13,295  [INFO]  Strategy started.  Underlying: BANKNIFTY  Monthly expiry: 2026-10-27  Supertrend(20, 1.8)  Exit threshold: ±111 pts  Entry window: 09:23–15:05  Force-close: 15:08
2026-09-29 15:12:13,295  [INFO]  [2026-09-29 15:12:13] SQUARE-OFF TIME — no open positions.
2026-09-29 15:12:13,296  [INFO]  Session ended. Exiting strategy.
2026-09-29 15:12:15,654  [INFO]  Logging to console and to file: logs\strategy_2026-09-29.log
2026-09-29 15:12:15,655  [INFO]  Found cached Groww access token for today. Verifying token...
2026-09-29 15:12:15,874  [INFO]  Cached Groww access token verified successfully. Skipping auth endpoint.
2026-09-29 15:12:18,058  [INFO]  Selected BankNifty monthly expiry: 2026-10-27
2026-09-29 15:12:18,159  [INFO]  Using BANKNIFTY futures symbol for candle data: BANKNIFTY26SEPFUT (groww_symbol=NSE-BANKNIFTY-29Sep26-FUT)
2026-09-29 15:12:18,160  [INFO]  Strategy started.  Underlying: BANKNIFTY  Monthly expiry: 2026-10-27  Supertrend(20, 1.8)  Exit threshold: ±111 pts  Entry window: 09:23–15:05  Force-close: 15:08
2026-09-29 15:12:18,160  [INFO]  [2026-09-29 15:12:18] SQUARE-OFF TIME — no open positions.
2026-09-29 15:12:18,160  [INFO]  Session ended. Exiting strategy.
2026-09-29 15:12:20,388  [INFO]  Logging to console and to file: logs\strategy_2026-09-29.log
2026-09-29 15:12:20,389  [INFO]  Found cached Groww access token for today. Verifying token...
2026-09-29 15:12:20,603  [INFO]  Cached Groww access token verified successfully. Skipping auth endpoint.
2026-09-29 15:12:22,583  [INFO]  Selected BankNifty monthly expiry: 2026-10-27
2026-09-29 15:12:22,680  [INFO]  Using BANKNIFTY futures symbol for candle data: BANKNIFTY26SEPFUT (groww_symbol=NSE-BANKNIFTY-29Sep26-FUT)
2026-09-29 15:12:22,680  [INFO]  Strategy started.  Underlying: BANKNIFTY  Monthly expiry: 2026-10-27  Supertrend(20, 1.8)  Exit threshold: ±111 pts  Entry window: 09:23–15:05  Force-close: 15:08
2026-09-29 15:12:22,681  [INFO]  [2026-09-29 15:12:22] SQUARE-OFF TIME — no open positions.
2026-09-29 15:12:22,681  [INFO]  Session ended. Exiting strategy.
2026-09-29 15:12:24,846  [INFO]  Logging to console and to file: logs\strategy_2026-09-29.log
2026-09-29 15:12:24,847  [INFO]  Found cached Groww access token for today. Verifying token...
2026-09-29 15:12:25,050  [INFO]  Cached Groww access token verified successfully. Skipping auth endpoint.
2026-09-29 15:12:26,886  [INFO]  Selected BankNifty monthly expiry: 2026-10-27
2026-09-29 15:12:27,003  [INFO]  Using BANKNIFTY futures symbol for candle data: BANKNIFTY26SEPFUT (groww_symbol=NSE-BANKNIFTY-29Sep26-FUT)
2026-09-29 15:12:27,003  [INFO]  Strategy started.  Underlying: BANKNIFTY  Monthly expiry: 2026-10-27  Supertrend(20, 1.8)  Exit threshold: ±111 pts  Entry window: 09:23–15:05  Force-close: 15:08
2026-09-29 15:12:27,003  [INFO]  [2026-09-29 15:12:27] SQUARE-OFF TIME — no open positions.
2026-09-29 15:12:27,003  [INFO]  Session ended. Exiting strategy.
2026-09-29 15:12:29,228  [INFO]  Logging to console and to file: logs\strategy_2026-09-29.log
2026-09-29 15:12:29,229  [INFO]  Found cached Groww access token for today. Verifying token...
2026-09-29 15:12:29,436  [INFO]  Cached Groww access token verified successfully. Skipping auth endpoint.
2026-09-29 15:12:31,245  [INFO]  Selected BankNifty monthly expiry: 2026-10-27
2026-09-29 15:12:31,381  [INFO]  Using BANKNIFTY futures symbol for candle data: BANKNIFTY26SEPFUT (groww_symbol=NSE-BANKNIFTY-29Sep26-FUT)
2026-09-29 15:12:31,382  [INFO]  Strategy started.  Underlying: BANKNIFTY  Monthly expiry: 2026-10-27  Supertrend(20, 1.8)  Exit threshold: ±111 pts  Entry window: 09:23–15:05  Force-close: 15:08
2026-09-29 15:12:31,382  [INFO]  [2026-09-29 15:12:31] SQUARE-OFF TIME — no open positions.
2026-09-29 15:12:31,382  [INFO]  Session ended. Exiting strategy.
2026-09-29 15:12:33,576  [INFO]  Logging to console and to file: logs\strategy_2026-09-29.log
2026-09-29 15:12:33,577  [INFO]  Found cached Groww access token for today. Verifying token...
2026-09-29 15:12:33,788  [INFO]  Cached Groww access token verified successfully. Skipping auth endpoint.
2026-09-29 15:12:35,603  [INFO]  Selected BankNifty monthly expiry: 2026-10-27
2026-09-29 15:12:35,715  [INFO]  Using BANKNIFTY futures symbol for candle data: BANKNIFTY26SEPFUT (groww_symbol=NSE-BANKNIFTY-29Sep26-FUT)
2026-09-29 15:12:35,715  [INFO]  Strategy started.  Underlying: BANKNIFTY  Monthly expiry: 2026-10-27  Supertrend(20, 1.8)  Exit threshold: ±111 pts  Entry window: 09:23–15:05  Force-close: 15:08
2026-09-29 15:12:35,715  [INFO]  [2026-09-29 15:12:35] SQUARE-OFF TIME — no open positions.
2026-09-29 15:12:35,715  [INFO]  Session ended. Exiting strategy.
2026-09-29 15:12:37,770  [INFO]  Logging to console and to file: logs\strategy_2026-09-29.log
2026-09-29 15:12:37,771  [INFO]  Found cached Groww access token for today. Verifying token...
2026-09-29 15:12:37,980  [INFO]  Cached Groww access token verified successfully. Skipping auth endpoint.
2026-09-29 15:12:39,930  [INFO]  Selected BankNifty monthly expiry: 2026-10-27
2026-09-29 15:12:40,027  [INFO]  Using BANKNIFTY futures symbol for candle data: BANKNIFTY26SEPFUT (groww_symbol=NSE-BANKNIFTY-29Sep26-FUT)
2026-09-29 15:12:40,027  [INFO]  Strategy started.  Underlying: BANKNIFTY  Monthly expiry: 2026-10-27  Supertrend(20, 1.8)  Exit threshold: ±111 pts  Entry window: 09:23–15:05  Force-close: 15:08
2026-09-29 15:12:40,028  [INFO]  [2026-09-29 15:12:40] SQUARE-OFF TIME — no open positions.
2026-09-29 15:12:40,028  [INFO]  Session ended. Exiting strategy.
2026-09-29 15:12:42,070  [INFO]  Logging to console and to file: logs\strategy_2026-09-29.log
2026-09-29 15:12:42,072  [INFO]  Found cached Groww access token for today. Verifying token...
2026-09-29 15:12:42,278  [INFO]  Cached Groww access token verified successfully. Skipping auth endpoint.
2026-09-29 15:12:44,149  [INFO]  Selected BankNifty monthly expiry: 2026-10-27
2026-09-29 15:12:44,248  [INFO]  Using BANKNIFTY futures symbol for candle data: BANKNIFTY26SEPFUT (groww_symbol=NSE-BANKNIFTY-29Sep26-FUT)
2026-09-29 15:12:44,249  [INFO]  Strategy started.  Underlying: BANKNIFTY  Monthly expiry: 2026-10-27  Supertrend(20, 1.8)  Exit threshold: ±111 pts  Entry window: 09:23–15:05  Force-close: 15:08
2026-09-29 15:12:44,249  [INFO]  [2026-09-29 15:12:44] SQUARE-OFF TIME — no open positions.
2026-09-29 15:12:44,249  [INFO]  Session ended. Exiting strategy.
2026-09-29 15:12:46,337  [INFO]  Logging to console and to file: logs\strategy_2026-09-29.log
2026-09-29 15:12:46,338  [INFO]  Found cached Groww access token for today. Verifying token...
2026-09-29 15:12:46,517  [INFO]  Cached Groww access token verified successfully. Skipping auth endpoint.
2026-09-29 15:12:48,150  [INFO]  Selected BankNifty monthly expiry: 2026-10-27
2026-09-29 15:12:48,251  [INFO]  Using BANKNIFTY futures symbol for candle data: BANKNIFTY26SEPFUT (groww_symbol=NSE-BANKNIFTY-29Sep26-FUT)
2026-09-29 15:12:48,251  [INFO]  Strategy started.  Underlying: BANKNIFTY  Monthly expiry: 2026-10-27  Supertrend(20, 1.8)  Exit threshold: ±111 pts  Entry window: 09:23–15:05  Force-close: 15:08
2026-09-29 15:12:48,251  [INFO]  [2026-09-29 15:12:48] SQUARE-OFF TIME — no open positions.
2026-09-29 15:12:48,251  [INFO]  Session ended. Exiting strategy.
2026-09-29 15:12:50,393  [INFO]  Logging to console and to file: logs\strategy_2026-09-29.log
2026-09-29 15:12:50,394  [INFO]  Found cached Groww access token for today. Verifying token...
2026-09-29 15:12:50,610  [INFO]  Cached Groww access token verified successfully. Skipping auth endpoint.
2026-09-29 15:12:52,311  [INFO]  Selected BankNifty monthly expiry: 2026-10-27
2026-09-29 15:12:52,411  [INFO]  Using BANKNIFTY futures symbol for candle data: BANKNIFTY26SEPFUT (groww_symbol=NSE-BANKNIFTY-29Sep26-FUT)
2026-09-29 15:12:52,412  [INFO]  Strategy started.  Underlying: BANKNIFTY  Monthly expiry: 2026-10-27  Supertrend(20, 1.8)  Exit threshold: ±111 pts  Entry window: 09:23–15:05  Force-close: 15:08
2026-09-29 15:12:52,412  [INFO]  [2026-09-29 15:12:52] SQUARE-OFF TIME — no open positions.
2026-09-29 15:12:52,412  [INFO]  Session ended. Exiting strategy.
2026-09-29 15:12:54,605  [INFO]  Logging to console and to file: logs\strategy_2026-09-29.log
2026-09-29 15:12:54,606  [INFO]  Found cached Groww access token for today. Verifying token...
2026-09-29 15:12:54,812  [INFO]  Cached Groww access token verified successfully. Skipping auth endpoint.
2026-09-29 15:12:56,583  [INFO]  Selected BankNifty monthly expiry: 2026-10-27
2026-09-29 15:12:56,686  [INFO]  Using BANKNIFTY futures symbol for candle data: BANKNIFTY26SEPFUT (groww_symbol=NSE-BANKNIFTY-29Sep26-FUT)
2026-09-29 15:12:56,686  [INFO]  Strategy started.  Underlying: BANKNIFTY  Monthly expiry: 2026-10-27  Supertrend(20, 1.8)  Exit threshold: ±111 pts  Entry window: 09:23–15:05  Force-close: 15:08
2026-09-29 15:12:56,686  [INFO]  [2026-09-29 15:12:56] SQUARE-OFF TIME — no open positions.
2026-09-29 15:12:56,686  [INFO]  Session ended. Exiting strategy.
2026-09-29 15:12:58,753  [INFO]  Logging to console and to file: logs\strategy_2026-09-29.log
2026-09-29 15:12:58,754  [INFO]  Found cached Groww access token for today. Verifying token...
2026-09-29 15:12:58,940  [INFO]  Cached Groww access token verified successfully. Skipping auth endpoint.
2026-09-29 15:13:00,574  [INFO]  Selected BankNifty monthly expiry: 2026-10-27
2026-09-29 15:13:00,671  [INFO]  Using BANKNIFTY futures symbol for candle data: BANKNIFTY26SEPFUT (groww_symbol=NSE-BANKNIFTY-29Sep26-FUT)
2026-09-29 15:13:00,672  [INFO]  Strategy started.  Underlying: BANKNIFTY  Monthly expiry: 2026-10-27  Supertrend(20, 1.8)  Exit threshold: ±111 pts  Entry window: 09:23–15:05  Force-close: 15:08
2026-09-29 15:13:00,672  [INFO]  [2026-09-29 15:13:00] SQUARE-OFF TIME — no open positions.
2026-09-29 15:13:00,672  [INFO]  Session ended. Exiting strategy.
2026-09-29 15:13:02,619  [INFO]  Logging to console and to file: logs\strategy_2026-09-29.log
2026-09-29 15:13:02,620  [INFO]  Found cached Groww access token for today. Verifying token...
2026-09-29 15:13:02,822  [INFO]  Cached Groww access token verified successfully. Skipping auth endpoint.
2026-09-29 15:13:04,442  [INFO]  Selected BankNifty monthly expiry: 2026-10-27
2026-09-29 15:13:04,540  [INFO]  Using BANKNIFTY futures symbol for candle data: BANKNIFTY26SEPFUT (groww_symbol=NSE-BANKNIFTY-29Sep26-FUT)
2026-09-29 15:13:04,540  [INFO]  Strategy started.  Underlying: BANKNIFTY  Monthly expiry: 2026-10-27  Supertrend(20, 1.8)  Exit threshold: ±111 pts  Entry window: 09:23–15:05  Force-close: 15:08
2026-09-29 15:13:04,540  [INFO]  [2026-09-29 15:13:04] SQUARE-OFF TIME — no open positions.
2026-09-29 15:13:04,540  [INFO]  Session ended. Exiting strategy.
2026-09-29 15:13:06,506  [INFO]  Logging to console and to file: logs\strategy_2026-09-29.log
2026-09-29 15:13:06,506  [INFO]  Found cached Groww access token for today. Verifying token...
2026-09-29 15:13:06,727  [INFO]  Cached Groww access token verified successfully. Skipping auth endpoint.
2026-09-29 15:13:08,625  [INFO]  Selected BankNifty monthly expiry: 2026-10-27
2026-09-29 15:13:08,742  [INFO]  Using BANKNIFTY futures symbol for candle data: BANKNIFTY26SEPFUT (groww_symbol=NSE-BANKNIFTY-29Sep26-FUT)
2026-09-29 15:13:08,742  [INFO]  Strategy started.  Underlying: BANKNIFTY  Monthly expiry: 2026-10-27  Supertrend(20, 1.8)  Exit threshold: ±111 pts  Entry window: 09:23–15:05  Force-close: 15:08
2026-09-29 15:13:08,742  [INFO]  [2026-09-29 15:13:08] SQUARE-OFF TIME — no open positions.
2026-09-29 15:13:08,742  [INFO]  Session ended. Exiting strategy.
2026-09-29 15:13:10,908  [INFO]  Logging to console and to file: logs\strategy_2026-09-29.log
2026-09-29 15:13:10,909  [INFO]  Found cached Groww access token for today. Verifying token...
2026-09-29 15:13:11,105  [INFO]  Cached Groww access token verified successfully. Skipping auth endpoint.
2026-09-29 15:13:12,923  [INFO]  Selected BankNifty monthly expiry: 2026-10-27
2026-09-29 15:13:13,049  [INFO]  Using BANKNIFTY futures symbol for candle data: BANKNIFTY26SEPFUT (groww_symbol=NSE-BANKNIFTY-29Sep26-FUT)
2026-09-29 15:13:13,049  [INFO]  Strategy started.  Underlying: BANKNIFTY  Monthly expiry: 2026-10-27  Supertrend(20, 1.8)  Exit threshold: ±111 pts  Entry window: 09:23–15:05  Force-close: 15:08
2026-09-29 15:13:13,050  [INFO]  [2026-09-29 15:13:13] SQUARE-OFF TIME — no open positions.
2026-09-29 15:13:13,050  [INFO]  Session ended. Exiting strategy.
2026-09-29 15:13:15,143  [INFO]  Logging to console and to file: logs\strategy_2026-09-29.log
2026-09-29 15:13:15,144  [INFO]  Found cached Groww access token for today. Verifying token...
2026-09-29 15:13:15,335  [INFO]  Cached Groww access token verified successfully. Skipping auth endpoint.
2026-09-29 15:13:17,197  [INFO]  Selected BankNifty monthly expiry: 2026-10-27
2026-09-29 15:13:17,292  [INFO]  Using BANKNIFTY futures symbol for candle data: BANKNIFTY26SEPFUT (groww_symbol=NSE-BANKNIFTY-29Sep26-FUT)
2026-09-29 15:13:17,292  [INFO]  Strategy started.  Underlying: BANKNIFTY  Monthly expiry: 2026-10-27  Supertrend(20, 1.8)  Exit threshold: ±111 pts  Entry window: 09:23–15:05  Force-close: 15:08
2026-09-29 15:13:17,292  [INFO]  [2026-09-29 15:13:17] SQUARE-OFF TIME — no open positions.
2026-09-29 15:13:17,293  [INFO]  Session ended. Exiting strategy.
2026-09-29 15:13:19,437  [INFO]  Logging to console and to file: logs\strategy_2026-09-29.log
2026-09-29 15:13:19,437  [INFO]  Found cached Groww access token for today. Verifying token...
2026-09-29 15:13:19,634  [INFO]  Cached Groww access token verified successfully. Skipping auth endpoint.
2026-09-29 15:13:21,275  [INFO]  Selected BankNifty monthly expiry: 2026-10-27
2026-09-29 15:13:21,371  [INFO]  Using BANKNIFTY futures symbol for candle data: BANKNIFTY26SEPFUT (groww_symbol=NSE-BANKNIFTY-29Sep26-FUT)
2026-09-29 15:13:21,371  [INFO]  Strategy started.  Underlying: BANKNIFTY  Monthly expiry: 2026-10-27  Supertrend(20, 1.8)  Exit threshold: ±111 pts  Entry window: 09:23–15:05  Force-close: 15:08
2026-09-29 15:13:21,371  [INFO]  [2026-09-29 15:13:21] SQUARE-OFF TIME — no open positions.
2026-09-29 15:13:21,371  [INFO]  Session ended. Exiting strategy.
2026-09-29 15:13:23,427  [INFO]  Logging to console and to file: logs\strategy_2026-09-29.log
2026-09-29 15:13:23,428  [INFO]  Found cached Groww access token for today. Verifying token...
2026-09-29 15:13:23,643  [INFO]  Cached Groww access token verified successfully. Skipping auth endpoint.
2026-09-29 15:13:25,311  [INFO]  Selected BankNifty monthly expiry: 2026-10-27
2026-09-29 15:13:25,423  [INFO]  Using BANKNIFTY futures symbol for candle data: BANKNIFTY26SEPFUT (groww_symbol=NSE-BANKNIFTY-29Sep26-FUT)
2026-09-29 15:13:25,423  [INFO]  Strategy started.  Underlying: BANKNIFTY  Monthly expiry: 2026-10-27  Supertrend(20, 1.8)  Exit threshold: ±111 pts  Entry window: 09:23–15:05  Force-close: 15:08
2026-09-29 15:13:25,423  [INFO]  [2026-09-29 15:13:25] SQUARE-OFF TIME — no open positions.
2026-09-29 15:13:25,423  [INFO]  Session ended. Exiting strategy.
2026-09-29 15:13:27,507  [INFO]  Logging to console and to file: logs\strategy_2026-09-29.log
2026-09-29 15:13:27,508  [INFO]  Found cached Groww access token for today. Verifying token...
2026-09-29 15:13:27,713  [INFO]  Cached Groww access token verified successfully. Skipping auth endpoint.
2026-09-29 15:13:29,265  [INFO]  Selected BankNifty monthly expiry: 2026-10-27
2026-09-29 15:13:29,376  [INFO]  Using BANKNIFTY futures symbol for candle data: BANKNIFTY26SEPFUT (groww_symbol=NSE-BANKNIFTY-29Sep26-FUT)
2026-09-29 15:13:29,377  [INFO]  Strategy started.  Underlying: BANKNIFTY  Monthly expiry: 2026-10-27  Supertrend(20, 1.8)  Exit threshold: ±111 pts  Entry window: 09:23–15:05  Force-close: 15:08
2026-09-29 15:13:29,377  [INFO]  [2026-09-29 15:13:29] SQUARE-OFF TIME — no open positions.
2026-09-29 15:13:29,377  [INFO]  Session ended. Exiting strategy.
2026-09-29 15:13:31,428  [INFO]  Logging to console and to file: logs\strategy_2026-09-29.log
2026-09-29 15:13:31,429  [INFO]  Found cached Groww access token for today. Verifying token...
2026-09-29 15:13:31,619  [INFO]  Cached Groww access token verified successfully. Skipping auth endpoint.
2026-09-29 15:13:33,708  [INFO]  Selected BankNifty monthly expiry: 2026-10-27
2026-09-29 15:13:33,840  [INFO]  Using BANKNIFTY futures symbol for candle data: BANKNIFTY26SEPFUT (groww_symbol=NSE-BANKNIFTY-29Sep26-FUT)
2026-09-29 15:13:33,841  [INFO]  Strategy started.  Underlying: BANKNIFTY  Monthly expiry: 2026-10-27  Supertrend(20, 1.8)  Exit threshold: ±111 pts  Entry window: 09:23–15:05  Force-close: 15:08
2026-09-29 15:13:33,841  [INFO]  [2026-09-29 15:13:33] SQUARE-OFF TIME — no open positions.
2026-09-29 15:13:33,841  [INFO]  Session ended. Exiting strategy.
2026-09-29 15:13:35,967  [INFO]  Logging to console and to file: logs\strategy_2026-09-29.log
2026-09-29 15:13:35,967  [INFO]  Found cached Groww access token for today. Verifying token...
2026-09-29 15:13:36,174  [INFO]  Cached Groww access token verified successfully. Skipping auth endpoint.
2026-09-29 15:13:38,082  [INFO]  Selected BankNifty monthly expiry: 2026-10-27
2026-09-29 15:13:38,194  [INFO]  Using BANKNIFTY futures symbol for candle data: BANKNIFTY26SEPFUT (groww_symbol=NSE-BANKNIFTY-29Sep26-FUT)
2026-09-29 15:13:38,194  [INFO]  Strategy started.  Underlying: BANKNIFTY  Monthly expiry: 2026-10-27  Supertrend(20, 1.8)  Exit threshold: ±111 pts  Entry window: 09:23–15:05  Force-close: 15:08
2026-09-29 15:13:38,194  [INFO]  [2026-09-29 15:13:38] SQUARE-OFF TIME — no open positions.
2026-09-29 15:13:38,194  [INFO]  Session ended. Exiting strategy.
2026-09-29 15:13:40,198  [INFO]  Logging to console and to file: logs\strategy_2026-09-29.log
2026-09-29 15:13:40,199  [INFO]  Found cached Groww access token for today. Verifying token...
2026-09-29 15:13:40,415  [INFO]  Cached Groww access token verified successfully. Skipping auth endpoint.
2026-09-29 15:13:42,090  [INFO]  Selected BankNifty monthly expiry: 2026-10-27
2026-09-29 15:13:42,194  [INFO]  Using BANKNIFTY futures symbol for candle data: BANKNIFTY26SEPFUT (groww_symbol=NSE-BANKNIFTY-29Sep26-FUT)
2026-09-29 15:13:42,194  [INFO]  Strategy started.  Underlying: BANKNIFTY  Monthly expiry: 2026-10-27  Supertrend(20, 1.8)  Exit threshold: ±111 pts  Entry window: 09:23–15:05  Force-close: 15:08
2026-09-29 15:13:42,194  [INFO]  [2026-09-29 15:13:42] SQUARE-OFF TIME — no open positions.
2026-09-29 15:13:42,195  [INFO]  Session ended. Exiting strategy.
2026-09-29 15:13:44,282  [INFO]  Logging to console and to file: logs\strategy_2026-09-29.log
2026-09-29 15:13:44,283  [INFO]  Found cached Groww access token for today. Verifying token...
2026-09-29 15:13:44,480  [INFO]  Cached Groww access token verified successfully. Skipping auth endpoint.
2026-09-29 15:13:46,082  [INFO]  Selected BankNifty monthly expiry: 2026-10-27
2026-09-29 15:13:46,210  [INFO]  Using BANKNIFTY futures symbol for candle data: BANKNIFTY26SEPFUT (groww_symbol=NSE-BANKNIFTY-29Sep26-FUT)
2026-09-29 15:13:46,210  [INFO]  Strategy started.  Underlying: BANKNIFTY  Monthly expiry: 2026-10-27  Supertrend(20, 1.8)  Exit threshold: ±111 pts  Entry window: 09:23–15:05  Force-close: 15:08
2026-09-29 15:13:46,210  [INFO]  [2026-09-29 15:13:46] SQUARE-OFF TIME — no open positions.
2026-09-29 15:13:46,211  [INFO]  Session ended. Exiting strategy.
2026-09-29 15:13:48,238  [INFO]  Logging to console and to file: logs\strategy_2026-09-29.log
2026-09-29 15:13:48,239  [INFO]  Found cached Groww access token for today. Verifying token...
2026-09-29 15:13:48,450  [INFO]  Cached Groww access token verified successfully. Skipping auth endpoint.
2026-09-29 15:13:50,413  [INFO]  Selected BankNifty monthly expiry: 2026-10-27
2026-09-29 15:13:50,543  [INFO]  Using BANKNIFTY futures symbol for candle data: BANKNIFTY26SEPFUT (groww_symbol=NSE-BANKNIFTY-29Sep26-FUT)
2026-09-29 15:13:50,544  [INFO]  Strategy started.  Underlying: BANKNIFTY  Monthly expiry: 2026-10-27  Supertrend(20, 1.8)  Exit threshold: ±111 pts  Entry window: 09:23–15:05  Force-close: 15:08
2026-09-29 15:13:50,544  [INFO]  [2026-09-29 15:13:50] SQUARE-OFF TIME — no open positions.
2026-09-29 15:13:50,544  [INFO]  Session ended. Exiting strategy.
2026-09-29 15:13:52,746  [INFO]  Logging to console and to file: logs\strategy_2026-09-29.log
2026-09-29 15:13:52,746  [INFO]  Found cached Groww access token for today. Verifying token...
2026-09-29 15:13:52,945  [INFO]  Cached Groww access token verified successfully. Skipping auth endpoint.
2026-09-29 15:13:54,708  [INFO]  Selected BankNifty monthly expiry: 2026-10-27
2026-09-29 15:13:54,809  [INFO]  Using BANKNIFTY futures symbol for candle data: BANKNIFTY26SEPFUT (groww_symbol=NSE-BANKNIFTY-29Sep26-FUT)
2026-09-29 15:13:54,810  [INFO]  Strategy started.  Underlying: BANKNIFTY  Monthly expiry: 2026-10-27  Supertrend(20, 1.8)  Exit threshold: ±111 pts  Entry window: 09:23–15:05  Force-close: 15:08
2026-09-29 15:13:54,810  [INFO]  [2026-09-29 15:13:54] SQUARE-OFF TIME — no open positions.
2026-09-29 15:13:54,810  [INFO]  Session ended. Exiting strategy.
2026-09-29 15:13:57,022  [INFO]  Logging to console and to file: logs\strategy_2026-09-29.log
2026-09-29 15:13:57,023  [INFO]  Found cached Groww access token for today. Verifying token...
2026-09-29 15:13:57,200  [INFO]  Cached Groww access token verified successfully. Skipping auth endpoint.
2026-09-29 15:13:58,885  [INFO]  Selected BankNifty monthly expiry: 2026-10-27
2026-09-29 15:13:58,996  [INFO]  Using BANKNIFTY futures symbol for candle data: BANKNIFTY26SEPFUT (groww_symbol=NSE-BANKNIFTY-29Sep26-FUT)
2026-09-29 15:13:58,996  [INFO]  Strategy started.  Underlying: BANKNIFTY  Monthly expiry: 2026-10-27  Supertrend(20, 1.8)  Exit threshold: ±111 pts  Entry window: 09:23–15:05  Force-close: 15:08
2026-09-29 15:13:58,996  [INFO]  [2026-09-29 15:13:58] SQUARE-OFF TIME — no open positions.
2026-09-29 15:13:58,996  [INFO]  Session ended. Exiting strategy.
2026-09-29 15:14:01,149  [INFO]  Logging to console and to file: logs\strategy_2026-09-29.log
2026-09-29 15:14:01,150  [INFO]  Found cached Groww access token for today. Verifying token...
2026-09-29 15:14:01,361  [INFO]  Cached Groww access token verified successfully. Skipping auth endpoint.
2026-09-29 15:14:03,043  [INFO]  Selected BankNifty monthly expiry: 2026-10-27
2026-09-29 15:14:03,142  [INFO]  Using BANKNIFTY futures symbol for candle data: BANKNIFTY26SEPFUT (groww_symbol=NSE-BANKNIFTY-29Sep26-FUT)
2026-09-29 15:14:03,142  [INFO]  Strategy started.  Underlying: BANKNIFTY  Monthly expiry: 2026-10-27  Supertrend(20, 1.8)  Exit threshold: ±111 pts  Entry window: 09:23–15:05  Force-close: 15:08
2026-09-29 15:14:03,142  [INFO]  [2026-09-29 15:14:03] SQUARE-OFF TIME — no open positions.
2026-09-29 15:14:03,142  [INFO]  Session ended. Exiting strategy.
2026-09-29 15:14:05,228  [INFO]  Logging to console and to file: logs\strategy_2026-09-29.log
2026-09-29 15:14:05,229  [INFO]  Found cached Groww access token for today. Verifying token...
2026-09-29 15:14:05,416  [INFO]  Cached Groww access token verified successfully. Skipping auth endpoint.
2026-09-29 15:14:07,105  [INFO]  Selected BankNifty monthly expiry: 2026-10-27
2026-09-29 15:14:07,247  [INFO]  Using BANKNIFTY futures symbol for candle data: BANKNIFTY26SEPFUT (groww_symbol=NSE-BANKNIFTY-29Sep26-FUT)
2026-09-29 15:14:07,247  [INFO]  Strategy started.  Underlying: BANKNIFTY  Monthly expiry: 2026-10-27  Supertrend(20, 1.8)  Exit threshold: ±111 pts  Entry window: 09:23–15:05  Force-close: 15:08
2026-09-29 15:14:07,247  [INFO]  [2026-09-29 15:14:07] SQUARE-OFF TIME — no open positions.
2026-09-29 15:14:07,248  [INFO]  Session ended. Exiting strategy.
2026-09-29 15:14:09,323  [INFO]  Logging to console and to file: logs\strategy_2026-09-29.log
2026-09-29 15:14:09,324  [INFO]  Found cached Groww access token for today. Verifying token...
2026-09-29 15:14:09,527  [INFO]  Cached Groww access token verified successfully. Skipping auth endpoint.
2026-09-29 15:14:11,165  [INFO]  Selected BankNifty monthly expiry: 2026-10-27
2026-09-29 15:14:11,271  [INFO]  Using BANKNIFTY futures symbol for candle data: BANKNIFTY26SEPFUT (groww_symbol=NSE-BANKNIFTY-29Sep26-FUT)
2026-09-29 15:14:11,272  [INFO]  Strategy started.  Underlying: BANKNIFTY  Monthly expiry: 2026-10-27  Supertrend(20, 1.8)  Exit threshold: ±111 pts  Entry window: 09:23–15:05  Force-close: 15:08
2026-09-29 15:14:11,272  [INFO]  [2026-09-29 15:14:11] SQUARE-OFF TIME — no open positions.
2026-09-29 15:14:11,272  [INFO]  Session ended. Exiting strategy.
2026-09-29 15:14:13,341  [INFO]  Logging to console and to file: logs\strategy_2026-09-29.log
2026-09-29 15:14:13,342  [INFO]  Found cached Groww access token for today. Verifying token...
2026-09-29 15:14:13,535  [INFO]  Cached Groww access token verified successfully. Skipping auth endpoint.
2026-09-29 15:14:15,189  [INFO]  Selected BankNifty monthly expiry: 2026-10-27
2026-09-29 15:14:15,320  [INFO]  Using BANKNIFTY futures symbol for candle data: BANKNIFTY26SEPFUT (groww_symbol=NSE-BANKNIFTY-29Sep26-FUT)
2026-09-29 15:14:15,320  [INFO]  Strategy started.  Underlying: BANKNIFTY  Monthly expiry: 2026-10-27  Supertrend(20, 1.8)  Exit threshold: ±111 pts  Entry window: 09:23–15:05  Force-close: 15:08
2026-09-29 15:14:15,320  [INFO]  [2026-09-29 15:14:15] SQUARE-OFF TIME — no open positions.
2026-09-29 15:14:15,320  [INFO]  Session ended. Exiting strategy.
2026-09-29 15:14:17,409  [INFO]  Logging to console and to file: logs\strategy_2026-09-29.log
2026-09-29 15:14:17,410  [INFO]  Found cached Groww access token for today. Verifying token...
2026-09-29 15:14:17,612  [INFO]  Cached Groww access token verified successfully. Skipping auth endpoint.
2026-09-29 15:14:19,299  [INFO]  Selected BankNifty monthly expiry: 2026-10-27
2026-09-29 15:14:19,398  [INFO]  Using BANKNIFTY futures symbol for candle data: BANKNIFTY26SEPFUT (groww_symbol=NSE-BANKNIFTY-29Sep26-FUT)
2026-09-29 15:14:19,399  [INFO]  Strategy started.  Underlying: BANKNIFTY  Monthly expiry: 2026-10-27  Supertrend(20, 1.8)  Exit threshold: ±111 pts  Entry window: 09:23–15:05  Force-close: 15:08
2026-09-29 15:14:19,399  [INFO]  [2026-09-29 15:14:19] SQUARE-OFF TIME — no open positions.
2026-09-29 15:14:19,399  [INFO]  Session ended. Exiting strategy.
2026-09-29 15:14:21,572  [INFO]  Logging to console and to file: logs\strategy_2026-09-29.log
2026-09-29 15:14:21,573  [INFO]  Found cached Groww access token for today. Verifying token...
2026-09-29 15:14:21,788  [INFO]  Cached Groww access token verified successfully. Skipping auth endpoint.
2026-09-29 15:14:23,671  [INFO]  Selected BankNifty monthly expiry: 2026-10-27
2026-09-29 15:14:23,769  [INFO]  Using BANKNIFTY futures symbol for candle data: BANKNIFTY26SEPFUT (groww_symbol=NSE-BANKNIFTY-29Sep26-FUT)
2026-09-29 15:14:23,769  [INFO]  Strategy started.  Underlying: BANKNIFTY  Monthly expiry: 2026-10-27  Supertrend(20, 1.8)  Exit threshold: ±111 pts  Entry window: 09:23–15:05  Force-close: 15:08
2026-09-29 15:14:23,770  [INFO]  [2026-09-29 15:14:23] SQUARE-OFF TIME — no open positions.
2026-09-29 15:14:23,770  [INFO]  Session ended. Exiting strategy.
2026-09-29 15:14:25,857  [INFO]  Logging to console and to file: logs\strategy_2026-09-29.log
2026-09-29 15:14:25,858  [INFO]  Found cached Groww access token for today. Verifying token...
2026-09-29 15:14:26,070  [INFO]  Cached Groww access token verified successfully. Skipping auth endpoint.
2026-09-29 15:14:27,688  [INFO]  Selected BankNifty monthly expiry: 2026-10-27
2026-09-29 15:14:27,820  [INFO]  Using BANKNIFTY futures symbol for candle data: BANKNIFTY26SEPFUT (groww_symbol=NSE-BANKNIFTY-29Sep26-FUT)
2026-09-29 15:14:27,821  [INFO]  Strategy started.  Underlying: BANKNIFTY  Monthly expiry: 2026-10-27  Supertrend(20, 1.8)  Exit threshold: ±111 pts  Entry window: 09:23–15:05  Force-close: 15:08
2026-09-29 15:14:27,821  [INFO]  [2026-09-29 15:14:27] SQUARE-OFF TIME — no open positions.
2026-09-29 15:14:27,821  [INFO]  Session ended. Exiting strategy.
2026-09-29 15:14:29,854  [INFO]  Logging to console and to file: logs\strategy_2026-09-29.log
2026-09-29 15:14:29,855  [INFO]  Found cached Groww access token for today. Verifying token...
2026-09-29 15:14:30,073  [INFO]  Cached Groww access token verified successfully. Skipping auth endpoint.
2026-09-29 15:14:31,736  [INFO]  Selected BankNifty monthly expiry: 2026-10-27
2026-09-29 15:14:31,836  [INFO]  Using BANKNIFTY futures symbol for candle data: BANKNIFTY26SEPFUT (groww_symbol=NSE-BANKNIFTY-29Sep26-FUT)
2026-09-29 15:14:31,837  [INFO]  Strategy started.  Underlying: BANKNIFTY  Monthly expiry: 2026-10-27  Supertrend(20, 1.8)  Exit threshold: ±111 pts  Entry window: 09:23–15:05  Force-close: 15:08
2026-09-29 15:14:31,837  [INFO]  [2026-09-29 15:14:31] SQUARE-OFF TIME — no open positions.
2026-09-29 15:14:31,837  [INFO]  Session ended. Exiting strategy.
2026-09-29 15:14:33,916  [INFO]  Logging to console and to file: logs\strategy_2026-09-29.log
2026-09-29 15:14:33,917  [INFO]  Found cached Groww access token for today. Verifying token...
2026-09-29 15:14:34,119  [INFO]  Cached Groww access token verified successfully. Skipping auth endpoint.
2026-09-29 15:14:35,708  [INFO]  Selected BankNifty monthly expiry: 2026-10-27
2026-09-29 15:14:35,803  [INFO]  Using BANKNIFTY futures symbol for candle data: BANKNIFTY26SEPFUT (groww_symbol=NSE-BANKNIFTY-29Sep26-FUT)
2026-09-29 15:14:35,804  [INFO]  Strategy started.  Underlying: BANKNIFTY  Monthly expiry: 2026-10-27  Supertrend(20, 1.8)  Exit threshold: ±111 pts  Entry window: 09:23–15:05  Force-close: 15:08
2026-09-29 15:14:35,804  [INFO]  [2026-09-29 15:14:35] SQUARE-OFF TIME — no open positions.
2026-09-29 15:14:35,804  [INFO]  Session ended. Exiting strategy.
2026-09-29 15:14:37,881  [INFO]  Logging to console and to file: logs\strategy_2026-09-29.log
2026-09-29 15:14:37,882  [INFO]  Found cached Groww access token for today. Verifying token...
2026-09-29 15:14:38,098  [INFO]  Cached Groww access token verified successfully. Skipping auth endpoint.
2026-09-29 15:14:40,065  [INFO]  Selected BankNifty monthly expiry: 2026-10-27
2026-09-29 15:14:40,206  [INFO]  Using BANKNIFTY futures symbol for candle data: BANKNIFTY26SEPFUT (groww_symbol=NSE-BANKNIFTY-29Sep26-FUT)
2026-09-29 15:14:40,207  [INFO]  Strategy started.  Underlying: BANKNIFTY  Monthly expiry: 2026-10-27  Supertrend(20, 1.8)  Exit threshold: ±111 pts  Entry window: 09:23–15:05  Force-close: 15:08
2026-09-29 15:14:40,207  [INFO]  [2026-09-29 15:14:40] SQUARE-OFF TIME — no open positions.
2026-09-29 15:14:40,207  [INFO]  Session ended. Exiting strategy.
2026-09-29 15:14:42,194  [INFO]  Logging to console and to file: logs\strategy_2026-09-29.log
2026-09-29 15:14:42,194  [INFO]  Found cached Groww access token for today. Verifying token...
2026-09-29 15:14:42,385  [INFO]  Cached Groww access token verified successfully. Skipping auth endpoint.
2026-09-29 15:14:43,981  [INFO]  Selected BankNifty monthly expiry: 2026-10-27
2026-09-29 15:14:44,084  [INFO]  Using BANKNIFTY futures symbol for candle data: BANKNIFTY26SEPFUT (groww_symbol=NSE-BANKNIFTY-29Sep26-FUT)
2026-09-29 15:14:44,084  [INFO]  Strategy started.  Underlying: BANKNIFTY  Monthly expiry: 2026-10-27  Supertrend(20, 1.8)  Exit threshold: ±111 pts  Entry window: 09:23–15:05  Force-close: 15:08
2026-09-29 15:14:44,084  [INFO]  [2026-09-29 15:14:44] SQUARE-OFF TIME — no open positions.
2026-09-29 15:14:44,084  [INFO]  Session ended. Exiting strategy.
2026-09-29 15:14:46,040  [INFO]  Logging to console and to file: logs\strategy_2026-09-29.log
2026-09-29 15:14:46,041  [INFO]  Found cached Groww access token for today. Verifying token...
2026-09-29 15:14:46,243  [INFO]  Cached Groww access token verified successfully. Skipping auth endpoint.
2026-09-29 15:14:47,862  [INFO]  Selected BankNifty monthly expiry: 2026-10-27
2026-09-29 15:14:47,957  [INFO]  Using BANKNIFTY futures symbol for candle data: BANKNIFTY26SEPFUT (groww_symbol=NSE-BANKNIFTY-29Sep26-FUT)
2026-09-29 15:14:47,957  [INFO]  Strategy started.  Underlying: BANKNIFTY  Monthly expiry: 2026-10-27  Supertrend(20, 1.8)  Exit threshold: ±111 pts  Entry window: 09:23–15:05  Force-close: 15:08
2026-09-29 15:14:47,957  [INFO]  [2026-09-29 15:14:47] SQUARE-OFF TIME — no open positions.
2026-09-29 15:14:47,957  [INFO]  Session ended. Exiting strategy.
2026-09-29 15:14:49,939  [INFO]  Logging to console and to file: logs\strategy_2026-09-29.log
2026-09-29 15:14:49,940  [INFO]  Found cached Groww access token for today. Verifying token...
2026-09-29 15:14:50,153  [INFO]  Cached Groww access token verified successfully. Skipping auth endpoint.
2026-09-29 15:14:51,752  [INFO]  Selected BankNifty monthly expiry: 2026-10-27
2026-09-29 15:14:51,849  [INFO]  Using BANKNIFTY futures symbol for candle data: BANKNIFTY26SEPFUT (groww_symbol=NSE-BANKNIFTY-29Sep26-FUT)
2026-09-29 15:14:51,849  [INFO]  Strategy started.  Underlying: BANKNIFTY  Monthly expiry: 2026-10-27  Supertrend(20, 1.8)  Exit threshold: ±111 pts  Entry window: 09:23–15:05  Force-close: 15:08
2026-09-29 15:14:51,849  [INFO]  [2026-09-29 15:14:51] SQUARE-OFF TIME — no open positions.
2026-09-29 15:14:51,849  [INFO]  Session ended. Exiting strategy.
2026-09-29 15:14:53,970  [INFO]  Logging to console and to file: logs\strategy_2026-09-29.log
2026-09-29 15:14:53,972  [INFO]  Found cached Groww access token for today. Verifying token...
2026-09-29 15:14:54,175  [INFO]  Cached Groww access token verified successfully. Skipping auth endpoint.
2026-09-29 15:14:55,940  [INFO]  Selected BankNifty monthly expiry: 2026-10-27
2026-09-29 15:14:56,061  [INFO]  Using BANKNIFTY futures symbol for candle data: BANKNIFTY26SEPFUT (groww_symbol=NSE-BANKNIFTY-29Sep26-FUT)
2026-09-29 15:14:56,061  [INFO]  Strategy started.  Underlying: BANKNIFTY  Monthly expiry: 2026-10-27  Supertrend(20, 1.8)  Exit threshold: ±111 pts  Entry window: 09:23–15:05  Force-close: 15:08
2026-09-29 15:14:56,061  [INFO]  [2026-09-29 15:14:56] SQUARE-OFF TIME — no open positions.
2026-09-29 15:14:56,061  [INFO]  Session ended. Exiting strategy.
2026-09-29 15:14:58,196  [INFO]  Logging to console and to file: logs\strategy_2026-09-29.log
2026-09-29 15:14:58,196  [INFO]  Found cached Groww access token for today. Verifying token...
2026-09-29 15:14:58,404  [INFO]  Cached Groww access token verified successfully. Skipping auth endpoint.
2026-09-29 15:15:00,626  [INFO]  Selected BankNifty monthly expiry: 2026-10-27
2026-09-29 15:15:00,750  [INFO]  Using BANKNIFTY futures symbol for candle data: BANKNIFTY26SEPFUT (groww_symbol=NSE-BANKNIFTY-29Sep26-FUT)
2026-09-29 15:15:00,750  [INFO]  Strategy started.  Underlying: BANKNIFTY  Monthly expiry: 2026-10-27  Supertrend(20, 1.8)  Exit threshold: ±111 pts  Entry window: 09:23–15:05  Force-close: 15:08
2026-09-29 15:15:00,751  [INFO]  [2026-09-29 15:15:00] SQUARE-OFF TIME — no open positions.
2026-09-29 15:15:00,751  [INFO]  Session ended. Exiting strategy.
2026-09-29 15:15:02,951  [INFO]  Logging to console and to file: logs\strategy_2026-09-29.log
2026-09-29 15:15:02,952  [INFO]  Found cached Groww access token for today. Verifying token...
2026-09-29 15:15:03,182  [INFO]  Cached Groww access token verified successfully. Skipping auth endpoint.
2026-09-29 15:15:05,397  [INFO]  Selected BankNifty monthly expiry: 2026-10-27
2026-09-29 15:15:05,498  [INFO]  Using BANKNIFTY futures symbol for candle data: BANKNIFTY26SEPFUT (groww_symbol=NSE-BANKNIFTY-29Sep26-FUT)
2026-09-29 15:15:05,499  [INFO]  Strategy started.  Underlying: BANKNIFTY  Monthly expiry: 2026-10-27  Supertrend(20, 1.8)  Exit threshold: ±111 pts  Entry window: 09:23–15:05  Force-close: 15:08
2026-09-29 15:15:05,499  [INFO]  [2026-09-29 15:15:05] SQUARE-OFF TIME — no open positions.
2026-09-29 15:15:05,499  [INFO]  Session ended. Exiting strategy.
2026-09-29 15:15:07,518  [INFO]  Logging to console and to file: logs\strategy_2026-09-29.log
2026-09-29 15:15:07,520  [INFO]  Found cached Groww access token for today. Verifying token...
2026-09-29 15:15:07,720  [INFO]  Cached Groww access token verified successfully. Skipping auth endpoint.
2026-09-29 15:15:10,121  [INFO]  Selected BankNifty monthly expiry: 2026-10-27
2026-09-29 15:15:10,218  [INFO]  Using BANKNIFTY futures symbol for candle data: BANKNIFTY26SEPFUT (groww_symbol=NSE-BANKNIFTY-29Sep26-FUT)
2026-09-29 15:15:10,218  [INFO]  Strategy started.  Underlying: BANKNIFTY  Monthly expiry: 2026-10-27  Supertrend(20, 1.8)  Exit threshold: ±111 pts  Entry window: 09:23–15:05  Force-close: 15:08
2026-09-29 15:15:10,218  [INFO]  [2026-09-29 15:15:10] SQUARE-OFF TIME — no open positions.
2026-09-29 15:15:10,218  [INFO]  Session ended. Exiting strategy.
2026-09-29 15:15:12,583  [INFO]  Logging to console and to file: logs\strategy_2026-09-29.log
2026-09-29 15:15:12,583  [INFO]  Found cached Groww access token for today. Verifying token...
2026-09-29 15:15:12,833  [INFO]  Cached Groww access token verified successfully. Skipping auth endpoint.
2026-09-29 15:15:14,541  [INFO]  Selected BankNifty monthly expiry: 2026-10-27
2026-09-29 15:15:14,668  [INFO]  Using BANKNIFTY futures symbol for candle data: BANKNIFTY26SEPFUT (groww_symbol=NSE-BANKNIFTY-29Sep26-FUT)
2026-09-29 15:15:14,669  [INFO]  Strategy started.  Underlying: BANKNIFTY  Monthly expiry: 2026-10-27  Supertrend(20, 1.8)  Exit threshold: ±111 pts  Entry window: 09:23–15:05  Force-close: 15:08
2026-09-29 15:15:14,669  [INFO]  [2026-09-29 15:15:14] SQUARE-OFF TIME — no open positions.
2026-09-29 15:15:14,669  [INFO]  Session ended. Exiting strategy.
2026-09-29 15:15:16,897  [INFO]  Logging to console and to file: logs\strategy_2026-09-29.log
2026-09-29 15:15:16,897  [INFO]  Found cached Groww access token for today. Verifying token...
2026-09-29 15:15:17,083  [INFO]  Cached Groww access token verified successfully. Skipping auth endpoint.
2026-09-29 15:15:18,786  [INFO]  Selected BankNifty monthly expiry: 2026-10-27
2026-09-29 15:15:18,889  [INFO]  Using BANKNIFTY futures symbol for candle data: BANKNIFTY26SEPFUT (groww_symbol=NSE-BANKNIFTY-29Sep26-FUT)
2026-09-29 15:15:18,889  [INFO]  Strategy started.  Underlying: BANKNIFTY  Monthly expiry: 2026-10-27  Supertrend(20, 1.8)  Exit threshold: ±111 pts  Entry window: 09:23–15:05  Force-close: 15:08
2026-09-29 15:15:18,889  [INFO]  [2026-09-29 15:15:18] SQUARE-OFF TIME — no open positions.
2026-09-29 15:15:18,889  [INFO]  Session ended. Exiting strategy.
2026-09-29 15:15:20,996  [INFO]  Logging to console and to file: logs\strategy_2026-09-29.log
2026-09-29 15:15:20,997  [INFO]  Found cached Groww access token for today. Verifying token...
2026-09-29 15:15:21,187  [INFO]  Cached Groww access token verified successfully. Skipping auth endpoint.
2026-09-29 15:15:22,842  [INFO]  Selected BankNifty monthly expiry: 2026-10-27
2026-09-29 15:15:22,946  [INFO]  Using BANKNIFTY futures symbol for candle data: BANKNIFTY26SEPFUT (groww_symbol=NSE-BANKNIFTY-29Sep26-FUT)
2026-09-29 15:15:22,946  [INFO]  Strategy started.  Underlying: BANKNIFTY  Monthly expiry: 2026-10-27  Supertrend(20, 1.8)  Exit threshold: ±111 pts  Entry window: 09:23–15:05  Force-close: 15:08
2026-09-29 15:15:22,946  [INFO]  [2026-09-29 15:15:22] SQUARE-OFF TIME — no open positions.
2026-09-29 15:15:22,946  [INFO]  Session ended. Exiting strategy.
2026-09-29 15:15:25,068  [INFO]  Logging to console and to file: logs\strategy_2026-09-29.log
2026-09-29 15:15:25,069  [INFO]  Found cached Groww access token for today. Verifying token...
2026-09-29 15:15:25,262  [INFO]  Cached Groww access token verified successfully. Skipping auth endpoint.
2026-09-29 15:15:27,053  [INFO]  Selected BankNifty monthly expiry: 2026-10-27
2026-09-29 15:15:27,153  [INFO]  Using BANKNIFTY futures symbol for candle data: BANKNIFTY26SEPFUT (groww_symbol=NSE-BANKNIFTY-29Sep26-FUT)
2026-09-29 15:15:27,153  [INFO]  Strategy started.  Underlying: BANKNIFTY  Monthly expiry: 2026-10-27  Supertrend(20, 1.8)  Exit threshold: ±111 pts  Entry window: 09:23–15:05  Force-close: 15:08
2026-09-29 15:15:27,154  [INFO]  [2026-09-29 15:15:27] SQUARE-OFF TIME — no open positions.
2026-09-29 15:15:27,154  [INFO]  Session ended. Exiting strategy.
2026-09-29 15:15:29,240  [INFO]  Logging to console and to file: logs\strategy_2026-09-29.log
2026-09-29 15:15:29,241  [INFO]  Found cached Groww access token for today. Verifying token...
2026-09-29 15:15:29,422  [INFO]  Cached Groww access token verified successfully. Skipping auth endpoint.
2026-09-29 15:15:31,369  [INFO]  Selected BankNifty monthly expiry: 2026-10-27
2026-09-29 15:15:31,484  [INFO]  Using BANKNIFTY futures symbol for candle data: BANKNIFTY26SEPFUT (groww_symbol=NSE-BANKNIFTY-29Sep26-FUT)
2026-09-29 15:15:31,484  [INFO]  Strategy started.  Underlying: BANKNIFTY  Monthly expiry: 2026-10-27  Supertrend(20, 1.8)  Exit threshold: ±111 pts  Entry window: 09:23–15:05  Force-close: 15:08
2026-09-29 15:15:31,485  [INFO]  [2026-09-29 15:15:31] SQUARE-OFF TIME — no open positions.
2026-09-29 15:15:31,485  [INFO]  Session ended. Exiting strategy.
2026-09-29 15:15:33,570  [INFO]  Logging to console and to file: logs\strategy_2026-09-29.log
2026-09-29 15:15:33,571  [INFO]  Found cached Groww access token for today. Verifying token...
2026-09-29 15:15:33,763  [INFO]  Cached Groww access token verified successfully. Skipping auth endpoint.
2026-09-29 15:15:35,413  [INFO]  Selected BankNifty monthly expiry: 2026-10-27
2026-09-29 15:15:35,550  [INFO]  Using BANKNIFTY futures symbol for candle data: BANKNIFTY26SEPFUT (groww_symbol=NSE-BANKNIFTY-29Sep26-FUT)
2026-09-29 15:15:35,551  [INFO]  Strategy started.  Underlying: BANKNIFTY  Monthly expiry: 2026-10-27  Supertrend(20, 1.8)  Exit threshold: ±111 pts  Entry window: 09:23–15:05  Force-close: 15:08
2026-09-29 15:15:35,551  [INFO]  [2026-09-29 15:15:35] SQUARE-OFF TIME — no open positions.
2026-09-29 15:15:35,551  [INFO]  Session ended. Exiting strategy.
2026-09-29 15:15:37,824  [INFO]  Logging to console and to file: logs\strategy_2026-09-29.log
2026-09-29 15:15:37,825  [INFO]  Found cached Groww access token for today. Verifying token...
2026-09-29 15:15:38,057  [INFO]  Cached Groww access token verified successfully. Skipping auth endpoint.
2026-09-29 15:15:39,704  [INFO]  Selected BankNifty monthly expiry: 2026-10-27
2026-09-29 15:15:39,821  [INFO]  Using BANKNIFTY futures symbol for candle data: BANKNIFTY26SEPFUT (groww_symbol=NSE-BANKNIFTY-29Sep26-FUT)
2026-09-29 15:15:39,821  [INFO]  Strategy started.  Underlying: BANKNIFTY  Monthly expiry: 2026-10-27  Supertrend(20, 1.8)  Exit threshold: ±111 pts  Entry window: 09:23–15:05  Force-close: 15:08
2026-09-29 15:15:39,821  [INFO]  [2026-09-29 15:15:39] SQUARE-OFF TIME — no open positions.
2026-09-29 15:15:39,822  [INFO]  Session ended. Exiting strategy.
2026-09-29 15:15:42,032  [INFO]  Logging to console and to file: logs\strategy_2026-09-29.log
2026-09-29 15:15:42,033  [INFO]  Found cached Groww access token for today. Verifying token...
2026-09-29 15:15:42,233  [INFO]  Cached Groww access token verified successfully. Skipping auth endpoint.
2026-09-29 15:15:44,002  [INFO]  Selected BankNifty monthly expiry: 2026-10-27
2026-09-29 15:15:44,104  [INFO]  Using BANKNIFTY futures symbol for candle data: BANKNIFTY26SEPFUT (groww_symbol=NSE-BANKNIFTY-29Sep26-FUT)
2026-09-29 15:15:44,104  [INFO]  Strategy started.  Underlying: BANKNIFTY  Monthly expiry: 2026-10-27  Supertrend(20, 1.8)  Exit threshold: ±111 pts  Entry window: 09:23–15:05  Force-close: 15:08
2026-09-29 15:15:44,104  [INFO]  [2026-09-29 15:15:44] SQUARE-OFF TIME — no open positions.
2026-09-29 15:15:44,105  [INFO]  Session ended. Exiting strategy.
2026-09-29 15:15:46,087  [INFO]  Logging to console and to file: logs\strategy_2026-09-29.log
2026-09-29 15:15:46,088  [INFO]  Found cached Groww access token for today. Verifying token...
2026-09-29 15:15:46,293  [INFO]  Cached Groww access token verified successfully. Skipping auth endpoint.
2026-09-29 15:15:47,953  [INFO]  Selected BankNifty monthly expiry: 2026-10-27
2026-09-29 15:15:48,085  [INFO]  Using BANKNIFTY futures symbol for candle data: BANKNIFTY26SEPFUT (groww_symbol=NSE-BANKNIFTY-29Sep26-FUT)
2026-09-29 15:15:48,085  [INFO]  Strategy started.  Underlying: BANKNIFTY  Monthly expiry: 2026-10-27  Supertrend(20, 1.8)  Exit threshold: ±111 pts  Entry window: 09:23–15:05  Force-close: 15:08
2026-09-29 15:15:48,085  [INFO]  [2026-09-29 15:15:48] SQUARE-OFF TIME — no open positions.
2026-09-29 15:15:48,085  [INFO]  Session ended. Exiting strategy.
2026-09-29 15:15:50,159  [INFO]  Logging to console and to file: logs\strategy_2026-09-29.log
2026-09-29 15:15:50,160  [INFO]  Found cached Groww access token for today. Verifying token...
2026-09-29 15:15:50,359  [INFO]  Cached Groww access token verified successfully. Skipping auth endpoint.
2026-09-29 15:15:51,962  [INFO]  Selected BankNifty monthly expiry: 2026-10-27
2026-09-29 15:15:52,069  [INFO]  Using BANKNIFTY futures symbol for candle data: BANKNIFTY26SEPFUT (groww_symbol=NSE-BANKNIFTY-29Sep26-FUT)
2026-09-29 15:15:52,070  [INFO]  Strategy started.  Underlying: BANKNIFTY  Monthly expiry: 2026-10-27  Supertrend(20, 1.8)  Exit threshold: ±111 pts  Entry window: 09:23–15:05  Force-close: 15:08
2026-09-29 15:15:52,070  [INFO]  [2026-09-29 15:15:52] SQUARE-OFF TIME — no open positions.
2026-09-29 15:15:52,070  [INFO]  Session ended. Exiting strategy.
2026-09-29 15:15:54,195  [INFO]  Logging to console and to file: logs\strategy_2026-09-29.log
2026-09-29 15:15:54,196  [INFO]  Found cached Groww access token for today. Verifying token...
2026-09-29 15:15:54,404  [INFO]  Cached Groww access token verified successfully. Skipping auth endpoint.
2026-09-29 15:15:56,067  [INFO]  Selected BankNifty monthly expiry: 2026-10-27
2026-09-29 15:15:56,187  [INFO]  Using BANKNIFTY futures symbol for candle data: BANKNIFTY26SEPFUT (groww_symbol=NSE-BANKNIFTY-29Sep26-FUT)
2026-09-29 15:15:56,187  [INFO]  Strategy started.  Underlying: BANKNIFTY  Monthly expiry: 2026-10-27  Supertrend(20, 1.8)  Exit threshold: ±111 pts  Entry window: 09:23–15:05  Force-close: 15:08
2026-09-29 15:15:56,188  [INFO]  [2026-09-29 15:15:56] SQUARE-OFF TIME — no open positions.
2026-09-29 15:15:56,188  [INFO]  Session ended. Exiting strategy.
2026-09-29 15:15:58,387  [INFO]  Logging to console and to file: logs\strategy_2026-09-29.log
2026-09-29 15:15:58,388  [INFO]  Found cached Groww access token for today. Verifying token...
2026-09-29 15:15:58,669  [INFO]  Cached Groww access token verified successfully. Skipping auth endpoint.
2026-09-29 15:16:00,379  [INFO]  Selected BankNifty monthly expiry: 2026-10-27
2026-09-29 15:16:00,498  [INFO]  Using BANKNIFTY futures symbol for candle data: BANKNIFTY26SEPFUT (groww_symbol=NSE-BANKNIFTY-29Sep26-FUT)
2026-09-29 15:16:00,498  [INFO]  Strategy started.  Underlying: BANKNIFTY  Monthly expiry: 2026-10-27  Supertrend(20, 1.8)  Exit threshold: ±111 pts  Entry window: 09:23–15:05  Force-close: 15:08
2026-09-29 15:16:00,499  [INFO]  [2026-09-29 15:16:00] SQUARE-OFF TIME — no open positions.
2026-09-29 15:16:00,499  [INFO]  Session ended. Exiting strategy.
2026-09-29 15:16:02,659  [INFO]  Logging to console and to file: logs\strategy_2026-09-29.log
2026-09-29 15:16:02,660  [INFO]  Found cached Groww access token for today. Verifying token...
2026-09-29 15:16:02,841  [INFO]  Cached Groww access token verified successfully. Skipping auth endpoint.
2026-09-29 15:16:04,376  [INFO]  Selected BankNifty monthly expiry: 2026-10-27
2026-09-29 15:16:04,488  [INFO]  Using BANKNIFTY futures symbol for candle data: BANKNIFTY26SEPFUT (groww_symbol=NSE-BANKNIFTY-29Sep26-FUT)
2026-09-29 15:16:04,489  [INFO]  Strategy started.  Underlying: BANKNIFTY  Monthly expiry: 2026-10-27  Supertrend(20, 1.8)  Exit threshold: ±111 pts  Entry window: 09:23–15:05  Force-close: 15:08
2026-09-29 15:16:04,489  [INFO]  [2026-09-29 15:16:04] SQUARE-OFF TIME — no open positions.
2026-09-29 15:16:04,489  [INFO]  Session ended. Exiting strategy.
2026-09-29 15:16:06,553  [INFO]  Logging to console and to file: logs\strategy_2026-09-29.log
2026-09-29 15:16:06,554  [INFO]  Found cached Groww access token for today. Verifying token...
2026-09-29 15:16:06,740  [INFO]  Cached Groww access token verified successfully. Skipping auth endpoint.
2026-09-29 15:16:08,625  [INFO]  Selected BankNifty monthly expiry: 2026-10-27
2026-09-29 15:16:08,722  [INFO]  Using BANKNIFTY futures symbol for candle data: BANKNIFTY26SEPFUT (groww_symbol=NSE-BANKNIFTY-29Sep26-FUT)
2026-09-29 15:16:08,722  [INFO]  Strategy started.  Underlying: BANKNIFTY  Monthly expiry: 2026-10-27  Supertrend(20, 1.8)  Exit threshold: ±111 pts  Entry window: 09:23–15:05  Force-close: 15:08
2026-09-29 15:16:08,722  [INFO]  [2026-09-29 15:16:08] SQUARE-OFF TIME — no open positions.
2026-09-29 15:16:08,722  [INFO]  Session ended. Exiting strategy.
2026-09-29 15:16:10,886  [INFO]  Logging to console and to file: logs\strategy_2026-09-29.log
2026-09-29 15:16:10,887  [INFO]  Found cached Groww access token for today. Verifying token...
2026-09-29 15:16:11,094  [INFO]  Cached Groww access token verified successfully. Skipping auth endpoint.
2026-09-29 15:16:12,864  [INFO]  Selected BankNifty monthly expiry: 2026-10-27
2026-09-29 15:16:12,963  [INFO]  Using BANKNIFTY futures symbol for candle data: BANKNIFTY26SEPFUT (groww_symbol=NSE-BANKNIFTY-29Sep26-FUT)
2026-09-29 15:16:12,963  [INFO]  Strategy started.  Underlying: BANKNIFTY  Monthly expiry: 2026-10-27  Supertrend(20, 1.8)  Exit threshold: ±111 pts  Entry window: 09:23–15:05  Force-close: 15:08
2026-09-29 15:16:12,963  [INFO]  [2026-09-29 15:16:12] SQUARE-OFF TIME — no open positions.
2026-09-29 15:16:12,963  [INFO]  Session ended. Exiting strategy.
2026-09-29 15:16:15,017  [INFO]  Logging to console and to file: logs\strategy_2026-09-29.log
2026-09-29 15:16:15,018  [INFO]  Found cached Groww access token for today. Verifying token...
2026-09-29 15:16:15,206  [INFO]  Cached Groww access token verified successfully. Skipping auth endpoint.
2026-09-29 15:16:16,874  [INFO]  Selected BankNifty monthly expiry: 2026-10-27
2026-09-29 15:16:16,973  [INFO]  Using BANKNIFTY futures symbol for candle data: BANKNIFTY26SEPFUT (groww_symbol=NSE-BANKNIFTY-29Sep26-FUT)
2026-09-29 15:16:16,973  [INFO]  Strategy started.  Underlying: BANKNIFTY  Monthly expiry: 2026-10-27  Supertrend(20, 1.8)  Exit threshold: ±111 pts  Entry window: 09:23–15:05  Force-close: 15:08
2026-09-29 15:16:16,973  [INFO]  [2026-09-29 15:16:16] SQUARE-OFF TIME — no open positions.
2026-09-29 15:16:16,974  [INFO]  Session ended. Exiting strategy.
2026-09-29 15:16:19,063  [INFO]  Logging to console and to file: logs\strategy_2026-09-29.log
2026-09-29 15:16:19,064  [INFO]  Found cached Groww access token for today. Verifying token...
2026-09-29 15:16:19,260  [INFO]  Cached Groww access token verified successfully. Skipping auth endpoint.
2026-09-29 15:16:21,067  [INFO]  Selected BankNifty monthly expiry: 2026-10-27
2026-09-29 15:16:21,179  [INFO]  Using BANKNIFTY futures symbol for candle data: BANKNIFTY26SEPFUT (groww_symbol=NSE-BANKNIFTY-29Sep26-FUT)
2026-09-29 15:16:21,179  [INFO]  Strategy started.  Underlying: BANKNIFTY  Monthly expiry: 2026-10-27  Supertrend(20, 1.8)  Exit threshold: ±111 pts  Entry window: 09:23–15:05  Force-close: 15:08
2026-09-29 15:16:21,179  [INFO]  [2026-09-29 15:16:21] SQUARE-OFF TIME — no open positions.
2026-09-29 15:16:21,179  [INFO]  Session ended. Exiting strategy.
2026-09-29 15:16:23,291  [INFO]  Logging to console and to file: logs\strategy_2026-09-29.log
2026-09-29 15:16:23,293  [INFO]  Found cached Groww access token for today. Verifying token...
2026-09-29 15:16:23,503  [INFO]  Cached Groww access token verified successfully. Skipping auth endpoint.
2026-09-29 15:16:25,200  [INFO]  Selected BankNifty monthly expiry: 2026-10-27
2026-09-29 15:16:25,301  [INFO]  Using BANKNIFTY futures symbol for candle data: BANKNIFTY26SEPFUT (groww_symbol=NSE-BANKNIFTY-29Sep26-FUT)
2026-09-29 15:16:25,302  [INFO]  Strategy started.  Underlying: BANKNIFTY  Monthly expiry: 2026-10-27  Supertrend(20, 1.8)  Exit threshold: ±111 pts  Entry window: 09:23–15:05  Force-close: 15:08
2026-09-29 15:16:25,302  [INFO]  [2026-09-29 15:16:25] SQUARE-OFF TIME — no open positions.
2026-09-29 15:16:25,304  [INFO]  Session ended. Exiting strategy.
2026-09-29 15:16:27,423  [INFO]  Logging to console and to file: logs\strategy_2026-09-29.log
2026-09-29 15:16:27,424  [INFO]  Found cached Groww access token for today. Verifying token...
2026-09-29 15:16:27,602  [INFO]  Cached Groww access token verified successfully. Skipping auth endpoint.
2026-09-29 15:16:29,651  [INFO]  Selected BankNifty monthly expiry: 2026-10-27
2026-09-29 15:16:29,748  [INFO]  Using BANKNIFTY futures symbol for candle data: BANKNIFTY26SEPFUT (groww_symbol=NSE-BANKNIFTY-29Sep26-FUT)
2026-09-29 15:16:29,748  [INFO]  Strategy started.  Underlying: BANKNIFTY  Monthly expiry: 2026-10-27  Supertrend(20, 1.8)  Exit threshold: ±111 pts  Entry window: 09:23–15:05  Force-close: 15:08
2026-09-29 15:16:29,749  [INFO]  [2026-09-29 15:16:29] SQUARE-OFF TIME — no open positions.
2026-09-29 15:16:29,749  [INFO]  Session ended. Exiting strategy.
2026-09-29 15:16:31,877  [INFO]  Logging to console and to file: logs\strategy_2026-09-29.log
2026-09-29 15:16:31,878  [INFO]  Found cached Groww access token for today. Verifying token...
2026-09-29 15:16:32,075  [INFO]  Cached Groww access token verified successfully. Skipping auth endpoint.
2026-09-29 15:16:33,805  [INFO]  Selected BankNifty monthly expiry: 2026-10-27
2026-09-29 15:16:33,908  [INFO]  Using BANKNIFTY futures symbol for candle data: BANKNIFTY26SEPFUT (groww_symbol=NSE-BANKNIFTY-29Sep26-FUT)
2026-09-29 15:16:33,909  [INFO]  Strategy started.  Underlying: BANKNIFTY  Monthly expiry: 2026-10-27  Supertrend(20, 1.8)  Exit threshold: ±111 pts  Entry window: 09:23–15:05  Force-close: 15:08
2026-09-29 15:16:33,909  [INFO]  [2026-09-29 15:16:33] SQUARE-OFF TIME — no open positions.
2026-09-29 15:16:33,909  [INFO]  Session ended. Exiting strategy.
2026-09-29 15:16:36,123  [INFO]  Logging to console and to file: logs\strategy_2026-09-29.log
2026-09-29 15:16:36,124  [INFO]  Found cached Groww access token for today. Verifying token...
2026-09-29 15:16:36,339  [INFO]  Cached Groww access token verified successfully. Skipping auth endpoint.
2026-09-29 15:16:38,376  [INFO]  Selected BankNifty monthly expiry: 2026-10-27
2026-09-29 15:16:38,474  [INFO]  Using BANKNIFTY futures symbol for candle data: BANKNIFTY26SEPFUT (groww_symbol=NSE-BANKNIFTY-29Sep26-FUT)
2026-09-29 15:16:38,475  [INFO]  Strategy started.  Underlying: BANKNIFTY  Monthly expiry: 2026-10-27  Supertrend(20, 1.8)  Exit threshold: ±111 pts  Entry window: 09:23–15:05  Force-close: 15:08
2026-09-29 15:16:38,475  [INFO]  [2026-09-29 15:16:38] SQUARE-OFF TIME — no open positions.
2026-09-29 15:16:38,475  [INFO]  Session ended. Exiting strategy.
2026-09-29 15:16:40,516  [INFO]  Logging to console and to file: logs\strategy_2026-09-29.log
2026-09-29 15:16:40,517  [INFO]  Found cached Groww access token for today. Verifying token...
2026-09-29 15:16:40,714  [INFO]  Cached Groww access token verified successfully. Skipping auth endpoint.
2026-09-29 15:16:42,378  [INFO]  Selected BankNifty monthly expiry: 2026-10-27
2026-09-29 15:16:42,486  [INFO]  Using BANKNIFTY futures symbol for candle data: BANKNIFTY26SEPFUT (groww_symbol=NSE-BANKNIFTY-29Sep26-FUT)
2026-09-29 15:16:42,486  [INFO]  Strategy started.  Underlying: BANKNIFTY  Monthly expiry: 2026-10-27  Supertrend(20, 1.8)  Exit threshold: ±111 pts  Entry window: 09:23–15:05  Force-close: 15:08
2026-09-29 15:16:42,486  [INFO]  [2026-09-29 15:16:42] SQUARE-OFF TIME — no open positions.
2026-09-29 15:16:42,487  [INFO]  Session ended. Exiting strategy.
2026-09-29 15:16:44,538  [INFO]  Logging to console and to file: logs\strategy_2026-09-29.log
2026-09-29 15:16:44,539  [INFO]  Found cached Groww access token for today. Verifying token...
2026-09-29 15:16:44,740  [INFO]  Cached Groww access token verified successfully. Skipping auth endpoint.
2026-09-29 15:16:46,332  [INFO]  Selected BankNifty monthly expiry: 2026-10-27
2026-09-29 15:16:46,432  [INFO]  Using BANKNIFTY futures symbol for candle data: BANKNIFTY26SEPFUT (groww_symbol=NSE-BANKNIFTY-29Sep26-FUT)
2026-09-29 15:16:46,432  [INFO]  Strategy started.  Underlying: BANKNIFTY  Monthly expiry: 2026-10-27  Supertrend(20, 1.8)  Exit threshold: ±111 pts  Entry window: 09:23–15:05  Force-close: 15:08
2026-09-29 15:16:46,433  [INFO]  [2026-09-29 15:16:46] SQUARE-OFF TIME — no open positions.
2026-09-29 15:16:46,433  [INFO]  Session ended. Exiting strategy.
2026-09-29 15:16:48,385  [INFO]  Logging to console and to file: logs\strategy_2026-09-29.log
2026-09-29 15:16:48,386  [INFO]  Found cached Groww access token for today. Verifying token...
2026-09-29 15:16:48,595  [INFO]  Cached Groww access token verified successfully. Skipping auth endpoint.
2026-09-29 15:16:50,319  [INFO]  Selected BankNifty monthly expiry: 2026-10-27
2026-09-29 15:16:50,415  [INFO]  Using BANKNIFTY futures symbol for candle data: BANKNIFTY26SEPFUT (groww_symbol=NSE-BANKNIFTY-29Sep26-FUT)
2026-09-29 15:16:50,415  [INFO]  Strategy started.  Underlying: BANKNIFTY  Monthly expiry: 2026-10-27  Supertrend(20, 1.8)  Exit threshold: ±111 pts  Entry window: 09:23–15:05  Force-close: 15:08
2026-09-29 15:16:50,415  [INFO]  [2026-09-29 15:16:50] SQUARE-OFF TIME — no open positions.
2026-09-29 15:16:50,415  [INFO]  Session ended. Exiting strategy.
2026-09-29 15:16:52,527  [INFO]  Logging to console and to file: logs\strategy_2026-09-29.log
2026-09-29 15:16:52,528  [INFO]  Found cached Groww access token for today. Verifying token...
2026-09-29 15:16:52,746  [INFO]  Cached Groww access token verified successfully. Skipping auth endpoint.
2026-09-29 15:16:54,589  [INFO]  Selected BankNifty monthly expiry: 2026-10-27
2026-09-29 15:16:54,688  [INFO]  Using BANKNIFTY futures symbol for candle data: BANKNIFTY26SEPFUT (groww_symbol=NSE-BANKNIFTY-29Sep26-FUT)
2026-09-29 15:16:54,688  [INFO]  Strategy started.  Underlying: BANKNIFTY  Monthly expiry: 2026-10-27  Supertrend(20, 1.8)  Exit threshold: ±111 pts  Entry window: 09:23–15:05  Force-close: 15:08
2026-09-29 15:16:54,688  [INFO]  [2026-09-29 15:16:54] SQUARE-OFF TIME — no open positions.
2026-09-29 15:16:54,689  [INFO]  Session ended. Exiting strategy.
2026-09-29 15:16:56,910  [INFO]  Logging to console and to file: logs\strategy_2026-09-29.log
2026-09-29 15:16:56,911  [INFO]  Found cached Groww access token for today. Verifying token...
2026-09-29 15:16:57,109  [INFO]  Cached Groww access token verified successfully. Skipping auth endpoint.
2026-09-29 15:16:58,858  [INFO]  Selected BankNifty monthly expiry: 2026-10-27
2026-09-29 15:16:58,959  [INFO]  Using BANKNIFTY futures symbol for candle data: BANKNIFTY26SEPFUT (groww_symbol=NSE-BANKNIFTY-29Sep26-FUT)
2026-09-29 15:16:58,960  [INFO]  Strategy started.  Underlying: BANKNIFTY  Monthly expiry: 2026-10-27  Supertrend(20, 1.8)  Exit threshold: ±111 pts  Entry window: 09:23–15:05  Force-close: 15:08
2026-09-29 15:16:58,960  [INFO]  [2026-09-29 15:16:58] SQUARE-OFF TIME — no open positions.
2026-09-29 15:16:58,960  [INFO]  Session ended. Exiting strategy.
2026-09-29 15:17:01,121  [INFO]  Logging to console and to file: logs\strategy_2026-09-29.log
2026-09-29 15:17:01,122  [INFO]  Found cached Groww access token for today. Verifying token...
2026-09-29 15:17:01,354  [INFO]  Cached Groww access token verified successfully. Skipping auth endpoint.
2026-09-29 15:17:02,965  [INFO]  Selected BankNifty monthly expiry: 2026-10-27
2026-09-29 15:17:03,083  [INFO]  Using BANKNIFTY futures symbol for candle data: BANKNIFTY26SEPFUT (groww_symbol=NSE-BANKNIFTY-29Sep26-FUT)
2026-09-29 15:17:03,084  [INFO]  Strategy started.  Underlying: BANKNIFTY  Monthly expiry: 2026-10-27  Supertrend(20, 1.8)  Exit threshold: ±111 pts  Entry window: 09:23–15:05  Force-close: 15:08
2026-09-29 15:17:03,084  [INFO]  [2026-09-29 15:17:03] SQUARE-OFF TIME — no open positions.
2026-09-29 15:17:03,084  [INFO]  Session ended. Exiting strategy.
2026-09-29 15:17:05,156  [INFO]  Logging to console and to file: logs\strategy_2026-09-29.log
2026-09-29 15:17:05,157  [INFO]  Found cached Groww access token for today. Verifying token...
2026-09-29 15:17:05,378  [INFO]  Cached Groww access token verified successfully. Skipping auth endpoint.
2026-09-29 15:17:07,185  [INFO]  Selected BankNifty monthly expiry: 2026-10-27
2026-09-29 15:17:07,338  [INFO]  Using BANKNIFTY futures symbol for candle data: BANKNIFTY26SEPFUT (groww_symbol=NSE-BANKNIFTY-29Sep26-FUT)
2026-09-29 15:17:07,338  [INFO]  Strategy started.  Underlying: BANKNIFTY  Monthly expiry: 2026-10-27  Supertrend(20, 1.8)  Exit threshold: ±111 pts  Entry window: 09:23–15:05  Force-close: 15:08
2026-09-29 15:17:07,338  [INFO]  [2026-09-29 15:17:07] SQUARE-OFF TIME — no open positions.
2026-09-29 15:17:07,339  [INFO]  Session ended. Exiting strategy.
2026-09-29 15:17:09,369  [INFO]  Logging to console and to file: logs\strategy_2026-09-29.log
2026-09-29 15:17:09,370  [INFO]  Found cached Groww access token for today. Verifying token...
2026-09-29 15:17:09,594  [INFO]  Cached Groww access token verified successfully. Skipping auth endpoint.
2026-09-29 15:17:11,115  [INFO]  Selected BankNifty monthly expiry: 2026-10-27
2026-09-29 15:17:11,222  [INFO]  Using BANKNIFTY futures symbol for candle data: BANKNIFTY26SEPFUT (groww_symbol=NSE-BANKNIFTY-29Sep26-FUT)
2026-09-29 15:17:11,223  [INFO]  Strategy started.  Underlying: BANKNIFTY  Monthly expiry: 2026-10-27  Supertrend(20, 1.8)  Exit threshold: ±111 pts  Entry window: 09:23–15:05  Force-close: 15:08
2026-09-29 15:17:11,223  [INFO]  [2026-09-29 15:17:11] SQUARE-OFF TIME — no open positions.
2026-09-29 15:17:11,223  [INFO]  Session ended. Exiting strategy.
2026-09-29 15:17:13,464  [INFO]  Logging to console and to file: logs\strategy_2026-09-29.log
2026-09-29 15:17:13,465  [INFO]  Found cached Groww access token for today. Verifying token...
2026-09-29 15:17:13,667  [INFO]  Cached Groww access token verified successfully. Skipping auth endpoint.
2026-09-29 15:17:15,389  [INFO]  Selected BankNifty monthly expiry: 2026-10-27
2026-09-29 15:17:15,515  [INFO]  Using BANKNIFTY futures symbol for candle data: BANKNIFTY26SEPFUT (groww_symbol=NSE-BANKNIFTY-29Sep26-FUT)
2026-09-29 15:17:15,515  [INFO]  Strategy started.  Underlying: BANKNIFTY  Monthly expiry: 2026-10-27  Supertrend(20, 1.8)  Exit threshold: ±111 pts  Entry window: 09:23–15:05  Force-close: 15:08
2026-09-29 15:17:15,515  [INFO]  [2026-09-29 15:17:15] SQUARE-OFF TIME — no open positions.
2026-09-29 15:17:15,516  [INFO]  Session ended. Exiting strategy.
2026-09-29 15:17:17,700  [INFO]  Logging to console and to file: logs\strategy_2026-09-29.log
2026-09-29 15:17:17,701  [INFO]  Found cached Groww access token for today. Verifying token...
2026-09-29 15:17:17,924  [INFO]  Cached Groww access token verified successfully. Skipping auth endpoint.
2026-09-29 15:17:19,695  [INFO]  Selected BankNifty monthly expiry: 2026-10-27
2026-09-29 15:17:19,803  [INFO]  Using BANKNIFTY futures symbol for candle data: BANKNIFTY26SEPFUT (groww_symbol=NSE-BANKNIFTY-29Sep26-FUT)
2026-09-29 15:17:19,803  [INFO]  Strategy started.  Underlying: BANKNIFTY  Monthly expiry: 2026-10-27  Supertrend(20, 1.8)  Exit threshold: ±111 pts  Entry window: 09:23–15:05  Force-close: 15:08
2026-09-29 15:17:19,803  [INFO]  [2026-09-29 15:17:19] SQUARE-OFF TIME — no open positions.
2026-09-29 15:17:19,804  [INFO]  Session ended. Exiting strategy.
2026-09-29 15:17:21,900  [INFO]  Logging to console and to file: logs\strategy_2026-09-29.log
2026-09-29 15:17:21,901  [INFO]  Found cached Groww access token for today. Verifying token...
2026-09-29 15:17:22,099  [INFO]  Cached Groww access token verified successfully. Skipping auth endpoint.
2026-09-29 15:17:23,696  [INFO]  Selected BankNifty monthly expiry: 2026-10-27
2026-09-29 15:17:23,791  [INFO]  Using BANKNIFTY futures symbol for candle data: BANKNIFTY26SEPFUT (groww_symbol=NSE-BANKNIFTY-29Sep26-FUT)
2026-09-29 15:17:23,792  [INFO]  Strategy started.  Underlying: BANKNIFTY  Monthly expiry: 2026-10-27  Supertrend(20, 1.8)  Exit threshold: ±111 pts  Entry window: 09:23–15:05  Force-close: 15:08
2026-09-29 15:17:23,792  [INFO]  [2026-09-29 15:17:23] SQUARE-OFF TIME — no open positions.
2026-09-29 15:17:23,792  [INFO]  Session ended. Exiting strategy.
2026-09-29 15:17:25,909  [INFO]  Logging to console and to file: logs\strategy_2026-09-29.log
2026-09-29 15:17:25,910  [INFO]  Found cached Groww access token for today. Verifying token...
2026-09-29 15:17:26,117  [INFO]  Cached Groww access token verified successfully. Skipping auth endpoint.
2026-09-29 15:17:27,690  [INFO]  Selected BankNifty monthly expiry: 2026-10-27
2026-09-29 15:17:27,817  [INFO]  Using BANKNIFTY futures symbol for candle data: BANKNIFTY26SEPFUT (groww_symbol=NSE-BANKNIFTY-29Sep26-FUT)
2026-09-29 15:17:27,818  [INFO]  Strategy started.  Underlying: BANKNIFTY  Monthly expiry: 2026-10-27  Supertrend(20, 1.8)  Exit threshold: ±111 pts  Entry window: 09:23–15:05  Force-close: 15:08
2026-09-29 15:17:27,818  [INFO]  [2026-09-29 15:17:27] SQUARE-OFF TIME — no open positions.
2026-09-29 15:17:27,818  [INFO]  Session ended. Exiting strategy.
2026-09-29 15:17:29,883  [INFO]  Logging to console and to file: logs\strategy_2026-09-29.log
2026-09-29 15:17:29,883  [INFO]  Found cached Groww access token for today. Verifying token...
2026-09-29 15:17:30,070  [INFO]  Cached Groww access token verified successfully. Skipping auth endpoint.
2026-09-29 15:17:31,724  [INFO]  Selected BankNifty monthly expiry: 2026-10-27
2026-09-29 15:17:31,835  [INFO]  Using BANKNIFTY futures symbol for candle data: BANKNIFTY26SEPFUT (groww_symbol=NSE-BANKNIFTY-29Sep26-FUT)
2026-09-29 15:17:31,836  [INFO]  Strategy started.  Underlying: BANKNIFTY  Monthly expiry: 2026-10-27  Supertrend(20, 1.8)  Exit threshold: ±111 pts  Entry window: 09:23–15:05  Force-close: 15:08
2026-09-29 15:17:31,836  [INFO]  [2026-09-29 15:17:31] SQUARE-OFF TIME — no open positions.
2026-09-29 15:17:31,836  [INFO]  Session ended. Exiting strategy.
2026-09-29 15:17:34,095  [INFO]  Logging to console and to file: logs\strategy_2026-09-29.log
2026-09-29 15:17:34,096  [INFO]  Found cached Groww access token for today. Verifying token...
2026-09-29 15:17:34,298  [INFO]  Cached Groww access token verified successfully. Skipping auth endpoint.
2026-09-29 15:17:35,998  [INFO]  Selected BankNifty monthly expiry: 2026-10-27
2026-09-29 15:17:36,100  [INFO]  Using BANKNIFTY futures symbol for candle data: BANKNIFTY26SEPFUT (groww_symbol=NSE-BANKNIFTY-29Sep26-FUT)
2026-09-29 15:17:36,100  [INFO]  Strategy started.  Underlying: BANKNIFTY  Monthly expiry: 2026-10-27  Supertrend(20, 1.8)  Exit threshold: ±111 pts  Entry window: 09:23–15:05  Force-close: 15:08
2026-09-29 15:17:36,100  [INFO]  [2026-09-29 15:17:36] SQUARE-OFF TIME — no open positions.
2026-09-29 15:17:36,100  [INFO]  Session ended. Exiting strategy.
2026-09-29 15:17:38,360  [INFO]  Logging to console and to file: logs\strategy_2026-09-29.log
2026-09-29 15:17:38,361  [INFO]  Found cached Groww access token for today. Verifying token...
2026-09-29 15:17:38,569  [INFO]  Cached Groww access token verified successfully. Skipping auth endpoint.
2026-09-29 15:17:40,285  [INFO]  Selected BankNifty monthly expiry: 2026-10-27
2026-09-29 15:17:40,388  [INFO]  Using BANKNIFTY futures symbol for candle data: BANKNIFTY26SEPFUT (groww_symbol=NSE-BANKNIFTY-29Sep26-FUT)
2026-09-29 15:17:40,388  [INFO]  Strategy started.  Underlying: BANKNIFTY  Monthly expiry: 2026-10-27  Supertrend(20, 1.8)  Exit threshold: ±111 pts  Entry window: 09:23–15:05  Force-close: 15:08
2026-09-29 15:17:40,388  [INFO]  [2026-09-29 15:17:40] SQUARE-OFF TIME — no open positions.
2026-09-29 15:17:40,388  [INFO]  Session ended. Exiting strategy.
2026-09-29 15:17:42,522  [INFO]  Logging to console and to file: logs\strategy_2026-09-29.log
2026-09-29 15:17:42,523  [INFO]  Found cached Groww access token for today. Verifying token...
2026-09-29 15:17:42,715  [INFO]  Cached Groww access token verified successfully. Skipping auth endpoint.
2026-09-29 15:17:44,358  [INFO]  Selected BankNifty monthly expiry: 2026-10-27
2026-09-29 15:17:44,470  [INFO]  Using BANKNIFTY futures symbol for candle data: BANKNIFTY26SEPFUT (groww_symbol=NSE-BANKNIFTY-29Sep26-FUT)
2026-09-29 15:17:44,470  [INFO]  Strategy started.  Underlying: BANKNIFTY  Monthly expiry: 2026-10-27  Supertrend(20, 1.8)  Exit threshold: ±111 pts  Entry window: 09:23–15:05  Force-close: 15:08
2026-09-29 15:17:44,471  [INFO]  [2026-09-29 15:17:44] SQUARE-OFF TIME — no open positions.
2026-09-29 15:17:44,471  [INFO]  Session ended. Exiting strategy.
2026-09-29 15:17:46,546  [INFO]  Logging to console and to file: logs\strategy_2026-09-29.log
2026-09-29 15:17:46,547  [INFO]  Found cached Groww access token for today. Verifying token...
2026-09-29 15:17:46,742  [INFO]  Cached Groww access token verified successfully. Skipping auth endpoint.
2026-09-29 15:17:48,377  [INFO]  Selected BankNifty monthly expiry: 2026-10-27
2026-09-29 15:17:48,494  [INFO]  Using BANKNIFTY futures symbol for candle data: BANKNIFTY26SEPFUT (groww_symbol=NSE-BANKNIFTY-29Sep26-FUT)
2026-09-29 15:17:48,494  [INFO]  Strategy started.  Underlying: BANKNIFTY  Monthly expiry: 2026-10-27  Supertrend(20, 1.8)  Exit threshold: ±111 pts  Entry window: 09:23–15:05  Force-close: 15:08
2026-09-29 15:17:48,494  [INFO]  [2026-09-29 15:17:48] SQUARE-OFF TIME — no open positions.
2026-09-29 15:17:48,494  [INFO]  Session ended. Exiting strategy.
2026-09-29 15:17:50,751  [INFO]  Logging to console and to file: logs\strategy_2026-09-29.log
2026-09-29 15:17:50,752  [INFO]  Found cached Groww access token for today. Verifying token...
2026-09-29 15:17:50,950  [INFO]  Cached Groww access token verified successfully. Skipping auth endpoint.
2026-09-29 15:17:52,843  [INFO]  Selected BankNifty monthly expiry: 2026-10-27
2026-09-29 15:17:52,945  [INFO]  Using BANKNIFTY futures symbol for candle data: BANKNIFTY26SEPFUT (groww_symbol=NSE-BANKNIFTY-29Sep26-FUT)
2026-09-29 15:17:52,946  [INFO]  Strategy started.  Underlying: BANKNIFTY  Monthly expiry: 2026-10-27  Supertrend(20, 1.8)  Exit threshold: ±111 pts  Entry window: 09:23–15:05  Force-close: 15:08
2026-09-29 15:17:52,946  [INFO]  [2026-09-29 15:17:52] SQUARE-OFF TIME — no open positions.
2026-09-29 15:17:52,946  [INFO]  Session ended. Exiting strategy.
2026-09-29 15:17:54,987  [INFO]  Logging to console and to file: logs\strategy_2026-09-29.log
2026-09-29 15:17:54,988  [INFO]  Found cached Groww access token for today. Verifying token...
2026-09-29 15:17:55,188  [INFO]  Cached Groww access token verified successfully. Skipping auth endpoint.
2026-09-29 15:17:57,105  [INFO]  Selected BankNifty monthly expiry: 2026-10-27
2026-09-29 15:17:57,258  [INFO]  Using BANKNIFTY futures symbol for candle data: BANKNIFTY26SEPFUT (groww_symbol=NSE-BANKNIFTY-29Sep26-FUT)
2026-09-29 15:17:57,258  [INFO]  Strategy started.  Underlying: BANKNIFTY  Monthly expiry: 2026-10-27  Supertrend(20, 1.8)  Exit threshold: ±111 pts  Entry window: 09:23–15:05  Force-close: 15:08
2026-09-29 15:17:57,258  [INFO]  [2026-09-29 15:17:57] SQUARE-OFF TIME — no open positions.
2026-09-29 15:17:57,258  [INFO]  Session ended. Exiting strategy.
2026-09-29 15:17:59,194  [INFO]  Logging to console and to file: logs\strategy_2026-09-29.log
2026-09-29 15:17:59,195  [INFO]  Found cached Groww access token for today. Verifying token...
2026-09-29 15:17:59,400  [INFO]  Cached Groww access token verified successfully. Skipping auth endpoint.
2026-09-29 15:18:01,395  [INFO]  Selected BankNifty monthly expiry: 2026-10-27
2026-09-29 15:18:01,503  [INFO]  Using BANKNIFTY futures symbol for candle data: BANKNIFTY26SEPFUT (groww_symbol=NSE-BANKNIFTY-29Sep26-FUT)
2026-09-29 15:18:01,504  [INFO]  Strategy started.  Underlying: BANKNIFTY  Monthly expiry: 2026-10-27  Supertrend(20, 1.8)  Exit threshold: ±111 pts  Entry window: 09:23–15:05  Force-close: 15:08
2026-09-29 15:18:01,504  [INFO]  [2026-09-29 15:18:01] SQUARE-OFF TIME — no open positions.
2026-09-29 15:18:01,504  [INFO]  Session ended. Exiting strategy.
2026-09-29 15:18:03,593  [INFO]  Logging to console and to file: logs\strategy_2026-09-29.log
2026-09-29 15:18:03,594  [INFO]  Found cached Groww access token for today. Verifying token...
2026-09-29 15:18:03,806  [INFO]  Cached Groww access token verified successfully. Skipping auth endpoint.
2026-09-29 15:18:05,755  [INFO]  Selected BankNifty monthly expiry: 2026-10-27
2026-09-29 15:18:05,854  [INFO]  Using BANKNIFTY futures symbol for candle data: BANKNIFTY26SEPFUT (groww_symbol=NSE-BANKNIFTY-29Sep26-FUT)
2026-09-29 15:18:05,855  [INFO]  Strategy started.  Underlying: BANKNIFTY  Monthly expiry: 2026-10-27  Supertrend(20, 1.8)  Exit threshold: ±111 pts  Entry window: 09:23–15:05  Force-close: 15:08
2026-09-29 15:18:05,855  [INFO]  [2026-09-29 15:18:05] SQUARE-OFF TIME — no open positions.
2026-09-29 15:18:05,855  [INFO]  Session ended. Exiting strategy.
2026-09-29 15:18:08,031  [INFO]  Logging to console and to file: logs\strategy_2026-09-29.log
2026-09-29 15:18:08,032  [INFO]  Found cached Groww access token for today. Verifying token...
2026-09-29 15:18:08,214  [INFO]  Cached Groww access token verified successfully. Skipping auth endpoint.
2026-09-29 15:18:09,843  [INFO]  Selected BankNifty monthly expiry: 2026-10-27
2026-09-29 15:18:09,974  [INFO]  Using BANKNIFTY futures symbol for candle data: BANKNIFTY26SEPFUT (groww_symbol=NSE-BANKNIFTY-29Sep26-FUT)
2026-09-29 15:18:09,975  [INFO]  Strategy started.  Underlying: BANKNIFTY  Monthly expiry: 2026-10-27  Supertrend(20, 1.8)  Exit threshold: ±111 pts  Entry window: 09:23–15:05  Force-close: 15:08
2026-09-29 15:18:09,975  [INFO]  [2026-09-29 15:18:09] SQUARE-OFF TIME — no open positions.
2026-09-29 15:18:09,975  [INFO]  Session ended. Exiting strategy.
2026-09-29 15:18:12,032  [INFO]  Logging to console and to file: logs\strategy_2026-09-29.log
2026-09-29 15:18:12,033  [INFO]  Found cached Groww access token for today. Verifying token...
2026-09-29 15:18:12,235  [INFO]  Cached Groww access token verified successfully. Skipping auth endpoint.
2026-09-29 15:18:14,029  [INFO]  Selected BankNifty monthly expiry: 2026-10-27
2026-09-29 15:18:14,125  [INFO]  Using BANKNIFTY futures symbol for candle data: BANKNIFTY26SEPFUT (groww_symbol=NSE-BANKNIFTY-29Sep26-FUT)
2026-09-29 15:18:14,126  [INFO]  Strategy started.  Underlying: BANKNIFTY  Monthly expiry: 2026-10-27  Supertrend(20, 1.8)  Exit threshold: ±111 pts  Entry window: 09:23–15:05  Force-close: 15:08
2026-09-29 15:18:14,126  [INFO]  [2026-09-29 15:18:14] SQUARE-OFF TIME — no open positions.
2026-09-29 15:18:14,126  [INFO]  Session ended. Exiting strategy.
2026-09-29 15:18:16,234  [INFO]  Logging to console and to file: logs\strategy_2026-09-29.log
2026-09-29 15:18:16,235  [INFO]  Found cached Groww access token for today. Verifying token...
2026-09-29 15:18:16,437  [INFO]  Cached Groww access token verified successfully. Skipping auth endpoint.
2026-09-29 15:18:17,980  [INFO]  Selected BankNifty monthly expiry: 2026-10-27
2026-09-29 15:18:18,083  [INFO]  Using BANKNIFTY futures symbol for candle data: BANKNIFTY26SEPFUT (groww_symbol=NSE-BANKNIFTY-29Sep26-FUT)
2026-09-29 15:18:18,084  [INFO]  Strategy started.  Underlying: BANKNIFTY  Monthly expiry: 2026-10-27  Supertrend(20, 1.8)  Exit threshold: ±111 pts  Entry window: 09:23–15:05  Force-close: 15:08
2026-09-29 15:18:18,084  [INFO]  [2026-09-29 15:18:18] SQUARE-OFF TIME — no open positions.
2026-09-29 15:18:18,084  [INFO]  Session ended. Exiting strategy.
2026-09-29 15:18:20,127  [INFO]  Logging to console and to file: logs\strategy_2026-09-29.log
2026-09-29 15:18:20,128  [INFO]  Found cached Groww access token for today. Verifying token...
2026-09-29 15:18:20,329  [INFO]  Cached Groww access token verified successfully. Skipping auth endpoint.
2026-09-29 15:18:21,914  [INFO]  Selected BankNifty monthly expiry: 2026-10-27
2026-09-29 15:18:22,038  [INFO]  Using BANKNIFTY futures symbol for candle data: BANKNIFTY26SEPFUT (groww_symbol=NSE-BANKNIFTY-29Sep26-FUT)
2026-09-29 15:18:22,038  [INFO]  Strategy started.  Underlying: BANKNIFTY  Monthly expiry: 2026-10-27  Supertrend(20, 1.8)  Exit threshold: ±111 pts  Entry window: 09:23–15:05  Force-close: 15:08
2026-09-29 15:18:22,039  [INFO]  [2026-09-29 15:18:22] SQUARE-OFF TIME — no open positions.
2026-09-29 15:18:22,039  [INFO]  Session ended. Exiting strategy.
2026-09-29 15:18:24,047  [INFO]  Logging to console and to file: logs\strategy_2026-09-29.log
2026-09-29 15:18:24,048  [INFO]  Found cached Groww access token for today. Verifying token...
2026-09-29 15:18:24,261  [INFO]  Cached Groww access token verified successfully. Skipping auth endpoint.
2026-09-29 15:18:26,055  [INFO]  Selected BankNifty monthly expiry: 2026-10-27
2026-09-29 15:18:26,152  [INFO]  Using BANKNIFTY futures symbol for candle data: BANKNIFTY26SEPFUT (groww_symbol=NSE-BANKNIFTY-29Sep26-FUT)
2026-09-29 15:18:26,152  [INFO]  Strategy started.  Underlying: BANKNIFTY  Monthly expiry: 2026-10-27  Supertrend(20, 1.8)  Exit threshold: ±111 pts  Entry window: 09:23–15:05  Force-close: 15:08
2026-09-29 15:18:26,152  [INFO]  [2026-09-29 15:18:26] SQUARE-OFF TIME — no open positions.
2026-09-29 15:18:26,152  [INFO]  Session ended. Exiting strategy.
2026-09-29 15:18:28,247  [INFO]  Logging to console and to file: logs\strategy_2026-09-29.log
2026-09-29 15:18:28,248  [INFO]  Found cached Groww access token for today. Verifying token...
2026-09-29 15:18:28,461  [INFO]  Cached Groww access token verified successfully. Skipping auth endpoint.
2026-09-29 15:18:30,065  [INFO]  Selected BankNifty monthly expiry: 2026-10-27
2026-09-29 15:18:30,181  [INFO]  Using BANKNIFTY futures symbol for candle data: BANKNIFTY26SEPFUT (groww_symbol=NSE-BANKNIFTY-29Sep26-FUT)
2026-09-29 15:18:30,181  [INFO]  Strategy started.  Underlying: BANKNIFTY  Monthly expiry: 2026-10-27  Supertrend(20, 1.8)  Exit threshold: ±111 pts  Entry window: 09:23–15:05  Force-close: 15:08
2026-09-29 15:18:30,181  [INFO]  [2026-09-29 15:18:30] SQUARE-OFF TIME — no open positions.
2026-09-29 15:18:30,181  [INFO]  Session ended. Exiting strategy.
2026-09-29 15:18:32,328  [INFO]  Logging to console and to file: logs\strategy_2026-09-29.log
2026-09-29 15:18:32,329  [INFO]  Found cached Groww access token for today. Verifying token...
2026-09-29 15:18:32,541  [INFO]  Cached Groww access token verified successfully. Skipping auth endpoint.
2026-09-29 15:18:34,213  [INFO]  Selected BankNifty monthly expiry: 2026-10-27
2026-09-29 15:18:34,311  [INFO]  Using BANKNIFTY futures symbol for candle data: BANKNIFTY26SEPFUT (groww_symbol=NSE-BANKNIFTY-29Sep26-FUT)
2026-09-29 15:18:34,312  [INFO]  Strategy started.  Underlying: BANKNIFTY  Monthly expiry: 2026-10-27  Supertrend(20, 1.8)  Exit threshold: ±111 pts  Entry window: 09:23–15:05  Force-close: 15:08
2026-09-29 15:18:34,312  [INFO]  [2026-09-29 15:18:34] SQUARE-OFF TIME — no open positions.
2026-09-29 15:18:34,312  [INFO]  Session ended. Exiting strategy.
2026-09-29 15:18:36,396  [INFO]  Logging to console and to file: logs\strategy_2026-09-29.log
2026-09-29 15:18:36,397  [INFO]  Found cached Groww access token for today. Verifying token...
2026-09-29 15:18:36,597  [INFO]  Cached Groww access token verified successfully. Skipping auth endpoint.
2026-09-29 15:18:38,258  [INFO]  Selected BankNifty monthly expiry: 2026-10-27
2026-09-29 15:18:38,363  [INFO]  Using BANKNIFTY futures symbol for candle data: BANKNIFTY26SEPFUT (groww_symbol=NSE-BANKNIFTY-29Sep26-FUT)
2026-09-29 15:18:38,363  [INFO]  Strategy started.  Underlying: BANKNIFTY  Monthly expiry: 2026-10-27  Supertrend(20, 1.8)  Exit threshold: ±111 pts  Entry window: 09:23–15:05  Force-close: 15:08
2026-09-29 15:18:38,363  [INFO]  [2026-09-29 15:18:38] SQUARE-OFF TIME — no open positions.
2026-09-29 15:18:38,363  [INFO]  Session ended. Exiting strategy.
2026-09-29 15:18:40,450  [INFO]  Logging to console and to file: logs\strategy_2026-09-29.log
2026-09-29 15:18:40,450  [INFO]  Found cached Groww access token for today. Verifying token...
2026-09-29 15:18:40,859  [INFO]  Cached Groww access token verified successfully. Skipping auth endpoint.
2026-09-29 15:18:42,536  [INFO]  Selected BankNifty monthly expiry: 2026-10-27
2026-09-29 15:18:42,636  [INFO]  Using BANKNIFTY futures symbol for candle data: BANKNIFTY26SEPFUT (groww_symbol=NSE-BANKNIFTY-29Sep26-FUT)
2026-09-29 15:18:42,637  [INFO]  Strategy started.  Underlying: BANKNIFTY  Monthly expiry: 2026-10-27  Supertrend(20, 1.8)  Exit threshold: ±111 pts  Entry window: 09:23–15:05  Force-close: 15:08
2026-09-29 15:18:42,637  [INFO]  [2026-09-29 15:18:42] SQUARE-OFF TIME — no open positions.
2026-09-29 15:18:42,637  [INFO]  Session ended. Exiting strategy.
2026-09-29 15:18:44,708  [INFO]  Logging to console and to file: logs\strategy_2026-09-29.log
2026-09-29 15:18:44,709  [INFO]  Found cached Groww access token for today. Verifying token...
2026-09-29 15:18:44,905  [INFO]  Cached Groww access token verified successfully. Skipping auth endpoint.
2026-09-29 15:18:46,566  [INFO]  Selected BankNifty monthly expiry: 2026-10-27
2026-09-29 15:18:46,687  [INFO]  Using BANKNIFTY futures symbol for candle data: BANKNIFTY26SEPFUT (groww_symbol=NSE-BANKNIFTY-29Sep26-FUT)
2026-09-29 15:18:46,688  [INFO]  Strategy started.  Underlying: BANKNIFTY  Monthly expiry: 2026-10-27  Supertrend(20, 1.8)  Exit threshold: ±111 pts  Entry window: 09:23–15:05  Force-close: 15:08
2026-09-29 15:18:46,688  [INFO]  [2026-09-29 15:18:46] SQUARE-OFF TIME — no open positions.
2026-09-29 15:18:46,688  [INFO]  Session ended. Exiting strategy.
2026-09-29 15:18:48,755  [INFO]  Logging to console and to file: logs\strategy_2026-09-29.log
2026-09-29 15:18:48,756  [INFO]  Found cached Groww access token for today. Verifying token...
2026-09-29 15:18:48,959  [INFO]  Cached Groww access token verified successfully. Skipping auth endpoint.
2026-09-29 15:18:50,634  [INFO]  Selected BankNifty monthly expiry: 2026-10-27
2026-09-29 15:18:50,730  [INFO]  Using BANKNIFTY futures symbol for candle data: BANKNIFTY26SEPFUT (groww_symbol=NSE-BANKNIFTY-29Sep26-FUT)
2026-09-29 15:18:50,730  [INFO]  Strategy started.  Underlying: BANKNIFTY  Monthly expiry: 2026-10-27  Supertrend(20, 1.8)  Exit threshold: ±111 pts  Entry window: 09:23–15:05  Force-close: 15:08
2026-09-29 15:18:50,730  [INFO]  [2026-09-29 15:18:50] SQUARE-OFF TIME — no open positions.
2026-09-29 15:18:50,730  [INFO]  Session ended. Exiting strategy.
2026-09-29 15:18:52,988  [INFO]  Logging to console and to file: logs\strategy_2026-09-29.log
2026-09-29 15:18:52,988  [INFO]  Found cached Groww access token for today. Verifying token...
2026-09-29 15:18:53,197  [INFO]  Cached Groww access token verified successfully. Skipping auth endpoint.
2026-09-29 15:18:55,170  [INFO]  Selected BankNifty monthly expiry: 2026-10-27
2026-09-29 15:18:55,271  [INFO]  Using BANKNIFTY futures symbol for candle data: BANKNIFTY26SEPFUT (groww_symbol=NSE-BANKNIFTY-29Sep26-FUT)
2026-09-29 15:18:55,271  [INFO]  Strategy started.  Underlying: BANKNIFTY  Monthly expiry: 2026-10-27  Supertrend(20, 1.8)  Exit threshold: ±111 pts  Entry window: 09:23–15:05  Force-close: 15:08
2026-09-29 15:18:55,271  [INFO]  [2026-09-29 15:18:55] SQUARE-OFF TIME — no open positions.
2026-09-29 15:18:55,271  [INFO]  Session ended. Exiting strategy.
2026-09-29 15:18:57,503  [INFO]  Logging to console and to file: logs\strategy_2026-09-29.log
2026-09-29 15:18:57,504  [INFO]  Found cached Groww access token for today. Verifying token...
2026-09-29 15:18:57,697  [INFO]  Cached Groww access token verified successfully. Skipping auth endpoint.
2026-09-29 15:18:59,439  [INFO]  Selected BankNifty monthly expiry: 2026-10-27
2026-09-29 15:18:59,535  [INFO]  Using BANKNIFTY futures symbol for candle data: BANKNIFTY26SEPFUT (groww_symbol=NSE-BANKNIFTY-29Sep26-FUT)
2026-09-29 15:18:59,535  [INFO]  Strategy started.  Underlying: BANKNIFTY  Monthly expiry: 2026-10-27  Supertrend(20, 1.8)  Exit threshold: ±111 pts  Entry window: 09:23–15:05  Force-close: 15:08
2026-09-29 15:18:59,535  [INFO]  [2026-09-29 15:18:59] SQUARE-OFF TIME — no open positions.
2026-09-29 15:18:59,535  [INFO]  Session ended. Exiting strategy.
2026-09-29 15:19:01,710  [INFO]  Logging to console and to file: logs\strategy_2026-09-29.log
2026-09-29 15:19:01,712  [INFO]  Found cached Groww access token for today. Verifying token...
2026-09-29 15:19:01,899  [INFO]  Cached Groww access token verified successfully. Skipping auth endpoint.
2026-09-29 15:19:03,491  [INFO]  Selected BankNifty monthly expiry: 2026-10-27
2026-09-29 15:19:03,589  [INFO]  Using BANKNIFTY futures symbol for candle data: BANKNIFTY26SEPFUT (groww_symbol=NSE-BANKNIFTY-29Sep26-FUT)
2026-09-29 15:19:03,589  [INFO]  Strategy started.  Underlying: BANKNIFTY  Monthly expiry: 2026-10-27  Supertrend(20, 1.8)  Exit threshold: ±111 pts  Entry window: 09:23–15:05  Force-close: 15:08
2026-09-29 15:19:03,589  [INFO]  [2026-09-29 15:19:03] SQUARE-OFF TIME — no open positions.
2026-09-29 15:19:03,589  [INFO]  Session ended. Exiting strategy.
2026-09-29 15:19:05,773  [INFO]  Logging to console and to file: logs\strategy_2026-09-29.log
2026-09-29 15:19:05,774  [INFO]  Found cached Groww access token for today. Verifying token...
2026-09-29 15:19:05,979  [INFO]  Cached Groww access token verified successfully. Skipping auth endpoint.
2026-09-29 15:19:07,806  [INFO]  Selected BankNifty monthly expiry: 2026-10-27
2026-09-29 15:19:07,909  [INFO]  Using BANKNIFTY futures symbol for candle data: BANKNIFTY26SEPFUT (groww_symbol=NSE-BANKNIFTY-29Sep26-FUT)
2026-09-29 15:19:07,909  [INFO]  Strategy started.  Underlying: BANKNIFTY  Monthly expiry: 2026-10-27  Supertrend(20, 1.8)  Exit threshold: ±111 pts  Entry window: 09:23–15:05  Force-close: 15:08
2026-09-29 15:19:07,909  [INFO]  [2026-09-29 15:19:07] SQUARE-OFF TIME — no open positions.
2026-09-29 15:19:07,910  [INFO]  Session ended. Exiting strategy.
2026-09-29 15:19:10,039  [INFO]  Logging to console and to file: logs\strategy_2026-09-29.log
2026-09-29 15:19:10,039  [INFO]  Found cached Groww access token for today. Verifying token...
2026-09-29 15:19:10,232  [INFO]  Cached Groww access token verified successfully. Skipping auth endpoint.
2026-09-29 15:19:11,961  [INFO]  Selected BankNifty monthly expiry: 2026-10-27
2026-09-29 15:19:12,062  [INFO]  Using BANKNIFTY futures symbol for candle data: BANKNIFTY26SEPFUT (groww_symbol=NSE-BANKNIFTY-29Sep26-FUT)
2026-09-29 15:19:12,062  [INFO]  Strategy started.  Underlying: BANKNIFTY  Monthly expiry: 2026-10-27  Supertrend(20, 1.8)  Exit threshold: ±111 pts  Entry window: 09:23–15:05  Force-close: 15:08
2026-09-29 15:19:12,062  [INFO]  [2026-09-29 15:19:12] SQUARE-OFF TIME — no open positions.
2026-09-29 15:19:12,062  [INFO]  Session ended. Exiting strategy.
2026-09-29 15:19:14,363  [INFO]  Logging to console and to file: logs\strategy_2026-09-29.log
2026-09-29 15:19:14,364  [INFO]  Found cached Groww access token for today. Verifying token...
2026-09-29 15:19:14,569  [INFO]  Cached Groww access token verified successfully. Skipping auth endpoint.
2026-09-29 15:19:16,091  [INFO]  Selected BankNifty monthly expiry: 2026-10-27
2026-09-29 15:19:16,203  [INFO]  Using BANKNIFTY futures symbol for candle data: BANKNIFTY26SEPFUT (groww_symbol=NSE-BANKNIFTY-29Sep26-FUT)
2026-09-29 15:19:16,204  [INFO]  Strategy started.  Underlying: BANKNIFTY  Monthly expiry: 2026-10-27  Supertrend(20, 1.8)  Exit threshold: ±111 pts  Entry window: 09:23–15:05  Force-close: 15:08
2026-09-29 15:19:16,204  [INFO]  [2026-09-29 15:19:16] SQUARE-OFF TIME — no open positions.
2026-09-29 15:19:16,204  [INFO]  Session ended. Exiting strategy.
2026-09-29 15:19:18,347  [INFO]  Logging to console and to file: logs\strategy_2026-09-29.log
2026-09-29 15:19:18,348  [INFO]  Found cached Groww access token for today. Verifying token...
2026-09-29 15:19:18,539  [INFO]  Cached Groww access token verified successfully. Skipping auth endpoint.
2026-09-29 15:19:20,249  [INFO]  Selected BankNifty monthly expiry: 2026-10-27
2026-09-29 15:19:20,377  [INFO]  Using BANKNIFTY futures symbol for candle data: BANKNIFTY26SEPFUT (groww_symbol=NSE-BANKNIFTY-29Sep26-FUT)
2026-09-29 15:19:20,377  [INFO]  Strategy started.  Underlying: BANKNIFTY  Monthly expiry: 2026-10-27  Supertrend(20, 1.8)  Exit threshold: ±111 pts  Entry window: 09:23–15:05  Force-close: 15:08
2026-09-29 15:19:20,377  [INFO]  [2026-09-29 15:19:20] SQUARE-OFF TIME — no open positions.
2026-09-29 15:19:20,377  [INFO]  Session ended. Exiting strategy.
2026-09-29 15:19:22,513  [INFO]  Logging to console and to file: logs\strategy_2026-09-29.log
2026-09-29 15:19:22,514  [INFO]  Found cached Groww access token for today. Verifying token...
2026-09-29 15:19:22,699  [INFO]  Cached Groww access token verified successfully. Skipping auth endpoint.
2026-09-29 15:19:24,497  [INFO]  Selected BankNifty monthly expiry: 2026-10-27
2026-09-29 15:19:24,592  [INFO]  Using BANKNIFTY futures symbol for candle data: BANKNIFTY26SEPFUT (groww_symbol=NSE-BANKNIFTY-29Sep26-FUT)
2026-09-29 15:19:24,593  [INFO]  Strategy started.  Underlying: BANKNIFTY  Monthly expiry: 2026-10-27  Supertrend(20, 1.8)  Exit threshold: ±111 pts  Entry window: 09:23–15:05  Force-close: 15:08
2026-09-29 15:19:24,593  [INFO]  [2026-09-29 15:19:24] SQUARE-OFF TIME — no open positions.
2026-09-29 15:19:24,593  [INFO]  Session ended. Exiting strategy.
2026-09-29 15:19:26,625  [INFO]  Logging to console and to file: logs\strategy_2026-09-29.log
2026-09-29 15:19:26,626  [INFO]  Found cached Groww access token for today. Verifying token...
2026-09-29 15:19:26,819  [INFO]  Cached Groww access token verified successfully. Skipping auth endpoint.
2026-09-29 15:19:28,724  [INFO]  Selected BankNifty monthly expiry: 2026-10-27
2026-09-29 15:19:28,825  [INFO]  Using BANKNIFTY futures symbol for candle data: BANKNIFTY26SEPFUT (groww_symbol=NSE-BANKNIFTY-29Sep26-FUT)
2026-09-29 15:19:28,826  [INFO]  Strategy started.  Underlying: BANKNIFTY  Monthly expiry: 2026-10-27  Supertrend(20, 1.8)  Exit threshold: ±111 pts  Entry window: 09:23–15:05  Force-close: 15:08
2026-09-29 15:19:28,826  [INFO]  [2026-09-29 15:19:28] SQUARE-OFF TIME — no open positions.
2026-09-29 15:19:28,826  [INFO]  Session ended. Exiting strategy.
2026-09-29 15:19:30,876  [INFO]  Logging to console and to file: logs\strategy_2026-09-29.log
2026-09-29 15:19:30,876  [INFO]  Found cached Groww access token for today. Verifying token...
2026-09-29 15:19:31,083  [INFO]  Cached Groww access token verified successfully. Skipping auth endpoint.
2026-09-29 15:19:32,978  [INFO]  Selected BankNifty monthly expiry: 2026-10-27
2026-09-29 15:19:33,127  [INFO]  Using BANKNIFTY futures symbol for candle data: BANKNIFTY26SEPFUT (groww_symbol=NSE-BANKNIFTY-29Sep26-FUT)
2026-09-29 15:19:33,128  [INFO]  Strategy started.  Underlying: BANKNIFTY  Monthly expiry: 2026-10-27  Supertrend(20, 1.8)  Exit threshold: ±111 pts  Entry window: 09:23–15:05  Force-close: 15:08
2026-09-29 15:19:33,128  [INFO]  [2026-09-29 15:19:33] SQUARE-OFF TIME — no open positions.
2026-09-29 15:19:33,128  [INFO]  Session ended. Exiting strategy.
2026-09-29 15:19:35,167  [INFO]  Logging to console and to file: logs\strategy_2026-09-29.log
2026-09-29 15:19:35,168  [INFO]  Found cached Groww access token for today. Verifying token...
2026-09-29 15:19:35,366  [INFO]  Cached Groww access token verified successfully. Skipping auth endpoint.
2026-09-29 15:19:36,935  [INFO]  Selected BankNifty monthly expiry: 2026-10-27
2026-09-29 15:19:37,039  [INFO]  Using BANKNIFTY futures symbol for candle data: BANKNIFTY26SEPFUT (groww_symbol=NSE-BANKNIFTY-29Sep26-FUT)
2026-09-29 15:19:37,039  [INFO]  Strategy started.  Underlying: BANKNIFTY  Monthly expiry: 2026-10-27  Supertrend(20, 1.8)  Exit threshold: ±111 pts  Entry window: 09:23–15:05  Force-close: 15:08
2026-09-29 15:19:37,039  [INFO]  [2026-09-29 15:19:37] SQUARE-OFF TIME — no open positions.
2026-09-29 15:19:37,039  [INFO]  Session ended. Exiting strategy.
2026-09-29 15:19:39,182  [INFO]  Logging to console and to file: logs\strategy_2026-09-29.log
2026-09-29 15:19:39,182  [INFO]  Found cached Groww access token for today. Verifying token...
2026-09-29 15:19:39,374  [INFO]  Cached Groww access token verified successfully. Skipping auth endpoint.
2026-09-29 15:19:41,195  [INFO]  Selected BankNifty monthly expiry: 2026-10-27
2026-09-29 15:19:41,310  [INFO]  Using BANKNIFTY futures symbol for candle data: BANKNIFTY26SEPFUT (groww_symbol=NSE-BANKNIFTY-29Sep26-FUT)
2026-09-29 15:19:41,310  [INFO]  Strategy started.  Underlying: BANKNIFTY  Monthly expiry: 2026-10-27  Supertrend(20, 1.8)  Exit threshold: ±111 pts  Entry window: 09:23–15:05  Force-close: 15:08
2026-09-29 15:19:41,310  [INFO]  [2026-09-29 15:19:41] SQUARE-OFF TIME — no open positions.
2026-09-29 15:19:41,310  [INFO]  Session ended. Exiting strategy.
2026-09-29 15:19:43,346  [INFO]  Logging to console and to file: logs\strategy_2026-09-29.log
2026-09-29 15:19:43,347  [INFO]  Found cached Groww access token for today. Verifying token...
2026-09-29 15:19:43,557  [INFO]  Cached Groww access token verified successfully. Skipping auth endpoint.
2026-09-29 15:19:45,093  [INFO]  Selected BankNifty monthly expiry: 2026-10-27
2026-09-29 15:19:45,191  [INFO]  Using BANKNIFTY futures symbol for candle data: BANKNIFTY26SEPFUT (groww_symbol=NSE-BANKNIFTY-29Sep26-FUT)
2026-09-29 15:19:45,191  [INFO]  Strategy started.  Underlying: BANKNIFTY  Monthly expiry: 2026-10-27  Supertrend(20, 1.8)  Exit threshold: ±111 pts  Entry window: 09:23–15:05  Force-close: 15:08
2026-09-29 15:19:45,191  [INFO]  [2026-09-29 15:19:45] SQUARE-OFF TIME — no open positions.
2026-09-29 15:19:45,192  [INFO]  Session ended. Exiting strategy.
2026-09-29 15:19:47,338  [INFO]  Logging to console and to file: logs\strategy_2026-09-29.log
2026-09-29 15:19:47,339  [INFO]  Found cached Groww access token for today. Verifying token...
2026-09-29 15:19:47,537  [INFO]  Cached Groww access token verified successfully. Skipping auth endpoint.
2026-09-29 15:19:49,670  [INFO]  Selected BankNifty monthly expiry: 2026-10-27
2026-09-29 15:19:49,766  [INFO]  Using BANKNIFTY futures symbol for candle data: BANKNIFTY26SEPFUT (groww_symbol=NSE-BANKNIFTY-29Sep26-FUT)
2026-09-29 15:19:49,766  [INFO]  Strategy started.  Underlying: BANKNIFTY  Monthly expiry: 2026-10-27  Supertrend(20, 1.8)  Exit threshold: ±111 pts  Entry window: 09:23–15:05  Force-close: 15:08
2026-09-29 15:19:49,766  [INFO]  [2026-09-29 15:19:49] SQUARE-OFF TIME — no open positions.
2026-09-29 15:19:49,766  [INFO]  Session ended. Exiting strategy.
2026-09-29 15:19:51,886  [INFO]  Logging to console and to file: logs\strategy_2026-09-29.log
2026-09-29 15:19:51,887  [INFO]  Found cached Groww access token for today. Verifying token...
2026-09-29 15:19:52,107  [INFO]  Cached Groww access token verified successfully. Skipping auth endpoint.
2026-09-29 15:19:53,793  [INFO]  Selected BankNifty monthly expiry: 2026-10-27
2026-09-29 15:19:53,906  [INFO]  Using BANKNIFTY futures symbol for candle data: BANKNIFTY26SEPFUT (groww_symbol=NSE-BANKNIFTY-29Sep26-FUT)
2026-09-29 15:19:53,906  [INFO]  Strategy started.  Underlying: BANKNIFTY  Monthly expiry: 2026-10-27  Supertrend(20, 1.8)  Exit threshold: ±111 pts  Entry window: 09:23–15:05  Force-close: 15:08
2026-09-29 15:19:53,906  [INFO]  [2026-09-29 15:19:53] SQUARE-OFF TIME — no open positions.
2026-09-29 15:19:53,907  [INFO]  Session ended. Exiting strategy.
2026-09-29 15:19:55,900  [INFO]  Logging to console and to file: logs\strategy_2026-09-29.log
2026-09-29 15:19:55,900  [INFO]  Found cached Groww access token for today. Verifying token...
2026-09-29 15:19:56,131  [INFO]  Cached Groww access token verified successfully. Skipping auth endpoint.
2026-09-29 15:19:57,769  [INFO]  Selected BankNifty monthly expiry: 2026-10-27
2026-09-29 15:19:57,892  [INFO]  Using BANKNIFTY futures symbol for candle data: BANKNIFTY26SEPFUT (groww_symbol=NSE-BANKNIFTY-29Sep26-FUT)
2026-09-29 15:19:57,892  [INFO]  Strategy started.  Underlying: BANKNIFTY  Monthly expiry: 2026-10-27  Supertrend(20, 1.8)  Exit threshold: ±111 pts  Entry window: 09:23–15:05  Force-close: 15:08
2026-09-29 15:19:57,892  [INFO]  [2026-09-29 15:19:57] SQUARE-OFF TIME — no open positions.
2026-09-29 15:19:57,892  [INFO]  Session ended. Exiting strategy.
2026-09-29 15:19:59,970  [INFO]  Logging to console and to file: logs\strategy_2026-09-29.log
2026-09-29 15:19:59,971  [INFO]  Found cached Groww access token for today. Verifying token...
2026-09-29 15:20:00,165  [INFO]  Cached Groww access token verified successfully. Skipping auth endpoint.
2026-09-29 15:20:01,750  [INFO]  Selected BankNifty monthly expiry: 2026-10-27
2026-09-29 15:20:01,846  [INFO]  Using BANKNIFTY futures symbol for candle data: BANKNIFTY26SEPFUT (groww_symbol=NSE-BANKNIFTY-29Sep26-FUT)
2026-09-29 15:20:01,846  [INFO]  Strategy started.  Underlying: BANKNIFTY  Monthly expiry: 2026-10-27  Supertrend(20, 1.8)  Exit threshold: ±111 pts  Entry window: 09:23–15:05  Force-close: 15:08
2026-09-29 15:20:01,846  [INFO]  [2026-09-29 15:20:01] SQUARE-OFF TIME — no open positions.
2026-09-29 15:20:01,846  [INFO]  Session ended. Exiting strategy.
2026-09-29 15:20:03,791  [INFO]  Logging to console and to file: logs\strategy_2026-09-29.log
2026-09-29 15:20:03,792  [INFO]  Found cached Groww access token for today. Verifying token...
2026-09-29 15:20:04,007  [INFO]  Cached Groww access token verified successfully. Skipping auth endpoint.
2026-09-29 15:20:05,578  [INFO]  Selected BankNifty monthly expiry: 2026-10-27
2026-09-29 15:20:05,678  [INFO]  Using BANKNIFTY futures symbol for candle data: BANKNIFTY26SEPFUT (groww_symbol=NSE-BANKNIFTY-29Sep26-FUT)
2026-09-29 15:20:05,679  [INFO]  Strategy started.  Underlying: BANKNIFTY  Monthly expiry: 2026-10-27  Supertrend(20, 1.8)  Exit threshold: ±111 pts  Entry window: 09:23–15:05  Force-close: 15:08
2026-09-29 15:20:05,679  [INFO]  [2026-09-29 15:20:05] SQUARE-OFF TIME — no open positions.
2026-09-29 15:20:05,679  [INFO]  Session ended. Exiting strategy.
2026-09-29 15:20:07,765  [INFO]  Logging to console and to file: logs\strategy_2026-09-29.log
2026-09-29 15:20:07,766  [INFO]  Found cached Groww access token for today. Verifying token...
2026-09-29 15:20:07,964  [INFO]  Cached Groww access token verified successfully. Skipping auth endpoint.
2026-09-29 15:20:09,597  [INFO]  Selected BankNifty monthly expiry: 2026-10-27
2026-09-29 15:20:09,699  [INFO]  Using BANKNIFTY futures symbol for candle data: BANKNIFTY26SEPFUT (groww_symbol=NSE-BANKNIFTY-29Sep26-FUT)
2026-09-29 15:20:09,700  [INFO]  Strategy started.  Underlying: BANKNIFTY  Monthly expiry: 2026-10-27  Supertrend(20, 1.8)  Exit threshold: ±111 pts  Entry window: 09:23–15:05  Force-close: 15:08
2026-09-29 15:20:09,700  [INFO]  [2026-09-29 15:20:09] SQUARE-OFF TIME — no open positions.
2026-09-29 15:20:09,700  [INFO]  Session ended. Exiting strategy.
2026-09-29 15:20:11,717  [INFO]  Logging to console and to file: logs\strategy_2026-09-29.log
2026-09-29 15:20:11,718  [INFO]  Found cached Groww access token for today. Verifying token...
2026-09-29 15:20:11,898  [INFO]  Cached Groww access token verified successfully. Skipping auth endpoint.
2026-09-29 15:20:13,848  [INFO]  Selected BankNifty monthly expiry: 2026-10-27
2026-09-29 15:20:13,962  [INFO]  Using BANKNIFTY futures symbol for candle data: BANKNIFTY26SEPFUT (groww_symbol=NSE-BANKNIFTY-29Sep26-FUT)
2026-09-29 15:20:13,962  [INFO]  Strategy started.  Underlying: BANKNIFTY  Monthly expiry: 2026-10-27  Supertrend(20, 1.8)  Exit threshold: ±111 pts  Entry window: 09:23–15:05  Force-close: 15:08
2026-09-29 15:20:13,962  [INFO]  [2026-09-29 15:20:13] SQUARE-OFF TIME — no open positions.
2026-09-29 15:20:13,962  [INFO]  Session ended. Exiting strategy.
2026-09-29 15:20:16,092  [INFO]  Logging to console and to file: logs\strategy_2026-09-29.log
2026-09-29 15:20:16,093  [INFO]  Found cached Groww access token for today. Verifying token...
2026-09-29 15:20:16,308  [INFO]  Cached Groww access token verified successfully. Skipping auth endpoint.
2026-09-29 15:20:17,958  [INFO]  Selected BankNifty monthly expiry: 2026-10-27
2026-09-29 15:20:18,062  [INFO]  Using BANKNIFTY futures symbol for candle data: BANKNIFTY26SEPFUT (groww_symbol=NSE-BANKNIFTY-29Sep26-FUT)
2026-09-29 15:20:18,063  [INFO]  Strategy started.  Underlying: BANKNIFTY  Monthly expiry: 2026-10-27  Supertrend(20, 1.8)  Exit threshold: ±111 pts  Entry window: 09:23–15:05  Force-close: 15:08
2026-09-29 15:20:18,063  [INFO]  [2026-09-29 15:20:18] SQUARE-OFF TIME — no open positions.
2026-09-29 15:20:18,063  [INFO]  Session ended. Exiting strategy.
2026-09-29 15:20:20,171  [INFO]  Logging to console and to file: logs\strategy_2026-09-29.log
2026-09-29 15:20:20,171  [INFO]  Found cached Groww access token for today. Verifying token...
2026-09-29 15:20:20,388  [INFO]  Cached Groww access token verified successfully. Skipping auth endpoint.
2026-09-29 15:20:22,004  [INFO]  Selected BankNifty monthly expiry: 2026-10-27
2026-09-29 15:20:22,103  [INFO]  Using BANKNIFTY futures symbol for candle data: BANKNIFTY26SEPFUT (groww_symbol=NSE-BANKNIFTY-29Sep26-FUT)
2026-09-29 15:20:22,103  [INFO]  Strategy started.  Underlying: BANKNIFTY  Monthly expiry: 2026-10-27  Supertrend(20, 1.8)  Exit threshold: ±111 pts  Entry window: 09:23–15:05  Force-close: 15:08
2026-09-29 15:20:22,104  [INFO]  [2026-09-29 15:20:22] SQUARE-OFF TIME — no open positions.
2026-09-29 15:20:22,104  [INFO]  Session ended. Exiting strategy.
2026-09-29 15:20:24,209  [INFO]  Logging to console and to file: logs\strategy_2026-09-29.log
2026-09-29 15:20:24,210  [INFO]  Found cached Groww access token for today. Verifying token...
2026-09-29 15:20:24,426  [INFO]  Cached Groww access token verified successfully. Skipping auth endpoint.
2026-09-29 15:20:26,075  [INFO]  Selected BankNifty monthly expiry: 2026-10-27
2026-09-29 15:20:26,177  [INFO]  Using BANKNIFTY futures symbol for candle data: BANKNIFTY26SEPFUT (groww_symbol=NSE-BANKNIFTY-29Sep26-FUT)
2026-09-29 15:20:26,177  [INFO]  Strategy started.  Underlying: BANKNIFTY  Monthly expiry: 2026-10-27  Supertrend(20, 1.8)  Exit threshold: ±111 pts  Entry window: 09:23–15:05  Force-close: 15:08
2026-09-29 15:20:26,178  [INFO]  [2026-09-29 15:20:26] SQUARE-OFF TIME — no open positions.
2026-09-29 15:20:26,178  [INFO]  Session ended. Exiting strategy.
2026-09-29 15:20:28,322  [INFO]  Logging to console and to file: logs\strategy_2026-09-29.log
2026-09-29 15:20:28,323  [INFO]  Found cached Groww access token for today. Verifying token...
2026-09-29 15:20:28,521  [INFO]  Cached Groww access token verified successfully. Skipping auth endpoint.
2026-09-29 15:20:30,272  [INFO]  Selected BankNifty monthly expiry: 2026-10-27
2026-09-29 15:20:30,369  [INFO]  Using BANKNIFTY futures symbol for candle data: BANKNIFTY26SEPFUT (groww_symbol=NSE-BANKNIFTY-29Sep26-FUT)
2026-09-29 15:20:30,369  [INFO]  Strategy started.  Underlying: BANKNIFTY  Monthly expiry: 2026-10-27  Supertrend(20, 1.8)  Exit threshold: ±111 pts  Entry window: 09:23–15:05  Force-close: 15:08
2026-09-29 15:20:30,369  [INFO]  [2026-09-29 15:20:30] SQUARE-OFF TIME — no open positions.
2026-09-29 15:20:30,369  [INFO]  Session ended. Exiting strategy.
2026-09-29 15:20:32,543  [INFO]  Logging to console and to file: logs\strategy_2026-09-29.log
2026-09-29 15:20:32,544  [INFO]  Found cached Groww access token for today. Verifying token...
2026-09-29 15:20:32,755  [INFO]  Cached Groww access token verified successfully. Skipping auth endpoint.
2026-09-29 15:20:34,562  [INFO]  Selected BankNifty monthly expiry: 2026-10-27
2026-09-29 15:20:34,660  [INFO]  Using BANKNIFTY futures symbol for candle data: BANKNIFTY26SEPFUT (groww_symbol=NSE-BANKNIFTY-29Sep26-FUT)
2026-09-29 15:20:34,660  [INFO]  Strategy started.  Underlying: BANKNIFTY  Monthly expiry: 2026-10-27  Supertrend(20, 1.8)  Exit threshold: ±111 pts  Entry window: 09:23–15:05  Force-close: 15:08
2026-09-29 15:20:34,660  [INFO]  [2026-09-29 15:20:34] SQUARE-OFF TIME — no open positions.
2026-09-29 15:20:34,660  [INFO]  Session ended. Exiting strategy.
2026-09-29 15:20:36,855  [INFO]  Logging to console and to file: logs\strategy_2026-09-29.log
2026-09-29 15:20:36,856  [INFO]  Found cached Groww access token for today. Verifying token...
2026-09-29 15:20:37,063  [INFO]  Cached Groww access token verified successfully. Skipping auth endpoint.
2026-09-29 15:20:39,021  [INFO]  Selected BankNifty monthly expiry: 2026-10-27
2026-09-29 15:20:39,133  [INFO]  Using BANKNIFTY futures symbol for candle data: BANKNIFTY26SEPFUT (groww_symbol=NSE-BANKNIFTY-29Sep26-FUT)
2026-09-29 15:20:39,133  [INFO]  Strategy started.  Underlying: BANKNIFTY  Monthly expiry: 2026-10-27  Supertrend(20, 1.8)  Exit threshold: ±111 pts  Entry window: 09:23–15:05  Force-close: 15:08
2026-09-29 15:20:39,133  [INFO]  [2026-09-29 15:20:39] SQUARE-OFF TIME — no open positions.
2026-09-29 15:20:39,133  [INFO]  Session ended. Exiting strategy.
2026-09-29 15:20:41,275  [INFO]  Logging to console and to file: logs\strategy_2026-09-29.log
2026-09-29 15:20:41,276  [INFO]  Found cached Groww access token for today. Verifying token...
2026-09-29 15:20:41,490  [INFO]  Cached Groww access token verified successfully. Skipping auth endpoint.
2026-09-29 15:20:43,076  [INFO]  Selected BankNifty monthly expiry: 2026-10-27
2026-09-29 15:20:43,175  [INFO]  Using BANKNIFTY futures symbol for candle data: BANKNIFTY26SEPFUT (groww_symbol=NSE-BANKNIFTY-29Sep26-FUT)
2026-09-29 15:20:43,175  [INFO]  Strategy started.  Underlying: BANKNIFTY  Monthly expiry: 2026-10-27  Supertrend(20, 1.8)  Exit threshold: ±111 pts  Entry window: 09:23–15:05  Force-close: 15:08
2026-09-29 15:20:43,175  [INFO]  [2026-09-29 15:20:43] SQUARE-OFF TIME — no open positions.
2026-09-29 15:20:43,175  [INFO]  Session ended. Exiting strategy.
2026-09-29 15:20:45,251  [INFO]  Logging to console and to file: logs\strategy_2026-09-29.log
2026-09-29 15:20:45,252  [INFO]  Found cached Groww access token for today. Verifying token...
2026-09-29 15:20:45,465  [INFO]  Cached Groww access token verified successfully. Skipping auth endpoint.
2026-09-29 15:20:47,317  [INFO]  Selected BankNifty monthly expiry: 2026-10-27
2026-09-29 15:20:47,414  [INFO]  Using BANKNIFTY futures symbol for candle data: BANKNIFTY26SEPFUT (groww_symbol=NSE-BANKNIFTY-29Sep26-FUT)
2026-09-29 15:20:47,414  [INFO]  Strategy started.  Underlying: BANKNIFTY  Monthly expiry: 2026-10-27  Supertrend(20, 1.8)  Exit threshold: ±111 pts  Entry window: 09:23–15:05  Force-close: 15:08
2026-09-29 15:20:47,414  [INFO]  [2026-09-29 15:20:47] SQUARE-OFF TIME — no open positions.
2026-09-29 15:20:47,414  [INFO]  Session ended. Exiting strategy.
2026-09-29 15:20:49,394  [INFO]  Logging to console and to file: logs\strategy_2026-09-29.log
2026-09-29 15:20:49,395  [INFO]  Found cached Groww access token for today. Verifying token...
2026-09-29 15:20:49,607  [INFO]  Cached Groww access token verified successfully. Skipping auth endpoint.
2026-09-29 15:20:51,343  [INFO]  Selected BankNifty monthly expiry: 2026-10-27
2026-09-29 15:20:51,445  [INFO]  Using BANKNIFTY futures symbol for candle data: BANKNIFTY26SEPFUT (groww_symbol=NSE-BANKNIFTY-29Sep26-FUT)
2026-09-29 15:20:51,445  [INFO]  Strategy started.  Underlying: BANKNIFTY  Monthly expiry: 2026-10-27  Supertrend(20, 1.8)  Exit threshold: ±111 pts  Entry window: 09:23–15:05  Force-close: 15:08
2026-09-29 15:20:51,446  [INFO]  [2026-09-29 15:20:51] SQUARE-OFF TIME — no open positions.
2026-09-29 15:20:51,446  [INFO]  Session ended. Exiting strategy.
2026-09-29 15:20:53,489  [INFO]  Logging to console and to file: logs\strategy_2026-09-29.log
2026-09-29 15:20:53,490  [INFO]  Found cached Groww access token for today. Verifying token...
2026-09-29 15:20:53,697  [INFO]  Cached Groww access token verified successfully. Skipping auth endpoint.
2026-09-29 15:20:55,357  [INFO]  Selected BankNifty monthly expiry: 2026-10-27
2026-09-29 15:20:55,475  [INFO]  Using BANKNIFTY futures symbol for candle data: BANKNIFTY26SEPFUT (groww_symbol=NSE-BANKNIFTY-29Sep26-FUT)
2026-09-29 15:20:55,475  [INFO]  Strategy started.  Underlying: BANKNIFTY  Monthly expiry: 2026-10-27  Supertrend(20, 1.8)  Exit threshold: ±111 pts  Entry window: 09:23–15:05  Force-close: 15:08
2026-09-29 15:20:55,476  [INFO]  [2026-09-29 15:20:55] SQUARE-OFF TIME — no open positions.
2026-09-29 15:20:55,476  [INFO]  Session ended. Exiting strategy.
2026-09-29 15:20:57,576  [INFO]  Logging to console and to file: logs\strategy_2026-09-29.log
2026-09-29 15:20:57,577  [INFO]  Found cached Groww access token for today. Verifying token...
2026-09-29 15:20:57,786  [INFO]  Cached Groww access token verified successfully. Skipping auth endpoint.
2026-09-29 15:20:59,536  [INFO]  Selected BankNifty monthly expiry: 2026-10-27
2026-09-29 15:20:59,656  [INFO]  Using BANKNIFTY futures symbol for candle data: BANKNIFTY26SEPFUT (groww_symbol=NSE-BANKNIFTY-29Sep26-FUT)
2026-09-29 15:20:59,656  [INFO]  Strategy started.  Underlying: BANKNIFTY  Monthly expiry: 2026-10-27  Supertrend(20, 1.8)  Exit threshold: ±111 pts  Entry window: 09:23–15:05  Force-close: 15:08
2026-09-29 15:20:59,657  [INFO]  [2026-09-29 15:20:59] SQUARE-OFF TIME — no open positions.
2026-09-29 15:20:59,657  [INFO]  Session ended. Exiting strategy.
2026-09-29 15:21:01,938  [INFO]  Logging to console and to file: logs\strategy_2026-09-29.log
2026-09-29 15:21:01,940  [INFO]  Found cached Groww access token for today. Verifying token...
2026-09-29 15:21:02,140  [INFO]  Cached Groww access token verified successfully. Skipping auth endpoint.
2026-09-29 15:21:03,821  [INFO]  Selected BankNifty monthly expiry: 2026-10-27
2026-09-29 15:21:03,923  [INFO]  Using BANKNIFTY futures symbol for candle data: BANKNIFTY26SEPFUT (groww_symbol=NSE-BANKNIFTY-29Sep26-FUT)
2026-09-29 15:21:03,924  [INFO]  Strategy started.  Underlying: BANKNIFTY  Monthly expiry: 2026-10-27  Supertrend(20, 1.8)  Exit threshold: ±111 pts  Entry window: 09:23–15:05  Force-close: 15:08
2026-09-29 15:21:03,924  [INFO]  [2026-09-29 15:21:03] SQUARE-OFF TIME — no open positions.
2026-09-29 15:21:03,924  [INFO]  Session ended. Exiting strategy.
2026-09-29 15:21:06,078  [INFO]  Logging to console and to file: logs\strategy_2026-09-29.log
2026-09-29 15:21:06,079  [INFO]  Found cached Groww access token for today. Verifying token...
2026-09-29 15:21:06,282  [INFO]  Cached Groww access token verified successfully. Skipping auth endpoint.
2026-09-29 15:21:07,969  [INFO]  Selected BankNifty monthly expiry: 2026-10-27
2026-09-29 15:21:08,066  [INFO]  Using BANKNIFTY futures symbol for candle data: BANKNIFTY26SEPFUT (groww_symbol=NSE-BANKNIFTY-29Sep26-FUT)
2026-09-29 15:21:08,066  [INFO]  Strategy started.  Underlying: BANKNIFTY  Monthly expiry: 2026-10-27  Supertrend(20, 1.8)  Exit threshold: ±111 pts  Entry window: 09:23–15:05  Force-close: 15:08
2026-09-29 15:21:08,066  [INFO]  [2026-09-29 15:21:08] SQUARE-OFF TIME — no open positions.
2026-09-29 15:21:08,067  [INFO]  Session ended. Exiting strategy.
2026-09-29 15:21:10,028  [INFO]  Logging to console and to file: logs\strategy_2026-09-29.log
2026-09-29 15:21:10,029  [INFO]  Found cached Groww access token for today. Verifying token...
2026-09-29 15:21:10,482  [INFO]  Cached Groww access token verified successfully. Skipping auth endpoint.
2026-09-29 15:21:12,166  [INFO]  Selected BankNifty monthly expiry: 2026-10-27
2026-09-29 15:21:12,263  [INFO]  Using BANKNIFTY futures symbol for candle data: BANKNIFTY26SEPFUT (groww_symbol=NSE-BANKNIFTY-29Sep26-FUT)
2026-09-29 15:21:12,263  [INFO]  Strategy started.  Underlying: BANKNIFTY  Monthly expiry: 2026-10-27  Supertrend(20, 1.8)  Exit threshold: ±111 pts  Entry window: 09:23–15:05  Force-close: 15:08
2026-09-29 15:21:12,263  [INFO]  [2026-09-29 15:21:12] SQUARE-OFF TIME — no open positions.
2026-09-29 15:21:12,264  [INFO]  Session ended. Exiting strategy.
2026-09-29 15:21:14,398  [INFO]  Logging to console and to file: logs\strategy_2026-09-29.log
2026-09-29 15:21:14,399  [INFO]  Found cached Groww access token for today. Verifying token...
2026-09-29 15:21:14,615  [INFO]  Cached Groww access token verified successfully. Skipping auth endpoint.
2026-09-29 15:21:16,182  [INFO]  Selected BankNifty monthly expiry: 2026-10-27
2026-09-29 15:21:16,304  [INFO]  Using BANKNIFTY futures symbol for candle data: BANKNIFTY26SEPFUT (groww_symbol=NSE-BANKNIFTY-29Sep26-FUT)
2026-09-29 15:21:16,304  [INFO]  Strategy started.  Underlying: BANKNIFTY  Monthly expiry: 2026-10-27  Supertrend(20, 1.8)  Exit threshold: ±111 pts  Entry window: 09:23–15:05  Force-close: 15:08
2026-09-29 15:21:16,305  [INFO]  [2026-09-29 15:21:16] SQUARE-OFF TIME — no open positions.
2026-09-29 15:21:16,305  [INFO]  Session ended. Exiting strategy.
2026-09-29 15:21:18,370  [INFO]  Logging to console and to file: logs\strategy_2026-09-29.log
2026-09-29 15:21:18,371  [INFO]  Found cached Groww access token for today. Verifying token...
2026-09-29 15:21:18,583  [INFO]  Cached Groww access token verified successfully. Skipping auth endpoint.
2026-09-29 15:21:20,160  [INFO]  Selected BankNifty monthly expiry: 2026-10-27
2026-09-29 15:21:20,256  [INFO]  Using BANKNIFTY futures symbol for candle data: BANKNIFTY26SEPFUT (groww_symbol=NSE-BANKNIFTY-29Sep26-FUT)
2026-09-29 15:21:20,256  [INFO]  Strategy started.  Underlying: BANKNIFTY  Monthly expiry: 2026-10-27  Supertrend(20, 1.8)  Exit threshold: ±111 pts  Entry window: 09:23–15:05  Force-close: 15:08
2026-09-29 15:21:20,256  [INFO]  [2026-09-29 15:21:20] SQUARE-OFF TIME — no open positions.
2026-09-29 15:21:20,256  [INFO]  Session ended. Exiting strategy.
2026-09-29 15:21:22,344  [INFO]  Logging to console and to file: logs\strategy_2026-09-29.log
2026-09-29 15:21:22,345  [INFO]  Found cached Groww access token for today. Verifying token...
2026-09-29 15:21:22,554  [INFO]  Cached Groww access token verified successfully. Skipping auth endpoint.
2026-09-29 15:21:24,271  [INFO]  Selected BankNifty monthly expiry: 2026-10-27
2026-09-29 15:21:24,371  [INFO]  Using BANKNIFTY futures symbol for candle data: BANKNIFTY26SEPFUT (groww_symbol=NSE-BANKNIFTY-29Sep26-FUT)
2026-09-29 15:21:24,371  [INFO]  Strategy started.  Underlying: BANKNIFTY  Monthly expiry: 2026-10-27  Supertrend(20, 1.8)  Exit threshold: ±111 pts  Entry window: 09:23–15:05  Force-close: 15:08
2026-09-29 15:21:24,371  [INFO]  [2026-09-29 15:21:24] SQUARE-OFF TIME — no open positions.
2026-09-29 15:21:24,371  [INFO]  Session ended. Exiting strategy.
2026-09-29 15:21:26,514  [INFO]  Logging to console and to file: logs\strategy_2026-09-29.log
2026-09-29 15:21:26,515  [INFO]  Found cached Groww access token for today. Verifying token...
2026-09-29 15:21:26,716  [INFO]  Cached Groww access token verified successfully. Skipping auth endpoint.
2026-09-29 15:21:28,771  [INFO]  Selected BankNifty monthly expiry: 2026-10-27
2026-09-29 15:21:28,903  [INFO]  Using BANKNIFTY futures symbol for candle data: BANKNIFTY26SEPFUT (groww_symbol=NSE-BANKNIFTY-29Sep26-FUT)
2026-09-29 15:21:28,903  [INFO]  Strategy started.  Underlying: BANKNIFTY  Monthly expiry: 2026-10-27  Supertrend(20, 1.8)  Exit threshold: ±111 pts  Entry window: 09:23–15:05  Force-close: 15:08
2026-09-29 15:21:28,903  [INFO]  [2026-09-29 15:21:28] SQUARE-OFF TIME — no open positions.
2026-09-29 15:21:28,903  [INFO]  Session ended. Exiting strategy.
2026-09-29 15:21:31,084  [INFO]  Logging to console and to file: logs\strategy_2026-09-29.log
2026-09-29 15:21:31,085  [INFO]  Found cached Groww access token for today. Verifying token...
2026-09-29 15:21:31,289  [INFO]  Cached Groww access token verified successfully. Skipping auth endpoint.
2026-09-29 15:21:33,449  [INFO]  Selected BankNifty monthly expiry: 2026-10-27
2026-09-29 15:21:33,554  [INFO]  Using BANKNIFTY futures symbol for candle data: BANKNIFTY26SEPFUT (groww_symbol=NSE-BANKNIFTY-29Sep26-FUT)
2026-09-29 15:21:33,554  [INFO]  Strategy started.  Underlying: BANKNIFTY  Monthly expiry: 2026-10-27  Supertrend(20, 1.8)  Exit threshold: ±111 pts  Entry window: 09:23–15:05  Force-close: 15:08
2026-09-29 15:21:33,554  [INFO]  [2026-09-29 15:21:33] SQUARE-OFF TIME — no open positions.
2026-09-29 15:21:33,555  [INFO]  Session ended. Exiting strategy.
2026-09-29 15:21:35,893  [INFO]  Logging to console and to file: logs\strategy_2026-09-29.log
2026-09-29 15:21:35,894  [INFO]  Found cached Groww access token for today. Verifying token...
2026-09-29 15:21:36,090  [INFO]  Cached Groww access token verified successfully. Skipping auth endpoint.
2026-09-29 15:21:38,023  [INFO]  Selected BankNifty monthly expiry: 2026-10-27
2026-09-29 15:21:38,120  [INFO]  Using BANKNIFTY futures symbol for candle data: BANKNIFTY26SEPFUT (groww_symbol=NSE-BANKNIFTY-29Sep26-FUT)
2026-09-29 15:21:38,121  [INFO]  Strategy started.  Underlying: BANKNIFTY  Monthly expiry: 2026-10-27  Supertrend(20, 1.8)  Exit threshold: ±111 pts  Entry window: 09:23–15:05  Force-close: 15:08
2026-09-29 15:21:38,121  [INFO]  [2026-09-29 15:21:38] SQUARE-OFF TIME — no open positions.
2026-09-29 15:21:38,121  [INFO]  Session ended. Exiting strategy.
2026-09-29 15:21:40,236  [INFO]  Logging to console and to file: logs\strategy_2026-09-29.log
2026-09-29 15:21:40,237  [INFO]  Found cached Groww access token for today. Verifying token...
2026-09-29 15:21:40,461  [INFO]  Cached Groww access token verified successfully. Skipping auth endpoint.
2026-09-29 15:21:42,149  [INFO]  Selected BankNifty monthly expiry: 2026-10-27
2026-09-29 15:21:42,250  [INFO]  Using BANKNIFTY futures symbol for candle data: BANKNIFTY26SEPFUT (groww_symbol=NSE-BANKNIFTY-29Sep26-FUT)
2026-09-29 15:21:42,250  [INFO]  Strategy started.  Underlying: BANKNIFTY  Monthly expiry: 2026-10-27  Supertrend(20, 1.8)  Exit threshold: ±111 pts  Entry window: 09:23–15:05  Force-close: 15:08
2026-09-29 15:21:42,250  [INFO]  [2026-09-29 15:21:42] SQUARE-OFF TIME — no open positions.
2026-09-29 15:21:42,250  [INFO]  Session ended. Exiting strategy.
2026-09-29 15:21:44,531  [INFO]  Logging to console and to file: logs\strategy_2026-09-29.log
2026-09-29 15:21:44,532  [INFO]  Found cached Groww access token for today. Verifying token...
2026-09-29 15:21:44,743  [INFO]  Cached Groww access token verified successfully. Skipping auth endpoint.
2026-09-29 15:21:46,406  [INFO]  Selected BankNifty monthly expiry: 2026-10-27
2026-09-29 15:21:46,505  [INFO]  Using BANKNIFTY futures symbol for candle data: BANKNIFTY26SEPFUT (groww_symbol=NSE-BANKNIFTY-29Sep26-FUT)
2026-09-29 15:21:46,506  [INFO]  Strategy started.  Underlying: BANKNIFTY  Monthly expiry: 2026-10-27  Supertrend(20, 1.8)  Exit threshold: ±111 pts  Entry window: 09:23–15:05  Force-close: 15:08
2026-09-29 15:21:46,506  [INFO]  [2026-09-29 15:21:46] SQUARE-OFF TIME — no open positions.
2026-09-29 15:21:46,506  [INFO]  Session ended. Exiting strategy.
2026-09-29 15:21:48,674  [INFO]  Logging to console and to file: logs\strategy_2026-09-29.log
2026-09-29 15:21:48,675  [INFO]  Found cached Groww access token for today. Verifying token...
2026-09-29 15:21:48,870  [INFO]  Cached Groww access token verified successfully. Skipping auth endpoint.
2026-09-29 15:21:50,425  [INFO]  Selected BankNifty monthly expiry: 2026-10-27
2026-09-29 15:21:50,524  [INFO]  Using BANKNIFTY futures symbol for candle data: BANKNIFTY26SEPFUT (groww_symbol=NSE-BANKNIFTY-29Sep26-FUT)
2026-09-29 15:21:50,524  [INFO]  Strategy started.  Underlying: BANKNIFTY  Monthly expiry: 2026-10-27  Supertrend(20, 1.8)  Exit threshold: ±111 pts  Entry window: 09:23–15:05  Force-close: 15:08
2026-09-29 15:21:50,524  [INFO]  [2026-09-29 15:21:50] SQUARE-OFF TIME — no open positions.
2026-09-29 15:21:50,524  [INFO]  Session ended. Exiting strategy.
2026-09-29 15:21:52,681  [INFO]  Logging to console and to file: logs\strategy_2026-09-29.log
2026-09-29 15:21:52,681  [INFO]  Found cached Groww access token for today. Verifying token...
2026-09-29 15:21:52,877  [INFO]  Cached Groww access token verified successfully. Skipping auth endpoint.
2026-09-29 15:21:54,545  [INFO]  Selected BankNifty monthly expiry: 2026-10-27
2026-09-29 15:21:54,645  [INFO]  Using BANKNIFTY futures symbol for candle data: BANKNIFTY26SEPFUT (groww_symbol=NSE-BANKNIFTY-29Sep26-FUT)
2026-09-29 15:21:54,646  [INFO]  Strategy started.  Underlying: BANKNIFTY  Monthly expiry: 2026-10-27  Supertrend(20, 1.8)  Exit threshold: ±111 pts  Entry window: 09:23–15:05  Force-close: 15:08
2026-09-29 15:21:54,646  [INFO]  [2026-09-29 15:21:54] SQUARE-OFF TIME — no open positions.
2026-09-29 15:21:54,646  [INFO]  Session ended. Exiting strategy.
2026-09-29 15:21:56,764  [INFO]  Logging to console and to file: logs\strategy_2026-09-29.log
2026-09-29 15:21:56,765  [INFO]  Found cached Groww access token for today. Verifying token...
2026-09-29 15:21:56,976  [INFO]  Cached Groww access token verified successfully. Skipping auth endpoint.
2026-09-29 15:21:58,604  [INFO]  Selected BankNifty monthly expiry: 2026-10-27
2026-09-29 15:21:58,716  [INFO]  Using BANKNIFTY futures symbol for candle data: BANKNIFTY26SEPFUT (groww_symbol=NSE-BANKNIFTY-29Sep26-FUT)
2026-09-29 15:21:58,716  [INFO]  Strategy started.  Underlying: BANKNIFTY  Monthly expiry: 2026-10-27  Supertrend(20, 1.8)  Exit threshold: ±111 pts  Entry window: 09:23–15:05  Force-close: 15:08
2026-09-29 15:21:58,717  [INFO]  [2026-09-29 15:21:58] SQUARE-OFF TIME — no open positions.
2026-09-29 15:21:58,717  [INFO]  Session ended. Exiting strategy.
2026-09-29 15:22:00,745  [INFO]  Logging to console and to file: logs\strategy_2026-09-29.log
2026-09-29 15:22:00,746  [INFO]  Found cached Groww access token for today. Verifying token...
2026-09-29 15:22:00,961  [INFO]  Cached Groww access token verified successfully. Skipping auth endpoint.
2026-09-29 15:22:02,681  [INFO]  Selected BankNifty monthly expiry: 2026-10-27
2026-09-29 15:22:02,781  [INFO]  Using BANKNIFTY futures symbol for candle data: BANKNIFTY26SEPFUT (groww_symbol=NSE-BANKNIFTY-29Sep26-FUT)
2026-09-29 15:22:02,781  [INFO]  Strategy started.  Underlying: BANKNIFTY  Monthly expiry: 2026-10-27  Supertrend(20, 1.8)  Exit threshold: ±111 pts  Entry window: 09:23–15:05  Force-close: 15:08
2026-09-29 15:22:02,781  [INFO]  [2026-09-29 15:22:02] SQUARE-OFF TIME — no open positions.
2026-09-29 15:22:02,782  [INFO]  Session ended. Exiting strategy.
2026-09-29 15:22:05,069  [INFO]  Logging to console and to file: logs\strategy_2026-09-29.log
2026-09-29 15:22:05,070  [INFO]  Found cached Groww access token for today. Verifying token...
2026-09-29 15:22:05,281  [INFO]  Cached Groww access token verified successfully. Skipping auth endpoint.
2026-09-29 15:22:06,995  [INFO]  Selected BankNifty monthly expiry: 2026-10-27
2026-09-29 15:22:07,092  [INFO]  Using BANKNIFTY futures symbol for candle data: BANKNIFTY26SEPFUT (groww_symbol=NSE-BANKNIFTY-29Sep26-FUT)
2026-09-29 15:22:07,093  [INFO]  Strategy started.  Underlying: BANKNIFTY  Monthly expiry: 2026-10-27  Supertrend(20, 1.8)  Exit threshold: ±111 pts  Entry window: 09:23–15:05  Force-close: 15:08
2026-09-29 15:22:07,093  [INFO]  [2026-09-29 15:22:07] SQUARE-OFF TIME — no open positions.
2026-09-29 15:22:07,093  [INFO]  Session ended. Exiting strategy.
2026-09-29 15:22:09,214  [INFO]  Logging to console and to file: logs\strategy_2026-09-29.log
2026-09-29 15:22:09,215  [INFO]  Found cached Groww access token for today. Verifying token...
2026-09-29 15:22:09,451  [INFO]  Cached Groww access token verified successfully. Skipping auth endpoint.
2026-09-29 15:22:11,220  [INFO]  Selected BankNifty monthly expiry: 2026-10-27
2026-09-29 15:22:11,319  [INFO]  Using BANKNIFTY futures symbol for candle data: BANKNIFTY26SEPFUT (groww_symbol=NSE-BANKNIFTY-29Sep26-FUT)
2026-09-29 15:22:11,319  [INFO]  Strategy started.  Underlying: BANKNIFTY  Monthly expiry: 2026-10-27  Supertrend(20, 1.8)  Exit threshold: ±111 pts  Entry window: 09:23–15:05  Force-close: 15:08
2026-09-29 15:22:11,319  [INFO]  [2026-09-29 15:22:11] SQUARE-OFF TIME — no open positions.
2026-09-29 15:22:11,320  [INFO]  Session ended. Exiting strategy.
2026-09-29 15:22:13,462  [INFO]  Logging to console and to file: logs\strategy_2026-09-29.log
2026-09-29 15:22:13,463  [INFO]  Found cached Groww access token for today. Verifying token...
2026-09-29 15:22:13,681  [INFO]  Cached Groww access token verified successfully. Skipping auth endpoint.
2026-09-29 15:22:15,448  [INFO]  Selected BankNifty monthly expiry: 2026-10-27
2026-09-29 15:22:15,550  [INFO]  Using BANKNIFTY futures symbol for candle data: BANKNIFTY26SEPFUT (groww_symbol=NSE-BANKNIFTY-29Sep26-FUT)
2026-09-29 15:22:15,550  [INFO]  Strategy started.  Underlying: BANKNIFTY  Monthly expiry: 2026-10-27  Supertrend(20, 1.8)  Exit threshold: ±111 pts  Entry window: 09:23–15:05  Force-close: 15:08
2026-09-29 15:22:15,550  [INFO]  [2026-09-29 15:22:15] SQUARE-OFF TIME — no open positions.
2026-09-29 15:22:15,550  [INFO]  Session ended. Exiting strategy.
2026-09-29 15:22:17,682  [INFO]  Logging to console and to file: logs\strategy_2026-09-29.log
2026-09-29 15:22:17,683  [INFO]  Found cached Groww access token for today. Verifying token...
2026-09-29 15:22:17,885  [INFO]  Cached Groww access token verified successfully. Skipping auth endpoint.
2026-09-29 15:22:19,562  [INFO]  Selected BankNifty monthly expiry: 2026-10-27
2026-09-29 15:22:19,659  [INFO]  Using BANKNIFTY futures symbol for candle data: BANKNIFTY26SEPFUT (groww_symbol=NSE-BANKNIFTY-29Sep26-FUT)
2026-09-29 15:22:19,659  [INFO]  Strategy started.  Underlying: BANKNIFTY  Monthly expiry: 2026-10-27  Supertrend(20, 1.8)  Exit threshold: ±111 pts  Entry window: 09:23–15:05  Force-close: 15:08
2026-09-29 15:22:19,659  [INFO]  [2026-09-29 15:22:19] SQUARE-OFF TIME — no open positions.
2026-09-29 15:22:19,659  [INFO]  Session ended. Exiting strategy.
2026-09-29 15:22:21,810  [INFO]  Logging to console and to file: logs\strategy_2026-09-29.log
2026-09-29 15:22:21,811  [INFO]  Found cached Groww access token for today. Verifying token...
2026-09-29 15:22:22,021  [INFO]  Cached Groww access token verified successfully. Skipping auth endpoint.
2026-09-29 15:22:23,729  [INFO]  Selected BankNifty monthly expiry: 2026-10-27
2026-09-29 15:22:23,827  [INFO]  Using BANKNIFTY futures symbol for candle data: BANKNIFTY26SEPFUT (groww_symbol=NSE-BANKNIFTY-29Sep26-FUT)
2026-09-29 15:22:23,827  [INFO]  Strategy started.  Underlying: BANKNIFTY  Monthly expiry: 2026-10-27  Supertrend(20, 1.8)  Exit threshold: ±111 pts  Entry window: 09:23–15:05  Force-close: 15:08
2026-09-29 15:22:23,827  [INFO]  [2026-09-29 15:22:23] SQUARE-OFF TIME — no open positions.
2026-09-29 15:22:23,827  [INFO]  Session ended. Exiting strategy.
2026-09-29 15:22:25,907  [INFO]  Logging to console and to file: logs\strategy_2026-09-29.log
2026-09-29 15:22:25,907  [INFO]  Found cached Groww access token for today. Verifying token...
2026-09-29 15:22:26,113  [INFO]  Cached Groww access token verified successfully. Skipping auth endpoint.
2026-09-29 15:22:27,967  [INFO]  Selected BankNifty monthly expiry: 2026-10-27
2026-09-29 15:22:28,113  [INFO]  Using BANKNIFTY futures symbol for candle data: BANKNIFTY26SEPFUT (groww_symbol=NSE-BANKNIFTY-29Sep26-FUT)
2026-09-29 15:22:28,113  [INFO]  Strategy started.  Underlying: BANKNIFTY  Monthly expiry: 2026-10-27  Supertrend(20, 1.8)  Exit threshold: ±111 pts  Entry window: 09:23–15:05  Force-close: 15:08
2026-09-29 15:22:28,114  [INFO]  [2026-09-29 15:22:28] SQUARE-OFF TIME — no open positions.
2026-09-29 15:22:28,114  [INFO]  Session ended. Exiting strategy.
2026-09-29 15:22:30,344  [INFO]  Logging to console and to file: logs\strategy_2026-09-29.log
2026-09-29 15:22:30,344  [INFO]  Found cached Groww access token for today. Verifying token...
2026-09-29 15:22:30,551  [INFO]  Cached Groww access token verified successfully. Skipping auth endpoint.
2026-09-29 15:22:32,182  [INFO]  Selected BankNifty monthly expiry: 2026-10-27
2026-09-29 15:22:32,294  [INFO]  Using BANKNIFTY futures symbol for candle data: BANKNIFTY26SEPFUT (groww_symbol=NSE-BANKNIFTY-29Sep26-FUT)
2026-09-29 15:22:32,294  [INFO]  Strategy started.  Underlying: BANKNIFTY  Monthly expiry: 2026-10-27  Supertrend(20, 1.8)  Exit threshold: ±111 pts  Entry window: 09:23–15:05  Force-close: 15:08
2026-09-29 15:22:32,294  [INFO]  [2026-09-29 15:22:32] SQUARE-OFF TIME — no open positions.
2026-09-29 15:22:32,294  [INFO]  Session ended. Exiting strategy.
2026-09-29 15:22:34,355  [INFO]  Logging to console and to file: logs\strategy_2026-09-29.log
2026-09-29 15:22:34,356  [INFO]  Found cached Groww access token for today. Verifying token...
2026-09-29 15:22:34,546  [INFO]  Cached Groww access token verified successfully. Skipping auth endpoint.
2026-09-29 15:22:36,266  [INFO]  Selected BankNifty monthly expiry: 2026-10-27
2026-09-29 15:22:36,363  [INFO]  Using BANKNIFTY futures symbol for candle data: BANKNIFTY26SEPFUT (groww_symbol=NSE-BANKNIFTY-29Sep26-FUT)
2026-09-29 15:22:36,364  [INFO]  Strategy started.  Underlying: BANKNIFTY  Monthly expiry: 2026-10-27  Supertrend(20, 1.8)  Exit threshold: ±111 pts  Entry window: 09:23–15:05  Force-close: 15:08
2026-09-29 15:22:36,364  [INFO]  [2026-09-29 15:22:36] SQUARE-OFF TIME — no open positions.
2026-09-29 15:22:36,364  [INFO]  Session ended. Exiting strategy.
2026-09-29 15:22:38,475  [INFO]  Logging to console and to file: logs\strategy_2026-09-29.log
2026-09-29 15:22:38,476  [INFO]  Found cached Groww access token for today. Verifying token...
2026-09-29 15:22:38,672  [INFO]  Cached Groww access token verified successfully. Skipping auth endpoint.
2026-09-29 15:22:40,317  [INFO]  Selected BankNifty monthly expiry: 2026-10-27
2026-09-29 15:22:40,413  [INFO]  Using BANKNIFTY futures symbol for candle data: BANKNIFTY26SEPFUT (groww_symbol=NSE-BANKNIFTY-29Sep26-FUT)
2026-09-29 15:22:40,414  [INFO]  Strategy started.  Underlying: BANKNIFTY  Monthly expiry: 2026-10-27  Supertrend(20, 1.8)  Exit threshold: ±111 pts  Entry window: 09:23–15:05  Force-close: 15:08
2026-09-29 15:22:40,414  [INFO]  [2026-09-29 15:22:40] SQUARE-OFF TIME — no open positions.
2026-09-29 15:22:40,414  [INFO]  Session ended. Exiting strategy.
2026-09-29 15:22:42,483  [INFO]  Logging to console and to file: logs\strategy_2026-09-29.log
2026-09-29 15:22:42,484  [INFO]  Found cached Groww access token for today. Verifying token...
2026-09-29 15:22:42,686  [INFO]  Cached Groww access token verified successfully. Skipping auth endpoint.
2026-09-29 15:22:44,330  [INFO]  Selected BankNifty monthly expiry: 2026-10-27
2026-09-29 15:22:44,444  [INFO]  Using BANKNIFTY futures symbol for candle data: BANKNIFTY26SEPFUT (groww_symbol=NSE-BANKNIFTY-29Sep26-FUT)
2026-09-29 15:22:44,445  [INFO]  Strategy started.  Underlying: BANKNIFTY  Monthly expiry: 2026-10-27  Supertrend(20, 1.8)  Exit threshold: ±111 pts  Entry window: 09:23–15:05  Force-close: 15:08
2026-09-29 15:22:44,445  [INFO]  [2026-09-29 15:22:44] SQUARE-OFF TIME — no open positions.
2026-09-29 15:22:44,445  [INFO]  Session ended. Exiting strategy.
2026-09-29 15:22:46,569  [INFO]  Logging to console and to file: logs\strategy_2026-09-29.log
2026-09-29 15:22:46,570  [INFO]  Found cached Groww access token for today. Verifying token...
2026-09-29 15:22:46,753  [INFO]  Cached Groww access token verified successfully. Skipping auth endpoint.
2026-09-29 15:22:48,521  [INFO]  Selected BankNifty monthly expiry: 2026-10-27
2026-09-29 15:22:48,620  [INFO]  Using BANKNIFTY futures symbol for candle data: BANKNIFTY26SEPFUT (groww_symbol=NSE-BANKNIFTY-29Sep26-FUT)
2026-09-29 15:22:48,621  [INFO]  Strategy started.  Underlying: BANKNIFTY  Monthly expiry: 2026-10-27  Supertrend(20, 1.8)  Exit threshold: ±111 pts  Entry window: 09:23–15:05  Force-close: 15:08
2026-09-29 15:22:48,621  [INFO]  [2026-09-29 15:22:48] SQUARE-OFF TIME — no open positions.
2026-09-29 15:22:48,621  [INFO]  Session ended. Exiting strategy.
2026-09-29 15:22:50,683  [INFO]  Logging to console and to file: logs\strategy_2026-09-29.log
2026-09-29 15:22:50,684  [INFO]  Found cached Groww access token for today. Verifying token...
2026-09-29 15:22:50,879  [INFO]  Cached Groww access token verified successfully. Skipping auth endpoint.
2026-09-29 15:22:52,444  [INFO]  Selected BankNifty monthly expiry: 2026-10-27
2026-09-29 15:22:52,541  [INFO]  Using BANKNIFTY futures symbol for candle data: BANKNIFTY26SEPFUT (groww_symbol=NSE-BANKNIFTY-29Sep26-FUT)
2026-09-29 15:22:52,541  [INFO]  Strategy started.  Underlying: BANKNIFTY  Monthly expiry: 2026-10-27  Supertrend(20, 1.8)  Exit threshold: ±111 pts  Entry window: 09:23–15:05  Force-close: 15:08
2026-09-29 15:22:52,542  [INFO]  [2026-09-29 15:22:52] SQUARE-OFF TIME — no open positions.
2026-09-29 15:22:52,542  [INFO]  Session ended. Exiting strategy.
2026-09-29 15:22:54,578  [INFO]  Logging to console and to file: logs\strategy_2026-09-29.log
2026-09-29 15:22:54,579  [INFO]  Found cached Groww access token for today. Verifying token...
2026-09-29 15:22:54,790  [INFO]  Cached Groww access token verified successfully. Skipping auth endpoint.
2026-09-29 15:22:56,607  [INFO]  Selected BankNifty monthly expiry: 2026-10-27
2026-09-29 15:22:56,705  [INFO]  Using BANKNIFTY futures symbol for candle data: BANKNIFTY26SEPFUT (groww_symbol=NSE-BANKNIFTY-29Sep26-FUT)
2026-09-29 15:22:56,705  [INFO]  Strategy started.  Underlying: BANKNIFTY  Monthly expiry: 2026-10-27  Supertrend(20, 1.8)  Exit threshold: ±111 pts  Entry window: 09:23–15:05  Force-close: 15:08
2026-09-29 15:22:56,706  [INFO]  [2026-09-29 15:22:56] SQUARE-OFF TIME — no open positions.
2026-09-29 15:22:56,706  [INFO]  Session ended. Exiting strategy.
2026-09-29 15:22:58,824  [INFO]  Logging to console and to file: logs\strategy_2026-09-29.log
2026-09-29 15:22:58,824  [INFO]  Found cached Groww access token for today. Verifying token...
2026-09-29 15:22:59,064  [INFO]  Cached Groww access token verified successfully. Skipping auth endpoint.
2026-09-29 15:23:03,965  [INFO]  Selected BankNifty monthly expiry: 2026-10-27
2026-09-29 15:23:04,063  [INFO]  Using BANKNIFTY futures symbol for candle data: BANKNIFTY26SEPFUT (groww_symbol=NSE-BANKNIFTY-29Sep26-FUT)
2026-09-29 15:23:04,063  [INFO]  Strategy started.  Underlying: BANKNIFTY  Monthly expiry: 2026-10-27  Supertrend(20, 1.8)  Exit threshold: ±111 pts  Entry window: 09:23–15:05  Force-close: 15:08
2026-09-29 15:23:04,063  [INFO]  [2026-09-29 15:23:04] SQUARE-OFF TIME — no open positions.
2026-09-29 15:23:04,063  [INFO]  Session ended. Exiting strategy.
2026-09-29 15:23:06,184  [INFO]  Logging to console and to file: logs\strategy_2026-09-29.log
2026-09-29 15:23:06,185  [INFO]  Found cached Groww access token for today. Verifying token...
2026-09-29 15:23:06,392  [INFO]  Cached Groww access token verified successfully. Skipping auth endpoint.
2026-09-29 15:23:07,968  [INFO]  Selected BankNifty monthly expiry: 2026-10-27
2026-09-29 15:23:08,070  [INFO]  Using BANKNIFTY futures symbol for candle data: BANKNIFTY26SEPFUT (groww_symbol=NSE-BANKNIFTY-29Sep26-FUT)
2026-09-29 15:23:08,070  [INFO]  Strategy started.  Underlying: BANKNIFTY  Monthly expiry: 2026-10-27  Supertrend(20, 1.8)  Exit threshold: ±111 pts  Entry window: 09:23–15:05  Force-close: 15:08
2026-09-29 15:23:08,070  [INFO]  [2026-09-29 15:23:08] SQUARE-OFF TIME — no open positions.
2026-09-29 15:23:08,070  [INFO]  Session ended. Exiting strategy.
2026-09-29 15:23:10,167  [INFO]  Logging to console and to file: logs\strategy_2026-09-29.log
2026-09-29 15:23:10,168  [INFO]  Found cached Groww access token for today. Verifying token...
2026-09-29 15:23:10,370  [INFO]  Cached Groww access token verified successfully. Skipping auth endpoint.
2026-09-29 15:23:12,598  [INFO]  Selected BankNifty monthly expiry: 2026-10-27
2026-09-29 15:23:12,700  [INFO]  Using BANKNIFTY futures symbol for candle data: BANKNIFTY26SEPFUT (groww_symbol=NSE-BANKNIFTY-29Sep26-FUT)
2026-09-29 15:23:12,700  [INFO]  Strategy started.  Underlying: BANKNIFTY  Monthly expiry: 2026-10-27  Supertrend(20, 1.8)  Exit threshold: ±111 pts  Entry window: 09:23–15:05  Force-close: 15:08
2026-09-29 15:23:12,700  [INFO]  [2026-09-29 15:23:12] SQUARE-OFF TIME — no open positions.
2026-09-29 15:23:12,700  [INFO]  Session ended. Exiting strategy.
2026-09-29 15:23:14,826  [INFO]  Logging to console and to file: logs\strategy_2026-09-29.log
2026-09-29 15:23:14,827  [INFO]  Found cached Groww access token for today. Verifying token...
2026-09-29 15:23:15,058  [INFO]  Cached Groww access token verified successfully. Skipping auth endpoint.
2026-09-29 15:23:16,653  [INFO]  Selected BankNifty monthly expiry: 2026-10-27
2026-09-29 15:23:16,751  [INFO]  Using BANKNIFTY futures symbol for candle data: BANKNIFTY26SEPFUT (groww_symbol=NSE-BANKNIFTY-29Sep26-FUT)
2026-09-29 15:23:16,751  [INFO]  Strategy started.  Underlying: BANKNIFTY  Monthly expiry: 2026-10-27  Supertrend(20, 1.8)  Exit threshold: ±111 pts  Entry window: 09:23–15:05  Force-close: 15:08
2026-09-29 15:23:16,751  [INFO]  [2026-09-29 15:23:16] SQUARE-OFF TIME — no open positions.
2026-09-29 15:23:16,752  [INFO]  Session ended. Exiting strategy.
2026-09-29 15:23:18,904  [INFO]  Logging to console and to file: logs\strategy_2026-09-29.log
2026-09-29 15:23:18,904  [INFO]  Found cached Groww access token for today. Verifying token...
2026-09-29 15:23:19,104  [INFO]  Cached Groww access token verified successfully. Skipping auth endpoint.
2026-09-29 15:23:20,997  [INFO]  Selected BankNifty monthly expiry: 2026-10-27
2026-09-29 15:23:21,093  [INFO]  Using BANKNIFTY futures symbol for candle data: BANKNIFTY26SEPFUT (groww_symbol=NSE-BANKNIFTY-29Sep26-FUT)
2026-09-29 15:23:21,094  [INFO]  Strategy started.  Underlying: BANKNIFTY  Monthly expiry: 2026-10-27  Supertrend(20, 1.8)  Exit threshold: ±111 pts  Entry window: 09:23–15:05  Force-close: 15:08
2026-09-29 15:23:21,094  [INFO]  [2026-09-29 15:23:21] SQUARE-OFF TIME — no open positions.
2026-09-29 15:23:21,094  [INFO]  Session ended. Exiting strategy.
2026-09-29 15:23:23,258  [INFO]  Logging to console and to file: logs\strategy_2026-09-29.log
2026-09-29 15:23:23,259  [INFO]  Found cached Groww access token for today. Verifying token...
2026-09-29 15:23:23,472  [INFO]  Cached Groww access token verified successfully. Skipping auth endpoint.
2026-09-29 15:23:25,179  [INFO]  Selected BankNifty monthly expiry: 2026-10-27
2026-09-29 15:23:25,279  [INFO]  Using BANKNIFTY futures symbol for candle data: BANKNIFTY26SEPFUT (groww_symbol=NSE-BANKNIFTY-29Sep26-FUT)
2026-09-29 15:23:25,280  [INFO]  Strategy started.  Underlying: BANKNIFTY  Monthly expiry: 2026-10-27  Supertrend(20, 1.8)  Exit threshold: ±111 pts  Entry window: 09:23–15:05  Force-close: 15:08
2026-09-29 15:23:25,280  [INFO]  [2026-09-29 15:23:25] SQUARE-OFF TIME — no open positions.
2026-09-29 15:23:25,280  [INFO]  Session ended. Exiting strategy.
2026-09-29 15:23:27,437  [INFO]  Logging to console and to file: logs\strategy_2026-09-29.log
2026-09-29 15:23:27,438  [INFO]  Found cached Groww access token for today. Verifying token...
2026-09-29 15:23:27,662  [INFO]  Cached Groww access token verified successfully. Skipping auth endpoint.
2026-09-29 15:23:29,324  [INFO]  Selected BankNifty monthly expiry: 2026-10-27
2026-09-29 15:23:29,420  [INFO]  Using BANKNIFTY futures symbol for candle data: BANKNIFTY26SEPFUT (groww_symbol=NSE-BANKNIFTY-29Sep26-FUT)
2026-09-29 15:23:29,421  [INFO]  Strategy started.  Underlying: BANKNIFTY  Monthly expiry: 2026-10-27  Supertrend(20, 1.8)  Exit threshold: ±111 pts  Entry window: 09:23–15:05  Force-close: 15:08
2026-09-29 15:23:29,421  [INFO]  [2026-09-29 15:23:29] SQUARE-OFF TIME — no open positions.
2026-09-29 15:23:29,421  [INFO]  Session ended. Exiting strategy.
2026-09-29 15:23:31,437  [INFO]  Logging to console and to file: logs\strategy_2026-09-29.log
2026-09-29 15:23:31,438  [INFO]  Found cached Groww access token for today. Verifying token...
2026-09-29 15:23:31,680  [INFO]  Cached Groww access token verified successfully. Skipping auth endpoint.
2026-09-29 15:23:33,389  [INFO]  Selected BankNifty monthly expiry: 2026-10-27
2026-09-29 15:23:33,518  [INFO]  Using BANKNIFTY futures symbol for candle data: BANKNIFTY26SEPFUT (groww_symbol=NSE-BANKNIFTY-29Sep26-FUT)
2026-09-29 15:23:33,518  [INFO]  Strategy started.  Underlying: BANKNIFTY  Monthly expiry: 2026-10-27  Supertrend(20, 1.8)  Exit threshold: ±111 pts  Entry window: 09:23–15:05  Force-close: 15:08
2026-09-29 15:23:33,519  [INFO]  [2026-09-29 15:23:33] SQUARE-OFF TIME — no open positions.
2026-09-29 15:23:33,519  [INFO]  Session ended. Exiting strategy.
2026-09-29 15:23:35,517  [INFO]  Logging to console and to file: logs\strategy_2026-09-29.log
2026-09-29 15:23:35,517  [INFO]  Found cached Groww access token for today. Verifying token...
2026-09-29 15:23:35,730  [INFO]  Cached Groww access token verified successfully. Skipping auth endpoint.
2026-09-29 15:23:37,779  [INFO]  Selected BankNifty monthly expiry: 2026-10-27
2026-09-29 15:23:37,879  [INFO]  Using BANKNIFTY futures symbol for candle data: BANKNIFTY26SEPFUT (groww_symbol=NSE-BANKNIFTY-29Sep26-FUT)
2026-09-29 15:23:37,879  [INFO]  Strategy started.  Underlying: BANKNIFTY  Monthly expiry: 2026-10-27  Supertrend(20, 1.8)  Exit threshold: ±111 pts  Entry window: 09:23–15:05  Force-close: 15:08
2026-09-29 15:23:37,879  [INFO]  [2026-09-29 15:23:37] SQUARE-OFF TIME — no open positions.
2026-09-29 15:23:37,879  [INFO]  Session ended. Exiting strategy.
2026-09-29 15:23:40,234  [INFO]  Logging to console and to file: logs\strategy_2026-09-29.log
2026-09-29 15:23:40,235  [INFO]  Found cached Groww access token for today. Verifying token...
2026-09-29 15:23:40,446  [INFO]  Cached Groww access token verified successfully. Skipping auth endpoint.
2026-09-29 15:23:42,085  [INFO]  Selected BankNifty monthly expiry: 2026-10-27
2026-09-29 15:23:42,185  [INFO]  Using BANKNIFTY futures symbol for candle data: BANKNIFTY26SEPFUT (groww_symbol=NSE-BANKNIFTY-29Sep26-FUT)
2026-09-29 15:23:42,186  [INFO]  Strategy started.  Underlying: BANKNIFTY  Monthly expiry: 2026-10-27  Supertrend(20, 1.8)  Exit threshold: ±111 pts  Entry window: 09:23–15:05  Force-close: 15:08
2026-09-29 15:23:42,186  [INFO]  [2026-09-29 15:23:42] SQUARE-OFF TIME — no open positions.
2026-09-29 15:23:42,186  [INFO]  Session ended. Exiting strategy.
2026-09-29 15:23:44,320  [INFO]  Logging to console and to file: logs\strategy_2026-09-29.log
2026-09-29 15:23:44,321  [INFO]  Found cached Groww access token for today. Verifying token...
2026-09-29 15:23:44,516  [INFO]  Cached Groww access token verified successfully. Skipping auth endpoint.
2026-09-29 15:23:46,242  [INFO]  Selected BankNifty monthly expiry: 2026-10-27
2026-09-29 15:23:46,342  [INFO]  Using BANKNIFTY futures symbol for candle data: BANKNIFTY26SEPFUT (groww_symbol=NSE-BANKNIFTY-29Sep26-FUT)
2026-09-29 15:23:46,342  [INFO]  Strategy started.  Underlying: BANKNIFTY  Monthly expiry: 2026-10-27  Supertrend(20, 1.8)  Exit threshold: ±111 pts  Entry window: 09:23–15:05  Force-close: 15:08
2026-09-29 15:23:46,342  [INFO]  [2026-09-29 15:23:46] SQUARE-OFF TIME — no open positions.
2026-09-29 15:23:46,342  [INFO]  Session ended. Exiting strategy.
2026-09-29 15:23:48,402  [INFO]  Logging to console and to file: logs\strategy_2026-09-29.log
2026-09-29 15:23:48,403  [INFO]  Found cached Groww access token for today. Verifying token...
2026-09-29 15:23:48,614  [INFO]  Cached Groww access token verified successfully. Skipping auth endpoint.
2026-09-29 15:23:50,352  [INFO]  Selected BankNifty monthly expiry: 2026-10-27
2026-09-29 15:23:50,451  [INFO]  Using BANKNIFTY futures symbol for candle data: BANKNIFTY26SEPFUT (groww_symbol=NSE-BANKNIFTY-29Sep26-FUT)
2026-09-29 15:23:50,451  [INFO]  Strategy started.  Underlying: BANKNIFTY  Monthly expiry: 2026-10-27  Supertrend(20, 1.8)  Exit threshold: ±111 pts  Entry window: 09:23–15:05  Force-close: 15:08
2026-09-29 15:23:50,451  [INFO]  [2026-09-29 15:23:50] SQUARE-OFF TIME — no open positions.
2026-09-29 15:23:50,451  [INFO]  Session ended. Exiting strategy.
2026-09-29 15:23:57,227  [INFO]  Logging to console and to file: logs\strategy_2026-09-29.log
2026-09-29 15:23:57,249  [INFO]  Found cached Groww access token for today. Verifying token...
2026-09-29 15:23:57,481  [INFO]  Cached Groww access token verified successfully. Skipping auth endpoint.
2026-09-29 15:23:59,190  [INFO]  Selected BankNifty monthly expiry: 2026-10-27
2026-09-29 15:23:59,288  [INFO]  Using BANKNIFTY futures symbol for candle data: BANKNIFTY26SEPFUT (groww_symbol=NSE-BANKNIFTY-29Sep26-FUT)
2026-09-29 15:23:59,289  [INFO]  Strategy started.  Underlying: BANKNIFTY  Monthly expiry: 2026-10-27  Supertrend(20, 1.8)  Exit threshold: ±111 pts  Entry window: 09:23–15:05  Force-close: 15:08
2026-09-29 15:23:59,289  [INFO]  [2026-09-29 15:23:59] SQUARE-OFF TIME — no open positions.
2026-09-29 15:23:59,289  [INFO]  Session ended. Exiting strategy.
2026-09-29 15:24:01,479  [INFO]  Logging to console and to file: logs\strategy_2026-09-29.log
2026-09-29 15:24:01,480  [INFO]  Found cached Groww access token for today. Verifying token...
2026-09-29 15:24:01,684  [INFO]  Cached Groww access token verified successfully. Skipping auth endpoint.
2026-09-29 15:24:03,381  [INFO]  Selected BankNifty monthly expiry: 2026-10-27
2026-09-29 15:24:03,487  [INFO]  Using BANKNIFTY futures symbol for candle data: BANKNIFTY26SEPFUT (groww_symbol=NSE-BANKNIFTY-29Sep26-FUT)
2026-09-29 15:24:03,487  [INFO]  Strategy started.  Underlying: BANKNIFTY  Monthly expiry: 2026-10-27  Supertrend(20, 1.8)  Exit threshold: ±111 pts  Entry window: 09:23–15:05  Force-close: 15:08
2026-09-29 15:24:03,487  [INFO]  [2026-09-29 15:24:03] SQUARE-OFF TIME — no open positions.
2026-09-29 15:24:03,487  [INFO]  Session ended. Exiting strategy.
2026-09-29 15:24:05,771  [INFO]  Logging to console and to file: logs\strategy_2026-09-29.log
2026-09-29 15:24:05,772  [INFO]  Found cached Groww access token for today. Verifying token...
2026-09-29 15:24:06,012  [INFO]  Cached Groww access token verified successfully. Skipping auth endpoint.
2026-09-29 15:24:08,301  [INFO]  Selected BankNifty monthly expiry: 2026-10-27
2026-09-29 15:24:08,401  [INFO]  Using BANKNIFTY futures symbol for candle data: BANKNIFTY26SEPFUT (groww_symbol=NSE-BANKNIFTY-29Sep26-FUT)
2026-09-29 15:24:08,401  [INFO]  Strategy started.  Underlying: BANKNIFTY  Monthly expiry: 2026-10-27  Supertrend(20, 1.8)  Exit threshold: ±111 pts  Entry window: 09:23–15:05  Force-close: 15:08
2026-09-29 15:24:08,401  [INFO]  [2026-09-29 15:24:08] SQUARE-OFF TIME — no open positions.
2026-09-29 15:24:08,401  [INFO]  Session ended. Exiting strategy.
2026-09-29 15:24:10,671  [INFO]  Logging to console and to file: logs\strategy_2026-09-29.log
2026-09-29 15:24:10,672  [INFO]  Found cached Groww access token for today. Verifying token...
2026-09-29 15:24:10,889  [INFO]  Cached Groww access token verified successfully. Skipping auth endpoint.
2026-09-29 15:24:12,919  [INFO]  Selected BankNifty monthly expiry: 2026-10-27
2026-09-29 15:24:13,018  [INFO]  Using BANKNIFTY futures symbol for candle data: BANKNIFTY26SEPFUT (groww_symbol=NSE-BANKNIFTY-29Sep26-FUT)
2026-09-29 15:24:13,019  [INFO]  Strategy started.  Underlying: BANKNIFTY  Monthly expiry: 2026-10-27  Supertrend(20, 1.8)  Exit threshold: ±111 pts  Entry window: 09:23–15:05  Force-close: 15:08
2026-09-29 15:24:13,019  [INFO]  [2026-09-29 15:24:13] SQUARE-OFF TIME — no open positions.
2026-09-29 15:24:13,019  [INFO]  Session ended. Exiting strategy.
2026-09-29 15:24:15,201  [INFO]  Logging to console and to file: logs\strategy_2026-09-29.log
2026-09-29 15:24:15,202  [INFO]  Found cached Groww access token for today. Verifying token...
2026-09-29 15:24:15,389  [INFO]  Cached Groww access token verified successfully. Skipping auth endpoint.
2026-09-29 15:24:17,436  [INFO]  Selected BankNifty monthly expiry: 2026-10-27
2026-09-29 15:24:17,539  [INFO]  Using BANKNIFTY futures symbol for candle data: BANKNIFTY26SEPFUT (groww_symbol=NSE-BANKNIFTY-29Sep26-FUT)
2026-09-29 15:24:17,540  [INFO]  Strategy started.  Underlying: BANKNIFTY  Monthly expiry: 2026-10-27  Supertrend(20, 1.8)  Exit threshold: ±111 pts  Entry window: 09:23–15:05  Force-close: 15:08
2026-09-29 15:24:17,540  [INFO]  [2026-09-29 15:24:17] SQUARE-OFF TIME — no open positions.
2026-09-29 15:24:17,540  [INFO]  Session ended. Exiting strategy.
2026-09-29 15:24:19,710  [INFO]  Logging to console and to file: logs\strategy_2026-09-29.log
2026-09-29 15:24:19,711  [INFO]  Found cached Groww access token for today. Verifying token...
2026-09-29 15:24:19,917  [INFO]  Cached Groww access token verified successfully. Skipping auth endpoint.
2026-09-29 15:24:21,859  [INFO]  Selected BankNifty monthly expiry: 2026-10-27
2026-09-29 15:24:21,969  [INFO]  Using BANKNIFTY futures symbol for candle data: BANKNIFTY26SEPFUT (groww_symbol=NSE-BANKNIFTY-29Sep26-FUT)
2026-09-29 15:24:21,970  [INFO]  Strategy started.  Underlying: BANKNIFTY  Monthly expiry: 2026-10-27  Supertrend(20, 1.8)  Exit threshold: ±111 pts  Entry window: 09:23–15:05  Force-close: 15:08
2026-09-29 15:24:21,970  [INFO]  [2026-09-29 15:24:21] SQUARE-OFF TIME — no open positions.
2026-09-29 15:24:21,970  [INFO]  Session ended. Exiting strategy.
2026-09-29 15:24:23,945  [INFO]  Logging to console and to file: logs\strategy_2026-09-29.log
2026-09-29 15:24:23,946  [INFO]  Found cached Groww access token for today. Verifying token...
2026-09-29 15:24:24,145  [INFO]  Cached Groww access token verified successfully. Skipping auth endpoint.
2026-09-29 15:24:26,158  [INFO]  Selected BankNifty monthly expiry: 2026-10-27
2026-09-29 15:24:26,259  [INFO]  Using BANKNIFTY futures symbol for candle data: BANKNIFTY26SEPFUT (groww_symbol=NSE-BANKNIFTY-29Sep26-FUT)
2026-09-29 15:24:26,259  [INFO]  Strategy started.  Underlying: BANKNIFTY  Monthly expiry: 2026-10-27  Supertrend(20, 1.8)  Exit threshold: ±111 pts  Entry window: 09:23–15:05  Force-close: 15:08
2026-09-29 15:24:26,259  [INFO]  [2026-09-29 15:24:26] SQUARE-OFF TIME — no open positions.
2026-09-29 15:24:26,259  [INFO]  Session ended. Exiting strategy.
2026-09-29 15:24:28,434  [INFO]  Logging to console and to file: logs\strategy_2026-09-29.log
2026-09-29 15:24:28,435  [INFO]  Found cached Groww access token for today. Verifying token...
2026-09-29 15:24:28,623  [INFO]  Cached Groww access token verified successfully. Skipping auth endpoint.
2026-09-29 15:24:30,309  [INFO]  Selected BankNifty monthly expiry: 2026-10-27
2026-09-29 15:24:30,415  [INFO]  Using BANKNIFTY futures symbol for candle data: BANKNIFTY26SEPFUT (groww_symbol=NSE-BANKNIFTY-29Sep26-FUT)
2026-09-29 15:24:30,415  [INFO]  Strategy started.  Underlying: BANKNIFTY  Monthly expiry: 2026-10-27  Supertrend(20, 1.8)  Exit threshold: ±111 pts  Entry window: 09:23–15:05  Force-close: 15:08
2026-09-29 15:24:30,416  [INFO]  [2026-09-29 15:24:30] SQUARE-OFF TIME — no open positions.
2026-09-29 15:24:30,416  [INFO]  Session ended. Exiting strategy.
2026-09-29 15:24:32,406  [INFO]  Logging to console and to file: logs\strategy_2026-09-29.log
2026-09-29 15:24:32,407  [INFO]  Found cached Groww access token for today. Verifying token...
2026-09-29 15:24:32,602  [INFO]  Cached Groww access token verified successfully. Skipping auth endpoint.
2026-09-29 15:24:34,424  [INFO]  Selected BankNifty monthly expiry: 2026-10-27
2026-09-29 15:24:34,522  [INFO]  Using BANKNIFTY futures symbol for candle data: BANKNIFTY26SEPFUT (groww_symbol=NSE-BANKNIFTY-29Sep26-FUT)
2026-09-29 15:24:34,522  [INFO]  Strategy started.  Underlying: BANKNIFTY  Monthly expiry: 2026-10-27  Supertrend(20, 1.8)  Exit threshold: ±111 pts  Entry window: 09:23–15:05  Force-close: 15:08
2026-09-29 15:24:34,522  [INFO]  [2026-09-29 15:24:34] SQUARE-OFF TIME — no open positions.
2026-09-29 15:24:34,523  [INFO]  Session ended. Exiting strategy.
2026-09-29 15:24:36,599  [INFO]  Logging to console and to file: logs\strategy_2026-09-29.log
2026-09-29 15:24:36,600  [INFO]  Found cached Groww access token for today. Verifying token...
2026-09-29 15:24:36,801  [INFO]  Cached Groww access token verified successfully. Skipping auth endpoint.
2026-09-29 15:24:38,384  [INFO]  Selected BankNifty monthly expiry: 2026-10-27
2026-09-29 15:24:38,481  [INFO]  Using BANKNIFTY futures symbol for candle data: BANKNIFTY26SEPFUT (groww_symbol=NSE-BANKNIFTY-29Sep26-FUT)
2026-09-29 15:24:38,482  [INFO]  Strategy started.  Underlying: BANKNIFTY  Monthly expiry: 2026-10-27  Supertrend(20, 1.8)  Exit threshold: ±111 pts  Entry window: 09:23–15:05  Force-close: 15:08
2026-09-29 15:24:38,482  [INFO]  [2026-09-29 15:24:38] SQUARE-OFF TIME — no open positions.
2026-09-29 15:24:38,482  [INFO]  Session ended. Exiting strategy.
2026-09-29 15:24:40,610  [INFO]  Logging to console and to file: logs\strategy_2026-09-29.log
2026-09-29 15:24:40,611  [INFO]  Found cached Groww access token for today. Verifying token...
2026-09-29 15:24:40,824  [INFO]  Cached Groww access token verified successfully. Skipping auth endpoint.
2026-09-29 15:24:42,444  [INFO]  Selected BankNifty monthly expiry: 2026-10-27
2026-09-29 15:24:42,574  [INFO]  Using BANKNIFTY futures symbol for candle data: BANKNIFTY26SEPFUT (groww_symbol=NSE-BANKNIFTY-29Sep26-FUT)
2026-09-29 15:24:42,574  [INFO]  Strategy started.  Underlying: BANKNIFTY  Monthly expiry: 2026-10-27  Supertrend(20, 1.8)  Exit threshold: ±111 pts  Entry window: 09:23–15:05  Force-close: 15:08
2026-09-29 15:24:42,575  [INFO]  [2026-09-29 15:24:42] SQUARE-OFF TIME — no open positions.
2026-09-29 15:24:42,575  [INFO]  Session ended. Exiting strategy.
2026-09-29 15:24:44,655  [INFO]  Logging to console and to file: logs\strategy_2026-09-29.log
2026-09-29 15:24:44,655  [INFO]  Found cached Groww access token for today. Verifying token...
2026-09-29 15:24:44,923  [INFO]  Cached Groww access token verified successfully. Skipping auth endpoint.
2026-09-29 15:24:46,617  [INFO]  Selected BankNifty monthly expiry: 2026-10-27
2026-09-29 15:24:46,716  [INFO]  Using BANKNIFTY futures symbol for candle data: BANKNIFTY26SEPFUT (groww_symbol=NSE-BANKNIFTY-29Sep26-FUT)
2026-09-29 15:24:46,716  [INFO]  Strategy started.  Underlying: BANKNIFTY  Monthly expiry: 2026-10-27  Supertrend(20, 1.8)  Exit threshold: ±111 pts  Entry window: 09:23–15:05  Force-close: 15:08
2026-09-29 15:24:46,716  [INFO]  [2026-09-29 15:24:46] SQUARE-OFF TIME — no open positions.
2026-09-29 15:24:46,716  [INFO]  Session ended. Exiting strategy.
2026-09-29 15:24:48,973  [INFO]  Logging to console and to file: logs\strategy_2026-09-29.log
2026-09-29 15:24:48,974  [INFO]  Found cached Groww access token for today. Verifying token...
2026-09-29 15:24:49,412  [INFO]  Cached Groww access token verified successfully. Skipping auth endpoint.
2026-09-29 15:24:51,009  [INFO]  Selected BankNifty monthly expiry: 2026-10-27
2026-09-29 15:24:51,120  [INFO]  Using BANKNIFTY futures symbol for candle data: BANKNIFTY26SEPFUT (groww_symbol=NSE-BANKNIFTY-29Sep26-FUT)
2026-09-29 15:24:51,120  [INFO]  Strategy started.  Underlying: BANKNIFTY  Monthly expiry: 2026-10-27  Supertrend(20, 1.8)  Exit threshold: ±111 pts  Entry window: 09:23–15:05  Force-close: 15:08
2026-09-29 15:24:51,120  [INFO]  [2026-09-29 15:24:51] SQUARE-OFF TIME — no open positions.
2026-09-29 15:24:51,120  [INFO]  Session ended. Exiting strategy.
2026-09-29 15:24:53,267  [INFO]  Logging to console and to file: logs\strategy_2026-09-29.log
2026-09-29 15:24:53,268  [INFO]  Found cached Groww access token for today. Verifying token...
2026-09-29 15:24:53,497  [INFO]  Cached Groww access token verified successfully. Skipping auth endpoint.
2026-09-29 15:24:55,039  [INFO]  Selected BankNifty monthly expiry: 2026-10-27
2026-09-29 15:24:55,149  [INFO]  Using BANKNIFTY futures symbol for candle data: BANKNIFTY26SEPFUT (groww_symbol=NSE-BANKNIFTY-29Sep26-FUT)
2026-09-29 15:24:55,150  [INFO]  Strategy started.  Underlying: BANKNIFTY  Monthly expiry: 2026-10-27  Supertrend(20, 1.8)  Exit threshold: ±111 pts  Entry window: 09:23–15:05  Force-close: 15:08
2026-09-29 15:24:55,150  [INFO]  [2026-09-29 15:24:55] SQUARE-OFF TIME — no open positions.
2026-09-29 15:24:55,150  [INFO]  Session ended. Exiting strategy.
2026-09-29 15:24:57,347  [INFO]  Logging to console and to file: logs\strategy_2026-09-29.log
2026-09-29 15:24:57,348  [INFO]  Found cached Groww access token for today. Verifying token...
2026-09-29 15:24:57,560  [INFO]  Cached Groww access token verified successfully. Skipping auth endpoint.
2026-09-29 15:24:59,314  [INFO]  Selected BankNifty monthly expiry: 2026-10-27
2026-09-29 15:24:59,413  [INFO]  Using BANKNIFTY futures symbol for candle data: BANKNIFTY26SEPFUT (groww_symbol=NSE-BANKNIFTY-29Sep26-FUT)
2026-09-29 15:24:59,413  [INFO]  Strategy started.  Underlying: BANKNIFTY  Monthly expiry: 2026-10-27  Supertrend(20, 1.8)  Exit threshold: ±111 pts  Entry window: 09:23–15:05  Force-close: 15:08
2026-09-29 15:24:59,414  [INFO]  [2026-09-29 15:24:59] SQUARE-OFF TIME — no open positions.
2026-09-29 15:24:59,414  [INFO]  Session ended. Exiting strategy.
2026-09-29 15:25:01,555  [INFO]  Logging to console and to file: logs\strategy_2026-09-29.log
2026-09-29 15:25:01,556  [INFO]  Found cached Groww access token for today. Verifying token...
2026-09-29 15:25:01,755  [INFO]  Cached Groww access token verified successfully. Skipping auth endpoint.
2026-09-29 15:25:03,351  [INFO]  Selected BankNifty monthly expiry: 2026-10-27
2026-09-29 15:25:03,450  [INFO]  Using BANKNIFTY futures symbol for candle data: BANKNIFTY26SEPFUT (groww_symbol=NSE-BANKNIFTY-29Sep26-FUT)
2026-09-29 15:25:03,451  [INFO]  Strategy started.  Underlying: BANKNIFTY  Monthly expiry: 2026-10-27  Supertrend(20, 1.8)  Exit threshold: ±111 pts  Entry window: 09:23–15:05  Force-close: 15:08
2026-09-29 15:25:03,451  [INFO]  [2026-09-29 15:25:03] SQUARE-OFF TIME — no open positions.
2026-09-29 15:25:03,451  [INFO]  Session ended. Exiting strategy.
2026-09-29 15:25:05,547  [INFO]  Logging to console and to file: logs\strategy_2026-09-29.log
2026-09-29 15:25:05,548  [INFO]  Found cached Groww access token for today. Verifying token...
2026-09-29 15:25:05,753  [INFO]  Cached Groww access token verified successfully. Skipping auth endpoint.
2026-09-29 15:25:07,723  [INFO]  Selected BankNifty monthly expiry: 2026-10-27
2026-09-29 15:25:07,832  [INFO]  Using BANKNIFTY futures symbol for candle data: BANKNIFTY26SEPFUT (groww_symbol=NSE-BANKNIFTY-29Sep26-FUT)
2026-09-29 15:25:07,832  [INFO]  Strategy started.  Underlying: BANKNIFTY  Monthly expiry: 2026-10-27  Supertrend(20, 1.8)  Exit threshold: ±111 pts  Entry window: 09:23–15:05  Force-close: 15:08
2026-09-29 15:25:07,832  [INFO]  [2026-09-29 15:25:07] SQUARE-OFF TIME — no open positions.
2026-09-29 15:25:07,833  [INFO]  Session ended. Exiting strategy.
2026-09-29 15:25:10,093  [INFO]  Logging to console and to file: logs\strategy_2026-09-29.log
2026-09-29 15:25:10,093  [INFO]  Found cached Groww access token for today. Verifying token...
2026-09-29 15:25:10,294  [INFO]  Cached Groww access token verified successfully. Skipping auth endpoint.
2026-09-29 15:25:12,023  [INFO]  Selected BankNifty monthly expiry: 2026-10-27
2026-09-29 15:25:12,119  [INFO]  Using BANKNIFTY futures symbol for candle data: BANKNIFTY26SEPFUT (groww_symbol=NSE-BANKNIFTY-29Sep26-FUT)
2026-09-29 15:25:12,120  [INFO]  Strategy started.  Underlying: BANKNIFTY  Monthly expiry: 2026-10-27  Supertrend(20, 1.8)  Exit threshold: ±111 pts  Entry window: 09:23–15:05  Force-close: 15:08
2026-09-29 15:25:12,120  [INFO]  [2026-09-29 15:25:12] SQUARE-OFF TIME — no open positions.
2026-09-29 15:25:12,120  [INFO]  Session ended. Exiting strategy.
2026-09-29 15:25:14,284  [INFO]  Logging to console and to file: logs\strategy_2026-09-29.log
2026-09-29 15:25:14,285  [INFO]  Found cached Groww access token for today. Verifying token...
2026-09-29 15:25:14,491  [INFO]  Cached Groww access token verified successfully. Skipping auth endpoint.
2026-09-29 15:25:16,169  [INFO]  Selected BankNifty monthly expiry: 2026-10-27
2026-09-29 15:25:16,284  [INFO]  Using BANKNIFTY futures symbol for candle data: BANKNIFTY26SEPFUT (groww_symbol=NSE-BANKNIFTY-29Sep26-FUT)
2026-09-29 15:25:16,285  [INFO]  Strategy started.  Underlying: BANKNIFTY  Monthly expiry: 2026-10-27  Supertrend(20, 1.8)  Exit threshold: ±111 pts  Entry window: 09:23–15:05  Force-close: 15:08
2026-09-29 15:25:16,285  [INFO]  [2026-09-29 15:25:16] SQUARE-OFF TIME — no open positions.
2026-09-29 15:25:16,285  [INFO]  Session ended. Exiting strategy.
2026-09-29 15:25:18,586  [INFO]  Logging to console and to file: logs\strategy_2026-09-29.log
2026-09-29 15:25:18,587  [INFO]  Found cached Groww access token for today. Verifying token...
2026-09-29 15:25:18,786  [INFO]  Cached Groww access token verified successfully. Skipping auth endpoint.
2026-09-29 15:25:20,565  [INFO]  Selected BankNifty monthly expiry: 2026-10-27
2026-09-29 15:25:20,661  [INFO]  Using BANKNIFTY futures symbol for candle data: BANKNIFTY26SEPFUT (groww_symbol=NSE-BANKNIFTY-29Sep26-FUT)
2026-09-29 15:25:20,661  [INFO]  Strategy started.  Underlying: BANKNIFTY  Monthly expiry: 2026-10-27  Supertrend(20, 1.8)  Exit threshold: ±111 pts  Entry window: 09:23–15:05  Force-close: 15:08
2026-09-29 15:25:20,661  [INFO]  [2026-09-29 15:25:20] SQUARE-OFF TIME — no open positions.
2026-09-29 15:25:20,661  [INFO]  Session ended. Exiting strategy.
2026-09-29 15:25:22,762  [INFO]  Logging to console and to file: logs\strategy_2026-09-29.log
2026-09-29 15:25:22,763  [INFO]  Found cached Groww access token for today. Verifying token...
2026-09-29 15:25:22,963  [INFO]  Cached Groww access token verified successfully. Skipping auth endpoint.
2026-09-29 15:25:24,671  [INFO]  Selected BankNifty monthly expiry: 2026-10-27
2026-09-29 15:25:24,771  [INFO]  Using BANKNIFTY futures symbol for candle data: BANKNIFTY26SEPFUT (groww_symbol=NSE-BANKNIFTY-29Sep26-FUT)
2026-09-29 15:25:24,771  [INFO]  Strategy started.  Underlying: BANKNIFTY  Monthly expiry: 2026-10-27  Supertrend(20, 1.8)  Exit threshold: ±111 pts  Entry window: 09:23–15:05  Force-close: 15:08
2026-09-29 15:25:24,771  [INFO]  [2026-09-29 15:25:24] SQUARE-OFF TIME — no open positions.
2026-09-29 15:25:24,771  [INFO]  Session ended. Exiting strategy.
2026-09-29 15:25:26,923  [INFO]  Logging to console and to file: logs\strategy_2026-09-29.log
2026-09-29 15:25:26,924  [INFO]  Found cached Groww access token for today. Verifying token...
2026-09-29 15:25:27,102  [INFO]  Cached Groww access token verified successfully. Skipping auth endpoint.
2026-09-29 15:25:28,776  [INFO]  Selected BankNifty monthly expiry: 2026-10-27
2026-09-29 15:25:28,895  [INFO]  Using BANKNIFTY futures symbol for candle data: BANKNIFTY26SEPFUT (groww_symbol=NSE-BANKNIFTY-29Sep26-FUT)
2026-09-29 15:25:28,895  [INFO]  Strategy started.  Underlying: BANKNIFTY  Monthly expiry: 2026-10-27  Supertrend(20, 1.8)  Exit threshold: ±111 pts  Entry window: 09:23–15:05  Force-close: 15:08
2026-09-29 15:25:28,895  [INFO]  [2026-09-29 15:25:28] SQUARE-OFF TIME — no open positions.
2026-09-29 15:25:28,895  [INFO]  Session ended. Exiting strategy.
2026-09-29 15:25:30,848  [INFO]  Logging to console and to file: logs\strategy_2026-09-29.log
2026-09-29 15:25:30,849  [INFO]  Found cached Groww access token for today. Verifying token...
2026-09-29 15:25:31,041  [INFO]  Cached Groww access token verified successfully. Skipping auth endpoint.
2026-09-29 15:25:32,745  [INFO]  Selected BankNifty monthly expiry: 2026-10-27
2026-09-29 15:25:32,858  [INFO]  Using BANKNIFTY futures symbol for candle data: BANKNIFTY26SEPFUT (groww_symbol=NSE-BANKNIFTY-29Sep26-FUT)
2026-09-29 15:25:32,858  [INFO]  Strategy started.  Underlying: BANKNIFTY  Monthly expiry: 2026-10-27  Supertrend(20, 1.8)  Exit threshold: ±111 pts  Entry window: 09:23–15:05  Force-close: 15:08
2026-09-29 15:25:32,858  [INFO]  [2026-09-29 15:25:32] SQUARE-OFF TIME — no open positions.
2026-09-29 15:25:32,858  [INFO]  Session ended. Exiting strategy.
2026-09-29 15:25:34,900  [INFO]  Logging to console and to file: logs\strategy_2026-09-29.log
2026-09-29 15:25:34,901  [INFO]  Found cached Groww access token for today. Verifying token...
2026-09-29 15:25:35,093  [INFO]  Cached Groww access token verified successfully. Skipping auth endpoint.
2026-09-29 15:25:36,683  [INFO]  Selected BankNifty monthly expiry: 2026-10-27
2026-09-29 15:25:36,784  [INFO]  Using BANKNIFTY futures symbol for candle data: BANKNIFTY26SEPFUT (groww_symbol=NSE-BANKNIFTY-29Sep26-FUT)
2026-09-29 15:25:36,784  [INFO]  Strategy started.  Underlying: BANKNIFTY  Monthly expiry: 2026-10-27  Supertrend(20, 1.8)  Exit threshold: ±111 pts  Entry window: 09:23–15:05  Force-close: 15:08
2026-09-29 15:25:36,784  [INFO]  [2026-09-29 15:25:36] SQUARE-OFF TIME — no open positions.
2026-09-29 15:25:36,785  [INFO]  Session ended. Exiting strategy.
2026-09-29 15:25:38,909  [INFO]  Logging to console and to file: logs\strategy_2026-09-29.log
2026-09-29 15:25:38,910  [INFO]  Found cached Groww access token for today. Verifying token...
2026-09-29 15:25:39,093  [INFO]  Cached Groww access token verified successfully. Skipping auth endpoint.
2026-09-29 15:25:40,823  [INFO]  Selected BankNifty monthly expiry: 2026-10-27
2026-09-29 15:25:40,919  [INFO]  Using BANKNIFTY futures symbol for candle data: BANKNIFTY26SEPFUT (groww_symbol=NSE-BANKNIFTY-29Sep26-FUT)
2026-09-29 15:25:40,920  [INFO]  Strategy started.  Underlying: BANKNIFTY  Monthly expiry: 2026-10-27  Supertrend(20, 1.8)  Exit threshold: ±111 pts  Entry window: 09:23–15:05  Force-close: 15:08
2026-09-29 15:25:40,920  [INFO]  [2026-09-29 15:25:40] SQUARE-OFF TIME — no open positions.
2026-09-29 15:25:40,920  [INFO]  Session ended. Exiting strategy.
2026-09-29 15:25:43,089  [INFO]  Logging to console and to file: logs\strategy_2026-09-29.log
2026-09-29 15:25:43,090  [INFO]  Found cached Groww access token for today. Verifying token...
2026-09-29 15:25:43,284  [INFO]  Cached Groww access token verified successfully. Skipping auth endpoint.
2026-09-29 15:25:44,982  [INFO]  Selected BankNifty monthly expiry: 2026-10-27
2026-09-29 15:25:45,124  [INFO]  Using BANKNIFTY futures symbol for candle data: BANKNIFTY26SEPFUT (groww_symbol=NSE-BANKNIFTY-29Sep26-FUT)
2026-09-29 15:25:45,124  [INFO]  Strategy started.  Underlying: BANKNIFTY  Monthly expiry: 2026-10-27  Supertrend(20, 1.8)  Exit threshold: ±111 pts  Entry window: 09:23–15:05  Force-close: 15:08
2026-09-29 15:25:45,125  [INFO]  [2026-09-29 15:25:45] SQUARE-OFF TIME — no open positions.
2026-09-29 15:25:45,125  [INFO]  Session ended. Exiting strategy.
2026-09-29 15:25:47,242  [INFO]  Logging to console and to file: logs\strategy_2026-09-29.log
2026-09-29 15:25:47,243  [INFO]  Found cached Groww access token for today. Verifying token...
2026-09-29 15:25:47,425  [INFO]  Cached Groww access token verified successfully. Skipping auth endpoint.
2026-09-29 15:25:49,205  [INFO]  Selected BankNifty monthly expiry: 2026-10-27
2026-09-29 15:25:49,318  [INFO]  Using BANKNIFTY futures symbol for candle data: BANKNIFTY26SEPFUT (groww_symbol=NSE-BANKNIFTY-29Sep26-FUT)
2026-09-29 15:25:49,318  [INFO]  Strategy started.  Underlying: BANKNIFTY  Monthly expiry: 2026-10-27  Supertrend(20, 1.8)  Exit threshold: ±111 pts  Entry window: 09:23–15:05  Force-close: 15:08
2026-09-29 15:25:49,318  [INFO]  [2026-09-29 15:25:49] SQUARE-OFF TIME — no open positions.
2026-09-29 15:25:49,318  [INFO]  Session ended. Exiting strategy.
2026-09-29 15:25:51,506  [INFO]  Logging to console and to file: logs\strategy_2026-09-29.log
2026-09-29 15:25:51,507  [INFO]  Found cached Groww access token for today. Verifying token...
2026-09-29 15:25:51,685  [INFO]  Cached Groww access token verified successfully. Skipping auth endpoint.
2026-09-29 15:25:53,304  [INFO]  Selected BankNifty monthly expiry: 2026-10-27
2026-09-29 15:25:53,417  [INFO]  Using BANKNIFTY futures symbol for candle data: BANKNIFTY26SEPFUT (groww_symbol=NSE-BANKNIFTY-29Sep26-FUT)
2026-09-29 15:25:53,417  [INFO]  Strategy started.  Underlying: BANKNIFTY  Monthly expiry: 2026-10-27  Supertrend(20, 1.8)  Exit threshold: ±111 pts  Entry window: 09:23–15:05  Force-close: 15:08
2026-09-29 15:25:53,418  [INFO]  [2026-09-29 15:25:53] SQUARE-OFF TIME — no open positions.
2026-09-29 15:25:53,418  [INFO]  Session ended. Exiting strategy.
2026-09-29 15:25:55,458  [INFO]  Logging to console and to file: logs\strategy_2026-09-29.log
2026-09-29 15:25:55,459  [INFO]  Found cached Groww access token for today. Verifying token...
2026-09-29 15:25:55,650  [INFO]  Cached Groww access token verified successfully. Skipping auth endpoint.
2026-09-29 15:25:57,701  [INFO]  Selected BankNifty monthly expiry: 2026-10-27
2026-09-29 15:25:57,817  [INFO]  Using BANKNIFTY futures symbol for candle data: BANKNIFTY26SEPFUT (groww_symbol=NSE-BANKNIFTY-29Sep26-FUT)
2026-09-29 15:25:57,817  [INFO]  Strategy started.  Underlying: BANKNIFTY  Monthly expiry: 2026-10-27  Supertrend(20, 1.8)  Exit threshold: ±111 pts  Entry window: 09:23–15:05  Force-close: 15:08
2026-09-29 15:25:57,817  [INFO]  [2026-09-29 15:25:57] SQUARE-OFF TIME — no open positions.
2026-09-29 15:25:57,817  [INFO]  Session ended. Exiting strategy.
2026-09-29 15:25:59,969  [INFO]  Logging to console and to file: logs\strategy_2026-09-29.log
2026-09-29 15:25:59,969  [INFO]  Found cached Groww access token for today. Verifying token...
2026-09-29 15:26:00,176  [INFO]  Cached Groww access token verified successfully. Skipping auth endpoint.
2026-09-29 15:26:01,917  [INFO]  Selected BankNifty monthly expiry: 2026-10-27
2026-09-29 15:26:02,017  [INFO]  Using BANKNIFTY futures symbol for candle data: BANKNIFTY26SEPFUT (groww_symbol=NSE-BANKNIFTY-29Sep26-FUT)
2026-09-29 15:26:02,018  [INFO]  Strategy started.  Underlying: BANKNIFTY  Monthly expiry: 2026-10-27  Supertrend(20, 1.8)  Exit threshold: ±111 pts  Entry window: 09:23–15:05  Force-close: 15:08
2026-09-29 15:26:02,018  [INFO]  [2026-09-29 15:26:02] SQUARE-OFF TIME — no open positions.
2026-09-29 15:26:02,018  [INFO]  Session ended. Exiting strategy.
2026-09-29 15:26:04,215  [INFO]  Logging to console and to file: logs\strategy_2026-09-29.log
2026-09-29 15:26:04,216  [INFO]  Found cached Groww access token for today. Verifying token...
2026-09-29 15:26:04,413  [INFO]  Cached Groww access token verified successfully. Skipping auth endpoint.
2026-09-29 15:26:06,306  [INFO]  Selected BankNifty monthly expiry: 2026-10-27
2026-09-29 15:26:06,404  [INFO]  Using BANKNIFTY futures symbol for candle data: BANKNIFTY26SEPFUT (groww_symbol=NSE-BANKNIFTY-29Sep26-FUT)
2026-09-29 15:26:06,404  [INFO]  Strategy started.  Underlying: BANKNIFTY  Monthly expiry: 2026-10-27  Supertrend(20, 1.8)  Exit threshold: ±111 pts  Entry window: 09:23–15:05  Force-close: 15:08
2026-09-29 15:26:06,405  [INFO]  [2026-09-29 15:26:06] SQUARE-OFF TIME — no open positions.
2026-09-29 15:26:06,405  [INFO]  Session ended. Exiting strategy.
2026-09-29 15:26:08,536  [INFO]  Logging to console and to file: logs\strategy_2026-09-29.log
2026-09-29 15:26:08,537  [INFO]  Found cached Groww access token for today. Verifying token...
2026-09-29 15:26:08,752  [INFO]  Cached Groww access token verified successfully. Skipping auth endpoint.
2026-09-29 15:26:10,292  [INFO]  Selected BankNifty monthly expiry: 2026-10-27
2026-09-29 15:26:10,396  [INFO]  Using BANKNIFTY futures symbol for candle data: BANKNIFTY26SEPFUT (groww_symbol=NSE-BANKNIFTY-29Sep26-FUT)
2026-09-29 15:26:10,396  [INFO]  Strategy started.  Underlying: BANKNIFTY  Monthly expiry: 2026-10-27  Supertrend(20, 1.8)  Exit threshold: ±111 pts  Entry window: 09:23–15:05  Force-close: 15:08
2026-09-29 15:26:10,397  [INFO]  [2026-09-29 15:26:10] SQUARE-OFF TIME — no open positions.
2026-09-29 15:26:10,397  [INFO]  Session ended. Exiting strategy.
2026-09-29 15:26:12,532  [INFO]  Logging to console and to file: logs\strategy_2026-09-29.log
2026-09-29 15:26:12,533  [INFO]  Found cached Groww access token for today. Verifying token...
2026-09-29 15:26:12,730  [INFO]  Cached Groww access token verified successfully. Skipping auth endpoint.
2026-09-29 15:26:14,245  [INFO]  Selected BankNifty monthly expiry: 2026-10-27
2026-09-29 15:26:14,356  [INFO]  Using BANKNIFTY futures symbol for candle data: BANKNIFTY26SEPFUT (groww_symbol=NSE-BANKNIFTY-29Sep26-FUT)
2026-09-29 15:26:14,357  [INFO]  Strategy started.  Underlying: BANKNIFTY  Monthly expiry: 2026-10-27  Supertrend(20, 1.8)  Exit threshold: ±111 pts  Entry window: 09:23–15:05  Force-close: 15:08
2026-09-29 15:26:14,357  [INFO]  [2026-09-29 15:26:14] SQUARE-OFF TIME — no open positions.
2026-09-29 15:26:14,357  [INFO]  Session ended. Exiting strategy.
2026-09-29 15:26:16,445  [INFO]  Logging to console and to file: logs\strategy_2026-09-29.log
2026-09-29 15:26:16,446  [INFO]  Found cached Groww access token for today. Verifying token...
2026-09-29 15:26:16,639  [INFO]  Cached Groww access token verified successfully. Skipping auth endpoint.
2026-09-29 15:26:18,229  [INFO]  Selected BankNifty monthly expiry: 2026-10-27
2026-09-29 15:26:18,337  [INFO]  Using BANKNIFTY futures symbol for candle data: BANKNIFTY26SEPFUT (groww_symbol=NSE-BANKNIFTY-29Sep26-FUT)
2026-09-29 15:26:18,338  [INFO]  Strategy started.  Underlying: BANKNIFTY  Monthly expiry: 2026-10-27  Supertrend(20, 1.8)  Exit threshold: ±111 pts  Entry window: 09:23–15:05  Force-close: 15:08
2026-09-29 15:26:18,338  [INFO]  [2026-09-29 15:26:18] SQUARE-OFF TIME — no open positions.
2026-09-29 15:26:18,338  [INFO]  Session ended. Exiting strategy.
2026-09-29 15:26:20,502  [INFO]  Logging to console and to file: logs\strategy_2026-09-29.log
2026-09-29 15:26:20,502  [INFO]  Found cached Groww access token for today. Verifying token...
2026-09-29 15:26:20,720  [INFO]  Cached Groww access token verified successfully. Skipping auth endpoint.
2026-09-29 15:26:22,475  [INFO]  Selected BankNifty monthly expiry: 2026-10-27
2026-09-29 15:26:22,588  [INFO]  Using BANKNIFTY futures symbol for candle data: BANKNIFTY26SEPFUT (groww_symbol=NSE-BANKNIFTY-29Sep26-FUT)
2026-09-29 15:26:22,588  [INFO]  Strategy started.  Underlying: BANKNIFTY  Monthly expiry: 2026-10-27  Supertrend(20, 1.8)  Exit threshold: ±111 pts  Entry window: 09:23–15:05  Force-close: 15:08
2026-09-29 15:26:22,588  [INFO]  [2026-09-29 15:26:22] SQUARE-OFF TIME — no open positions.
2026-09-29 15:26:22,588  [INFO]  Session ended. Exiting strategy.
2026-09-29 15:26:24,604  [INFO]  Logging to console and to file: logs\strategy_2026-09-29.log
2026-09-29 15:26:24,605  [INFO]  Found cached Groww access token for today. Verifying token...
2026-09-29 15:26:24,808  [INFO]  Cached Groww access token verified successfully. Skipping auth endpoint.
2026-09-29 15:26:26,319  [INFO]  Selected BankNifty monthly expiry: 2026-10-27
2026-09-29 15:26:26,416  [INFO]  Using BANKNIFTY futures symbol for candle data: BANKNIFTY26SEPFUT (groww_symbol=NSE-BANKNIFTY-29Sep26-FUT)
2026-09-29 15:26:26,416  [INFO]  Strategy started.  Underlying: BANKNIFTY  Monthly expiry: 2026-10-27  Supertrend(20, 1.8)  Exit threshold: ±111 pts  Entry window: 09:23–15:05  Force-close: 15:08
2026-09-29 15:26:26,416  [INFO]  [2026-09-29 15:26:26] SQUARE-OFF TIME — no open positions.
2026-09-29 15:26:26,417  [INFO]  Session ended. Exiting strategy.
2026-09-29 15:26:28,381  [INFO]  Logging to console and to file: logs\strategy_2026-09-29.log
2026-09-29 15:26:28,382  [INFO]  Found cached Groww access token for today. Verifying token...
2026-09-29 15:26:28,584  [INFO]  Cached Groww access token verified successfully. Skipping auth endpoint.
2026-09-29 15:26:30,133  [INFO]  Selected BankNifty monthly expiry: 2026-10-27
2026-09-29 15:26:30,232  [INFO]  Using BANKNIFTY futures symbol for candle data: BANKNIFTY26SEPFUT (groww_symbol=NSE-BANKNIFTY-29Sep26-FUT)
2026-09-29 15:26:30,233  [INFO]  Strategy started.  Underlying: BANKNIFTY  Monthly expiry: 2026-10-27  Supertrend(20, 1.8)  Exit threshold: ±111 pts  Entry window: 09:23–15:05  Force-close: 15:08
2026-09-29 15:26:30,233  [INFO]  [2026-09-29 15:26:30] SQUARE-OFF TIME — no open positions.
2026-09-29 15:26:30,233  [INFO]  Session ended. Exiting strategy.
2026-09-29 15:26:32,288  [INFO]  Logging to console and to file: logs\strategy_2026-09-29.log
2026-09-29 15:26:32,289  [INFO]  Found cached Groww access token for today. Verifying token...
2026-09-29 15:26:32,498  [INFO]  Cached Groww access token verified successfully. Skipping auth endpoint.
2026-09-29 15:26:34,138  [INFO]  Selected BankNifty monthly expiry: 2026-10-27
2026-09-29 15:26:34,234  [INFO]  Using BANKNIFTY futures symbol for candle data: BANKNIFTY26SEPFUT (groww_symbol=NSE-BANKNIFTY-29Sep26-FUT)
2026-09-29 15:26:34,234  [INFO]  Strategy started.  Underlying: BANKNIFTY  Monthly expiry: 2026-10-27  Supertrend(20, 1.8)  Exit threshold: ±111 pts  Entry window: 09:23–15:05  Force-close: 15:08
2026-09-29 15:26:34,235  [INFO]  [2026-09-29 15:26:34] SQUARE-OFF TIME — no open positions.
2026-09-29 15:26:34,235  [INFO]  Session ended. Exiting strategy.
2026-09-29 15:26:36,333  [INFO]  Logging to console and to file: logs\strategy_2026-09-29.log
2026-09-29 15:26:36,334  [INFO]  Found cached Groww access token for today. Verifying token...
2026-09-29 15:26:36,520  [INFO]  Cached Groww access token verified successfully. Skipping auth endpoint.
2026-09-29 15:26:38,235  [INFO]  Selected BankNifty monthly expiry: 2026-10-27
2026-09-29 15:26:38,332  [INFO]  Using BANKNIFTY futures symbol for candle data: BANKNIFTY26SEPFUT (groww_symbol=NSE-BANKNIFTY-29Sep26-FUT)
2026-09-29 15:26:38,332  [INFO]  Strategy started.  Underlying: BANKNIFTY  Monthly expiry: 2026-10-27  Supertrend(20, 1.8)  Exit threshold: ±111 pts  Entry window: 09:23–15:05  Force-close: 15:08
2026-09-29 15:26:38,332  [INFO]  [2026-09-29 15:26:38] SQUARE-OFF TIME — no open positions.
2026-09-29 15:26:38,332  [INFO]  Session ended. Exiting strategy.
2026-09-29 15:26:40,491  [INFO]  Logging to console and to file: logs\strategy_2026-09-29.log
2026-09-29 15:26:40,492  [INFO]  Found cached Groww access token for today. Verifying token...
2026-09-29 15:26:40,698  [INFO]  Cached Groww access token verified successfully. Skipping auth endpoint.
2026-09-29 15:26:42,312  [INFO]  Selected BankNifty monthly expiry: 2026-10-27
2026-09-29 15:26:42,410  [INFO]  Using BANKNIFTY futures symbol for candle data: BANKNIFTY26SEPFUT (groww_symbol=NSE-BANKNIFTY-29Sep26-FUT)
2026-09-29 15:26:42,410  [INFO]  Strategy started.  Underlying: BANKNIFTY  Monthly expiry: 2026-10-27  Supertrend(20, 1.8)  Exit threshold: ±111 pts  Entry window: 09:23–15:05  Force-close: 15:08
2026-09-29 15:26:42,410  [INFO]  [2026-09-29 15:26:42] SQUARE-OFF TIME — no open positions.
2026-09-29 15:26:42,410  [INFO]  Session ended. Exiting strategy.
2026-09-29 15:26:44,588  [INFO]  Logging to console and to file: logs\strategy_2026-09-29.log
2026-09-29 15:26:44,589  [INFO]  Found cached Groww access token for today. Verifying token...
2026-09-29 15:26:44,797  [INFO]  Cached Groww access token verified successfully. Skipping auth endpoint.
2026-09-29 15:26:46,801  [INFO]  Selected BankNifty monthly expiry: 2026-10-27
2026-09-29 15:26:46,923  [INFO]  Using BANKNIFTY futures symbol for candle data: BANKNIFTY26SEPFUT (groww_symbol=NSE-BANKNIFTY-29Sep26-FUT)
2026-09-29 15:26:46,923  [INFO]  Strategy started.  Underlying: BANKNIFTY  Monthly expiry: 2026-10-27  Supertrend(20, 1.8)  Exit threshold: ±111 pts  Entry window: 09:23–15:05  Force-close: 15:08
2026-09-29 15:26:46,923  [INFO]  [2026-09-29 15:26:46] SQUARE-OFF TIME — no open positions.
2026-09-29 15:26:46,923  [INFO]  Session ended. Exiting strategy.
2026-09-29 15:26:49,066  [INFO]  Logging to console and to file: logs\strategy_2026-09-29.log
2026-09-29 15:26:49,067  [INFO]  Found cached Groww access token for today. Verifying token...
2026-09-29 15:26:49,267  [INFO]  Cached Groww access token verified successfully. Skipping auth endpoint.
2026-09-29 15:26:50,988  [INFO]  Selected BankNifty monthly expiry: 2026-10-27
2026-09-29 15:26:51,083  [INFO]  Using BANKNIFTY futures symbol for candle data: BANKNIFTY26SEPFUT (groww_symbol=NSE-BANKNIFTY-29Sep26-FUT)
2026-09-29 15:26:51,084  [INFO]  Strategy started.  Underlying: BANKNIFTY  Monthly expiry: 2026-10-27  Supertrend(20, 1.8)  Exit threshold: ±111 pts  Entry window: 09:23–15:05  Force-close: 15:08
2026-09-29 15:26:51,084  [INFO]  [2026-09-29 15:26:51] SQUARE-OFF TIME — no open positions.
2026-09-29 15:26:51,084  [INFO]  Session ended. Exiting strategy.
2026-09-29 15:26:53,162  [INFO]  Logging to console and to file: logs\strategy_2026-09-29.log
2026-09-29 15:26:53,162  [INFO]  Found cached Groww access token for today. Verifying token...
2026-09-29 15:26:53,372  [INFO]  Cached Groww access token verified successfully. Skipping auth endpoint.
2026-09-29 15:26:55,111  [INFO]  Selected BankNifty monthly expiry: 2026-10-27
2026-09-29 15:26:55,207  [INFO]  Using BANKNIFTY futures symbol for candle data: BANKNIFTY26SEPFUT (groww_symbol=NSE-BANKNIFTY-29Sep26-FUT)
2026-09-29 15:26:55,207  [INFO]  Strategy started.  Underlying: BANKNIFTY  Monthly expiry: 2026-10-27  Supertrend(20, 1.8)  Exit threshold: ±111 pts  Entry window: 09:23–15:05  Force-close: 15:08
2026-09-29 15:26:55,207  [INFO]  [2026-09-29 15:26:55] SQUARE-OFF TIME — no open positions.
2026-09-29 15:26:55,207  [INFO]  Session ended. Exiting strategy.
2026-09-29 15:26:57,338  [INFO]  Logging to console and to file: logs\strategy_2026-09-29.log
2026-09-29 15:26:57,339  [INFO]  Found cached Groww access token for today. Verifying token...
2026-09-29 15:26:57,539  [INFO]  Cached Groww access token verified successfully. Skipping auth endpoint.
2026-09-29 15:26:59,487  [INFO]  Selected BankNifty monthly expiry: 2026-10-27
2026-09-29 15:26:59,600  [INFO]  Using BANKNIFTY futures symbol for candle data: BANKNIFTY26SEPFUT (groww_symbol=NSE-BANKNIFTY-29Sep26-FUT)
2026-09-29 15:26:59,600  [INFO]  Strategy started.  Underlying: BANKNIFTY  Monthly expiry: 2026-10-27  Supertrend(20, 1.8)  Exit threshold: ±111 pts  Entry window: 09:23–15:05  Force-close: 15:08
2026-09-29 15:26:59,600  [INFO]  [2026-09-29 15:26:59] SQUARE-OFF TIME — no open positions.
2026-09-29 15:26:59,600  [INFO]  Session ended. Exiting strategy.
2026-09-29 15:27:02,029  [INFO]  Logging to console and to file: logs\strategy_2026-09-29.log
2026-09-29 15:27:02,030  [INFO]  Found cached Groww access token for today. Verifying token...
2026-09-29 15:27:02,232  [INFO]  Cached Groww access token verified successfully. Skipping auth endpoint.
2026-09-29 15:27:04,402  [INFO]  Selected BankNifty monthly expiry: 2026-10-27
2026-09-29 15:27:04,515  [INFO]  Using BANKNIFTY futures symbol for candle data: BANKNIFTY26SEPFUT (groww_symbol=NSE-BANKNIFTY-29Sep26-FUT)
2026-09-29 15:27:04,516  [INFO]  Strategy started.  Underlying: BANKNIFTY  Monthly expiry: 2026-10-27  Supertrend(20, 1.8)  Exit threshold: ±111 pts  Entry window: 09:23–15:05  Force-close: 15:08
2026-09-29 15:27:04,516  [INFO]  [2026-09-29 15:27:04] SQUARE-OFF TIME — no open positions.
2026-09-29 15:27:04,516  [INFO]  Session ended. Exiting strategy.
2026-09-29 15:27:06,849  [INFO]  Logging to console and to file: logs\strategy_2026-09-29.log
2026-09-29 15:27:06,850  [INFO]  Found cached Groww access token for today. Verifying token...
2026-09-29 15:27:07,049  [INFO]  Cached Groww access token verified successfully. Skipping auth endpoint.
2026-09-29 15:27:08,701  [INFO]  Selected BankNifty monthly expiry: 2026-10-27
2026-09-29 15:27:08,803  [INFO]  Using BANKNIFTY futures symbol for candle data: BANKNIFTY26SEPFUT (groww_symbol=NSE-BANKNIFTY-29Sep26-FUT)
2026-09-29 15:27:08,803  [INFO]  Strategy started.  Underlying: BANKNIFTY  Monthly expiry: 2026-10-27  Supertrend(20, 1.8)  Exit threshold: ±111 pts  Entry window: 09:23–15:05  Force-close: 15:08
2026-09-29 15:27:08,804  [INFO]  [2026-09-29 15:27:08] SQUARE-OFF TIME — no open positions.
2026-09-29 15:27:08,804  [INFO]  Session ended. Exiting strategy.
2026-09-29 15:27:10,856  [INFO]  Logging to console and to file: logs\strategy_2026-09-29.log
2026-09-29 15:27:10,856  [INFO]  Found cached Groww access token for today. Verifying token...
2026-09-29 15:27:11,058  [INFO]  Cached Groww access token verified successfully. Skipping auth endpoint.
2026-09-29 15:27:12,834  [INFO]  Selected BankNifty monthly expiry: 2026-10-27
2026-09-29 15:27:12,930  [INFO]  Using BANKNIFTY futures symbol for candle data: BANKNIFTY26SEPFUT (groww_symbol=NSE-BANKNIFTY-29Sep26-FUT)
2026-09-29 15:27:12,930  [INFO]  Strategy started.  Underlying: BANKNIFTY  Monthly expiry: 2026-10-27  Supertrend(20, 1.8)  Exit threshold: ±111 pts  Entry window: 09:23–15:05  Force-close: 15:08
2026-09-29 15:27:12,930  [INFO]  [2026-09-29 15:27:12] SQUARE-OFF TIME — no open positions.
2026-09-29 15:27:12,930  [INFO]  Session ended. Exiting strategy.
2026-09-29 15:27:15,072  [INFO]  Logging to console and to file: logs\strategy_2026-09-29.log
2026-09-29 15:27:15,073  [INFO]  Found cached Groww access token for today. Verifying token...
2026-09-29 15:27:15,299  [INFO]  Cached Groww access token verified successfully. Skipping auth endpoint.
2026-09-29 15:27:17,095  [INFO]  Selected BankNifty monthly expiry: 2026-10-27
2026-09-29 15:27:17,192  [INFO]  Using BANKNIFTY futures symbol for candle data: BANKNIFTY26SEPFUT (groww_symbol=NSE-BANKNIFTY-29Sep26-FUT)
2026-09-29 15:27:17,193  [INFO]  Strategy started.  Underlying: BANKNIFTY  Monthly expiry: 2026-10-27  Supertrend(20, 1.8)  Exit threshold: ±111 pts  Entry window: 09:23–15:05  Force-close: 15:08
2026-09-29 15:27:17,193  [INFO]  [2026-09-29 15:27:17] SQUARE-OFF TIME — no open positions.
2026-09-29 15:27:17,193  [INFO]  Session ended. Exiting strategy.
2026-09-29 15:27:19,342  [INFO]  Logging to console and to file: logs\strategy_2026-09-29.log
2026-09-29 15:27:19,343  [INFO]  Found cached Groww access token for today. Verifying token...
2026-09-29 15:27:19,535  [INFO]  Cached Groww access token verified successfully. Skipping auth endpoint.
2026-09-29 15:27:21,464  [INFO]  Selected BankNifty monthly expiry: 2026-10-27
2026-09-29 15:27:21,565  [INFO]  Using BANKNIFTY futures symbol for candle data: BANKNIFTY26SEPFUT (groww_symbol=NSE-BANKNIFTY-29Sep26-FUT)
2026-09-29 15:27:21,566  [INFO]  Strategy started.  Underlying: BANKNIFTY  Monthly expiry: 2026-10-27  Supertrend(20, 1.8)  Exit threshold: ±111 pts  Entry window: 09:23–15:05  Force-close: 15:08
2026-09-29 15:27:21,566  [INFO]  [2026-09-29 15:27:21] SQUARE-OFF TIME — no open positions.
2026-09-29 15:27:21,566  [INFO]  Session ended. Exiting strategy.
2026-09-29 15:27:23,661  [INFO]  Logging to console and to file: logs\strategy_2026-09-29.log
2026-09-29 15:27:23,662  [INFO]  Found cached Groww access token for today. Verifying token...
2026-09-29 15:27:23,845  [INFO]  Cached Groww access token verified successfully. Skipping auth endpoint.
2026-09-29 15:27:25,617  [INFO]  Selected BankNifty monthly expiry: 2026-10-27
2026-09-29 15:27:25,713  [INFO]  Using BANKNIFTY futures symbol for candle data: BANKNIFTY26SEPFUT (groww_symbol=NSE-BANKNIFTY-29Sep26-FUT)
2026-09-29 15:27:25,714  [INFO]  Strategy started.  Underlying: BANKNIFTY  Monthly expiry: 2026-10-27  Supertrend(20, 1.8)  Exit threshold: ±111 pts  Entry window: 09:23–15:05  Force-close: 15:08
2026-09-29 15:27:25,714  [INFO]  [2026-09-29 15:27:25] SQUARE-OFF TIME — no open positions.
2026-09-29 15:27:25,714  [INFO]  Session ended. Exiting strategy.
2026-09-29 15:27:27,810  [INFO]  Logging to console and to file: logs\strategy_2026-09-29.log
2026-09-29 15:27:27,811  [INFO]  Found cached Groww access token for today. Verifying token...
2026-09-29 15:27:28,012  [INFO]  Cached Groww access token verified successfully. Skipping auth endpoint.
2026-09-29 15:27:29,779  [INFO]  Selected BankNifty monthly expiry: 2026-10-27
2026-09-29 15:27:29,878  [INFO]  Using BANKNIFTY futures symbol for candle data: BANKNIFTY26SEPFUT (groww_symbol=NSE-BANKNIFTY-29Sep26-FUT)
2026-09-29 15:27:29,878  [INFO]  Strategy started.  Underlying: BANKNIFTY  Monthly expiry: 2026-10-27  Supertrend(20, 1.8)  Exit threshold: ±111 pts  Entry window: 09:23–15:05  Force-close: 15:08
2026-09-29 15:27:29,878  [INFO]  [2026-09-29 15:27:29] SQUARE-OFF TIME — no open positions.
2026-09-29 15:27:29,878  [INFO]  Session ended. Exiting strategy.
2026-09-29 15:27:32,115  [INFO]  Logging to console and to file: logs\strategy_2026-09-29.log
2026-09-29 15:27:32,116  [INFO]  Found cached Groww access token for today. Verifying token...
2026-09-29 15:27:32,326  [INFO]  Cached Groww access token verified successfully. Skipping auth endpoint.
2026-09-29 15:27:34,001  [INFO]  Selected BankNifty monthly expiry: 2026-10-27
2026-09-29 15:27:34,113  [INFO]  Using BANKNIFTY futures symbol for candle data: BANKNIFTY26SEPFUT (groww_symbol=NSE-BANKNIFTY-29Sep26-FUT)
2026-09-29 15:27:34,113  [INFO]  Strategy started.  Underlying: BANKNIFTY  Monthly expiry: 2026-10-27  Supertrend(20, 1.8)  Exit threshold: ±111 pts  Entry window: 09:23–15:05  Force-close: 15:08
2026-09-29 15:27:34,113  [INFO]  [2026-09-29 15:27:34] SQUARE-OFF TIME — no open positions.
2026-09-29 15:27:34,113  [INFO]  Session ended. Exiting strategy.
2026-09-29 15:27:36,245  [INFO]  Logging to console and to file: logs\strategy_2026-09-29.log
2026-09-29 15:27:36,246  [INFO]  Found cached Groww access token for today. Verifying token...
2026-09-29 15:27:36,451  [INFO]  Cached Groww access token verified successfully. Skipping auth endpoint.
2026-09-29 15:27:38,726  [INFO]  Selected BankNifty monthly expiry: 2026-10-27
2026-09-29 15:27:38,825  [INFO]  Using BANKNIFTY futures symbol for candle data: BANKNIFTY26SEPFUT (groww_symbol=NSE-BANKNIFTY-29Sep26-FUT)
2026-09-29 15:27:38,825  [INFO]  Strategy started.  Underlying: BANKNIFTY  Monthly expiry: 2026-10-27  Supertrend(20, 1.8)  Exit threshold: ±111 pts  Entry window: 09:23–15:05  Force-close: 15:08
2026-09-29 15:27:38,825  [INFO]  [2026-09-29 15:27:38] SQUARE-OFF TIME — no open positions.
2026-09-29 15:27:38,825  [INFO]  Session ended. Exiting strategy.
2026-09-29 15:27:40,868  [INFO]  Logging to console and to file: logs\strategy_2026-09-29.log
2026-09-29 15:27:40,871  [INFO]  Found cached Groww access token for today. Verifying token...
2026-09-29 15:27:41,073  [INFO]  Cached Groww access token verified successfully. Skipping auth endpoint.
2026-09-29 15:27:43,043  [INFO]  Selected BankNifty monthly expiry: 2026-10-27
2026-09-29 15:27:43,167  [INFO]  Using BANKNIFTY futures symbol for candle data: BANKNIFTY26SEPFUT (groww_symbol=NSE-BANKNIFTY-29Sep26-FUT)
2026-09-29 15:27:43,167  [INFO]  Strategy started.  Underlying: BANKNIFTY  Monthly expiry: 2026-10-27  Supertrend(20, 1.8)  Exit threshold: ±111 pts  Entry window: 09:23–15:05  Force-close: 15:08
2026-09-29 15:27:43,167  [INFO]  [2026-09-29 15:27:43] SQUARE-OFF TIME — no open positions.
2026-09-29 15:27:43,167  [INFO]  Session ended. Exiting strategy.
2026-09-29 15:27:45,294  [INFO]  Logging to console and to file: logs\strategy_2026-09-29.log
2026-09-29 15:27:45,295  [INFO]  Found cached Groww access token for today. Verifying token...
2026-09-29 15:27:45,489  [INFO]  Cached Groww access token verified successfully. Skipping auth endpoint.
2026-09-29 15:27:47,269  [INFO]  Selected BankNifty monthly expiry: 2026-10-27
2026-09-29 15:27:47,368  [INFO]  Using BANKNIFTY futures symbol for candle data: BANKNIFTY26SEPFUT (groww_symbol=NSE-BANKNIFTY-29Sep26-FUT)
2026-09-29 15:27:47,368  [INFO]  Strategy started.  Underlying: BANKNIFTY  Monthly expiry: 2026-10-27  Supertrend(20, 1.8)  Exit threshold: ±111 pts  Entry window: 09:23–15:05  Force-close: 15:08
2026-09-29 15:27:47,368  [INFO]  [2026-09-29 15:27:47] SQUARE-OFF TIME — no open positions.
2026-09-29 15:27:47,368  [INFO]  Session ended. Exiting strategy.
2026-09-29 15:27:49,491  [INFO]  Logging to console and to file: logs\strategy_2026-09-29.log
2026-09-29 15:27:49,491  [INFO]  Found cached Groww access token for today. Verifying token...
2026-09-29 15:27:49,702  [INFO]  Cached Groww access token verified successfully. Skipping auth endpoint.
2026-09-29 15:27:51,603  [INFO]  Selected BankNifty monthly expiry: 2026-10-27
2026-09-29 15:27:51,729  [INFO]  Using BANKNIFTY futures symbol for candle data: BANKNIFTY26SEPFUT (groww_symbol=NSE-BANKNIFTY-29Sep26-FUT)
2026-09-29 15:27:51,729  [INFO]  Strategy started.  Underlying: BANKNIFTY  Monthly expiry: 2026-10-27  Supertrend(20, 1.8)  Exit threshold: ±111 pts  Entry window: 09:23–15:05  Force-close: 15:08
2026-09-29 15:27:51,730  [INFO]  [2026-09-29 15:27:51] SQUARE-OFF TIME — no open positions.
2026-09-29 15:27:51,730  [INFO]  Session ended. Exiting strategy.
2026-09-29 15:27:53,764  [INFO]  Logging to console and to file: logs\strategy_2026-09-29.log
2026-09-29 15:27:53,765  [INFO]  Found cached Groww access token for today. Verifying token...
2026-09-29 15:27:53,953  [INFO]  Cached Groww access token verified successfully. Skipping auth endpoint.
2026-09-29 15:27:55,884  [INFO]  Selected BankNifty monthly expiry: 2026-10-27
2026-09-29 15:27:55,986  [INFO]  Using BANKNIFTY futures symbol for candle data: BANKNIFTY26SEPFUT (groww_symbol=NSE-BANKNIFTY-29Sep26-FUT)
2026-09-29 15:27:55,987  [INFO]  Strategy started.  Underlying: BANKNIFTY  Monthly expiry: 2026-10-27  Supertrend(20, 1.8)  Exit threshold: ±111 pts  Entry window: 09:23–15:05  Force-close: 15:08
2026-09-29 15:27:55,987  [INFO]  [2026-09-29 15:27:55] SQUARE-OFF TIME — no open positions.
2026-09-29 15:27:55,987  [INFO]  Session ended. Exiting strategy.
2026-09-29 15:27:58,178  [INFO]  Logging to console and to file: logs\strategy_2026-09-29.log
2026-09-29 15:27:58,178  [INFO]  Found cached Groww access token for today. Verifying token...
2026-09-29 15:27:58,407  [INFO]  Cached Groww access token verified successfully. Skipping auth endpoint.
2026-09-29 15:28:00,102  [INFO]  Selected BankNifty monthly expiry: 2026-10-27
2026-09-29 15:28:00,198  [INFO]  Using BANKNIFTY futures symbol for candle data: BANKNIFTY26SEPFUT (groww_symbol=NSE-BANKNIFTY-29Sep26-FUT)
2026-09-29 15:28:00,199  [INFO]  Strategy started.  Underlying: BANKNIFTY  Monthly expiry: 2026-10-27  Supertrend(20, 1.8)  Exit threshold: ±111 pts  Entry window: 09:23–15:05  Force-close: 15:08
2026-09-29 15:28:00,199  [INFO]  [2026-09-29 15:28:00] SQUARE-OFF TIME — no open positions.
2026-09-29 15:28:00,199  [INFO]  Session ended. Exiting strategy.
2026-09-29 15:28:02,302  [INFO]  Logging to console and to file: logs\strategy_2026-09-29.log
2026-09-29 15:28:02,302  [INFO]  Found cached Groww access token for today. Verifying token...
2026-09-29 15:28:02,508  [INFO]  Cached Groww access token verified successfully. Skipping auth endpoint.
2026-09-29 15:28:04,461  [INFO]  Selected BankNifty monthly expiry: 2026-10-27
2026-09-29 15:28:04,558  [INFO]  Using BANKNIFTY futures symbol for candle data: BANKNIFTY26SEPFUT (groww_symbol=NSE-BANKNIFTY-29Sep26-FUT)
2026-09-29 15:28:04,559  [INFO]  Strategy started.  Underlying: BANKNIFTY  Monthly expiry: 2026-10-27  Supertrend(20, 1.8)  Exit threshold: ±111 pts  Entry window: 09:23–15:05  Force-close: 15:08
2026-09-29 15:28:04,559  [INFO]  [2026-09-29 15:28:04] SQUARE-OFF TIME — no open positions.
2026-09-29 15:28:04,559  [INFO]  Session ended. Exiting strategy.
2026-09-29 15:28:06,585  [INFO]  Logging to console and to file: logs\strategy_2026-09-29.log
2026-09-29 15:28:06,586  [INFO]  Found cached Groww access token for today. Verifying token...
2026-09-29 15:28:06,770  [INFO]  Cached Groww access token verified successfully. Skipping auth endpoint.
2026-09-29 15:28:08,551  [INFO]  Selected BankNifty monthly expiry: 2026-10-27
2026-09-29 15:28:08,646  [INFO]  Using BANKNIFTY futures symbol for candle data: BANKNIFTY26SEPFUT (groww_symbol=NSE-BANKNIFTY-29Sep26-FUT)
2026-09-29 15:28:08,646  [INFO]  Strategy started.  Underlying: BANKNIFTY  Monthly expiry: 2026-10-27  Supertrend(20, 1.8)  Exit threshold: ±111 pts  Entry window: 09:23–15:05  Force-close: 15:08
2026-09-29 15:28:08,647  [INFO]  [2026-09-29 15:28:08] SQUARE-OFF TIME — no open positions.
2026-09-29 15:28:08,647  [INFO]  Session ended. Exiting strategy.
2026-09-29 15:28:10,702  [INFO]  Logging to console and to file: logs\strategy_2026-09-29.log
2026-09-29 15:28:10,703  [INFO]  Found cached Groww access token for today. Verifying token...
2026-09-29 15:28:10,890  [INFO]  Cached Groww access token verified successfully. Skipping auth endpoint.
2026-09-29 15:28:12,539  [INFO]  Selected BankNifty monthly expiry: 2026-10-27
2026-09-29 15:28:12,637  [INFO]  Using BANKNIFTY futures symbol for candle data: BANKNIFTY26SEPFUT (groww_symbol=NSE-BANKNIFTY-29Sep26-FUT)
2026-09-29 15:28:12,637  [INFO]  Strategy started.  Underlying: BANKNIFTY  Monthly expiry: 2026-10-27  Supertrend(20, 1.8)  Exit threshold: ±111 pts  Entry window: 09:23–15:05  Force-close: 15:08
2026-09-29 15:28:12,637  [INFO]  [2026-09-29 15:28:12] SQUARE-OFF TIME — no open positions.
2026-09-29 15:28:12,637  [INFO]  Session ended. Exiting strategy.
2026-09-29 15:28:14,730  [INFO]  Logging to console and to file: logs\strategy_2026-09-29.log
2026-09-29 15:28:14,730  [INFO]  Found cached Groww access token for today. Verifying token...
2026-09-29 15:28:14,924  [INFO]  Cached Groww access token verified successfully. Skipping auth endpoint.
2026-09-29 15:28:16,627  [INFO]  Selected BankNifty monthly expiry: 2026-10-27
2026-09-29 15:28:16,766  [INFO]  Using BANKNIFTY futures symbol for candle data: BANKNIFTY26SEPFUT (groww_symbol=NSE-BANKNIFTY-29Sep26-FUT)
2026-09-29 15:28:16,766  [INFO]  Strategy started.  Underlying: BANKNIFTY  Monthly expiry: 2026-10-27  Supertrend(20, 1.8)  Exit threshold: ±111 pts  Entry window: 09:23–15:05  Force-close: 15:08
2026-09-29 15:28:16,766  [INFO]  [2026-09-29 15:28:16] SQUARE-OFF TIME — no open positions.
2026-09-29 15:28:16,766  [INFO]  Session ended. Exiting strategy.
2026-09-29 15:28:18,897  [INFO]  Logging to console and to file: logs\strategy_2026-09-29.log
2026-09-29 15:28:18,906  [INFO]  Found cached Groww access token for today. Verifying token...
2026-09-29 15:28:19,105  [INFO]  Cached Groww access token verified successfully. Skipping auth endpoint.
2026-09-29 15:28:20,898  [INFO]  Selected BankNifty monthly expiry: 2026-10-27
2026-09-29 15:28:20,998  [INFO]  Using BANKNIFTY futures symbol for candle data: BANKNIFTY26SEPFUT (groww_symbol=NSE-BANKNIFTY-29Sep26-FUT)
2026-09-29 15:28:20,998  [INFO]  Strategy started.  Underlying: BANKNIFTY  Monthly expiry: 2026-10-27  Supertrend(20, 1.8)  Exit threshold: ±111 pts  Entry window: 09:23–15:05  Force-close: 15:08
2026-09-29 15:28:20,998  [INFO]  [2026-09-29 15:28:20] SQUARE-OFF TIME — no open positions.
2026-09-29 15:28:20,998  [INFO]  Session ended. Exiting strategy.
2026-09-29 15:28:23,129  [INFO]  Logging to console and to file: logs\strategy_2026-09-29.log
2026-09-29 15:28:23,130  [INFO]  Found cached Groww access token for today. Verifying token...
2026-09-29 15:28:23,325  [INFO]  Cached Groww access token verified successfully. Skipping auth endpoint.
2026-09-29 15:28:25,278  [INFO]  Selected BankNifty monthly expiry: 2026-10-27
2026-09-29 15:28:25,376  [INFO]  Using BANKNIFTY futures symbol for candle data: BANKNIFTY26SEPFUT (groww_symbol=NSE-BANKNIFTY-29Sep26-FUT)
2026-09-29 15:28:25,376  [INFO]  Strategy started.  Underlying: BANKNIFTY  Monthly expiry: 2026-10-27  Supertrend(20, 1.8)  Exit threshold: ±111 pts  Entry window: 09:23–15:05  Force-close: 15:08
2026-09-29 15:28:25,376  [INFO]  [2026-09-29 15:28:25] SQUARE-OFF TIME — no open positions.
2026-09-29 15:28:25,376  [INFO]  Session ended. Exiting strategy.
2026-09-29 15:28:27,377  [INFO]  Logging to console and to file: logs\strategy_2026-09-29.log
2026-09-29 15:28:27,378  [INFO]  Found cached Groww access token for today. Verifying token...
2026-09-29 15:28:27,574  [INFO]  Cached Groww access token verified successfully. Skipping auth endpoint.
2026-09-29 15:28:29,436  [INFO]  Selected BankNifty monthly expiry: 2026-10-27
2026-09-29 15:28:29,534  [INFO]  Using BANKNIFTY futures symbol for candle data: BANKNIFTY26SEPFUT (groww_symbol=NSE-BANKNIFTY-29Sep26-FUT)
2026-09-29 15:28:29,534  [INFO]  Strategy started.  Underlying: BANKNIFTY  Monthly expiry: 2026-10-27  Supertrend(20, 1.8)  Exit threshold: ±111 pts  Entry window: 09:23–15:05  Force-close: 15:08
2026-09-29 15:28:29,534  [INFO]  [2026-09-29 15:28:29] SQUARE-OFF TIME — no open positions.
2026-09-29 15:28:29,534  [INFO]  Session ended. Exiting strategy.
2026-09-29 15:28:31,586  [INFO]  Logging to console and to file: logs\strategy_2026-09-29.log
2026-09-29 15:28:31,587  [INFO]  Found cached Groww access token for today. Verifying token...
2026-09-29 15:28:31,819  [INFO]  Cached Groww access token verified successfully. Skipping auth endpoint.
2026-09-29 15:28:34,037  [INFO]  Selected BankNifty monthly expiry: 2026-10-27
2026-09-29 15:28:34,177  [INFO]  Using BANKNIFTY futures symbol for candle data: BANKNIFTY26SEPFUT (groww_symbol=NSE-BANKNIFTY-29Sep26-FUT)
2026-09-29 15:28:34,177  [INFO]  Strategy started.  Underlying: BANKNIFTY  Monthly expiry: 2026-10-27  Supertrend(20, 1.8)  Exit threshold: ±111 pts  Entry window: 09:23–15:05  Force-close: 15:08
2026-09-29 15:28:34,178  [INFO]  [2026-09-29 15:28:34] SQUARE-OFF TIME — no open positions.
2026-09-29 15:28:34,178  [INFO]  Session ended. Exiting strategy.
2026-09-29 15:28:36,263  [INFO]  Logging to console and to file: logs\strategy_2026-09-29.log
2026-09-29 15:28:36,263  [INFO]  Found cached Groww access token for today. Verifying token...
2026-09-29 15:28:36,476  [INFO]  Cached Groww access token verified successfully. Skipping auth endpoint.
2026-09-29 15:28:38,184  [INFO]  Selected BankNifty monthly expiry: 2026-10-27
2026-09-29 15:28:38,280  [INFO]  Using BANKNIFTY futures symbol for candle data: BANKNIFTY26SEPFUT (groww_symbol=NSE-BANKNIFTY-29Sep26-FUT)
2026-09-29 15:28:38,280  [INFO]  Strategy started.  Underlying: BANKNIFTY  Monthly expiry: 2026-10-27  Supertrend(20, 1.8)  Exit threshold: ±111 pts  Entry window: 09:23–15:05  Force-close: 15:08
2026-09-29 15:28:38,281  [INFO]  [2026-09-29 15:28:38] SQUARE-OFF TIME — no open positions.
2026-09-29 15:28:38,281  [INFO]  Session ended. Exiting strategy.
2026-09-29 15:28:40,384  [INFO]  Logging to console and to file: logs\strategy_2026-09-29.log
2026-09-29 15:28:40,385  [INFO]  Found cached Groww access token for today. Verifying token...
2026-09-29 15:28:40,597  [INFO]  Cached Groww access token verified successfully. Skipping auth endpoint.
2026-09-29 15:28:42,399  [INFO]  Selected BankNifty monthly expiry: 2026-10-27
2026-09-29 15:28:42,499  [INFO]  Using BANKNIFTY futures symbol for candle data: BANKNIFTY26SEPFUT (groww_symbol=NSE-BANKNIFTY-29Sep26-FUT)
2026-09-29 15:28:42,500  [INFO]  Strategy started.  Underlying: BANKNIFTY  Monthly expiry: 2026-10-27  Supertrend(20, 1.8)  Exit threshold: ±111 pts  Entry window: 09:23–15:05  Force-close: 15:08
2026-09-29 15:28:42,500  [INFO]  [2026-09-29 15:28:42] SQUARE-OFF TIME — no open positions.
2026-09-29 15:28:42,500  [INFO]  Session ended. Exiting strategy.
2026-09-29 15:28:44,799  [INFO]  Logging to console and to file: logs\strategy_2026-09-29.log
2026-09-29 15:28:44,800  [INFO]  Found cached Groww access token for today. Verifying token...
2026-09-29 15:28:45,025  [INFO]  Cached Groww access token verified successfully. Skipping auth endpoint.
2026-09-29 15:28:46,741  [INFO]  Selected BankNifty monthly expiry: 2026-10-27
2026-09-29 15:28:46,862  [INFO]  Using BANKNIFTY futures symbol for candle data: BANKNIFTY26SEPFUT (groww_symbol=NSE-BANKNIFTY-29Sep26-FUT)
2026-09-29 15:28:46,862  [INFO]  Strategy started.  Underlying: BANKNIFTY  Monthly expiry: 2026-10-27  Supertrend(20, 1.8)  Exit threshold: ±111 pts  Entry window: 09:23–15:05  Force-close: 15:08
2026-09-29 15:28:46,863  [INFO]  [2026-09-29 15:28:46] SQUARE-OFF TIME — no open positions.
2026-09-29 15:28:46,863  [INFO]  Session ended. Exiting strategy.
2026-09-29 15:28:49,065  [INFO]  Logging to console and to file: logs\strategy_2026-09-29.log
2026-09-29 15:28:49,066  [INFO]  Found cached Groww access token for today. Verifying token...
2026-09-29 15:28:49,267  [INFO]  Cached Groww access token verified successfully. Skipping auth endpoint.
2026-09-29 15:28:50,976  [INFO]  Selected BankNifty monthly expiry: 2026-10-27
2026-09-29 15:28:51,079  [INFO]  Using BANKNIFTY futures symbol for candle data: BANKNIFTY26SEPFUT (groww_symbol=NSE-BANKNIFTY-29Sep26-FUT)
2026-09-29 15:28:51,079  [INFO]  Strategy started.  Underlying: BANKNIFTY  Monthly expiry: 2026-10-27  Supertrend(20, 1.8)  Exit threshold: ±111 pts  Entry window: 09:23–15:05  Force-close: 15:08
2026-09-29 15:28:51,080  [INFO]  [2026-09-29 15:28:51] SQUARE-OFF TIME — no open positions.
2026-09-29 15:28:51,080  [INFO]  Session ended. Exiting strategy.
2026-09-29 15:28:53,261  [INFO]  Logging to console and to file: logs\strategy_2026-09-29.log
2026-09-29 15:28:53,262  [INFO]  Found cached Groww access token for today. Verifying token...
2026-09-29 15:28:53,460  [INFO]  Cached Groww access token verified successfully. Skipping auth endpoint.
2026-09-29 15:28:55,157  [INFO]  Selected BankNifty monthly expiry: 2026-10-27
2026-09-29 15:28:55,276  [INFO]  Using BANKNIFTY futures symbol for candle data: BANKNIFTY26SEPFUT (groww_symbol=NSE-BANKNIFTY-29Sep26-FUT)
2026-09-29 15:28:55,277  [INFO]  Strategy started.  Underlying: BANKNIFTY  Monthly expiry: 2026-10-27  Supertrend(20, 1.8)  Exit threshold: ±111 pts  Entry window: 09:23–15:05  Force-close: 15:08
2026-09-29 15:28:55,277  [INFO]  [2026-09-29 15:28:55] SQUARE-OFF TIME — no open positions.
2026-09-29 15:28:55,277  [INFO]  Session ended. Exiting strategy.
2026-09-29 15:28:57,668  [INFO]  Logging to console and to file: logs\strategy_2026-09-29.log
2026-09-29 15:28:57,669  [INFO]  Found cached Groww access token for today. Verifying token...
2026-09-29 15:28:57,849  [INFO]  Cached Groww access token verified successfully. Skipping auth endpoint.
2026-09-29 15:28:59,535  [INFO]  Selected BankNifty monthly expiry: 2026-10-27
2026-09-29 15:28:59,632  [INFO]  Using BANKNIFTY futures symbol for candle data: BANKNIFTY26SEPFUT (groww_symbol=NSE-BANKNIFTY-29Sep26-FUT)
2026-09-29 15:28:59,632  [INFO]  Strategy started.  Underlying: BANKNIFTY  Monthly expiry: 2026-10-27  Supertrend(20, 1.8)  Exit threshold: ±111 pts  Entry window: 09:23–15:05  Force-close: 15:08
2026-09-29 15:28:59,632  [INFO]  [2026-09-29 15:28:59] SQUARE-OFF TIME — no open positions.
2026-09-29 15:28:59,632  [INFO]  Session ended. Exiting strategy.
2026-09-29 15:29:01,864  [INFO]  Logging to console and to file: logs\strategy_2026-09-29.log
2026-09-29 15:29:01,865  [INFO]  Found cached Groww access token for today. Verifying token...
2026-09-29 15:29:02,096  [INFO]  Cached Groww access token verified successfully. Skipping auth endpoint.
2026-09-29 15:29:03,713  [INFO]  Selected BankNifty monthly expiry: 2026-10-27
2026-09-29 15:29:03,812  [INFO]  Using BANKNIFTY futures symbol for candle data: BANKNIFTY26SEPFUT (groww_symbol=NSE-BANKNIFTY-29Sep26-FUT)
2026-09-29 15:29:03,812  [INFO]  Strategy started.  Underlying: BANKNIFTY  Monthly expiry: 2026-10-27  Supertrend(20, 1.8)  Exit threshold: ±111 pts  Entry window: 09:23–15:05  Force-close: 15:08
2026-09-29 15:29:03,813  [INFO]  [2026-09-29 15:29:03] SQUARE-OFF TIME — no open positions.
2026-09-29 15:29:03,813  [INFO]  Session ended. Exiting strategy.
2026-09-29 15:29:05,925  [INFO]  Logging to console and to file: logs\strategy_2026-09-29.log
2026-09-29 15:29:05,926  [INFO]  Found cached Groww access token for today. Verifying token...
2026-09-29 15:29:06,127  [INFO]  Cached Groww access token verified successfully. Skipping auth endpoint.
2026-09-29 15:29:07,790  [INFO]  Selected BankNifty monthly expiry: 2026-10-27
2026-09-29 15:29:07,886  [INFO]  Using BANKNIFTY futures symbol for candle data: BANKNIFTY26SEPFUT (groww_symbol=NSE-BANKNIFTY-29Sep26-FUT)
2026-09-29 15:29:07,886  [INFO]  Strategy started.  Underlying: BANKNIFTY  Monthly expiry: 2026-10-27  Supertrend(20, 1.8)  Exit threshold: ±111 pts  Entry window: 09:23–15:05  Force-close: 15:08
2026-09-29 15:29:07,886  [INFO]  [2026-09-29 15:29:07] SQUARE-OFF TIME — no open positions.
2026-09-29 15:29:07,886  [INFO]  Session ended. Exiting strategy.
2026-09-29 15:29:09,977  [INFO]  Logging to console and to file: logs\strategy_2026-09-29.log
2026-09-29 15:29:09,977  [INFO]  Found cached Groww access token for today. Verifying token...
2026-09-29 15:29:10,158  [INFO]  Cached Groww access token verified successfully. Skipping auth endpoint.
2026-09-29 15:29:11,856  [INFO]  Selected BankNifty monthly expiry: 2026-10-27
2026-09-29 15:29:11,959  [INFO]  Using BANKNIFTY futures symbol for candle data: BANKNIFTY26SEPFUT (groww_symbol=NSE-BANKNIFTY-29Sep26-FUT)
2026-09-29 15:29:11,959  [INFO]  Strategy started.  Underlying: BANKNIFTY  Monthly expiry: 2026-10-27  Supertrend(20, 1.8)  Exit threshold: ±111 pts  Entry window: 09:23–15:05  Force-close: 15:08
2026-09-29 15:29:11,959  [INFO]  [2026-09-29 15:29:11] SQUARE-OFF TIME — no open positions.
2026-09-29 15:29:11,960  [INFO]  Session ended. Exiting strategy.
2026-09-29 15:29:14,082  [INFO]  Logging to console and to file: logs\strategy_2026-09-29.log
2026-09-29 15:29:14,084  [INFO]  Found cached Groww access token for today. Verifying token...
2026-09-29 15:29:14,278  [INFO]  Cached Groww access token verified successfully. Skipping auth endpoint.
2026-09-29 15:29:15,882  [INFO]  Selected BankNifty monthly expiry: 2026-10-27
2026-09-29 15:29:15,988  [INFO]  Using BANKNIFTY futures symbol for candle data: BANKNIFTY26SEPFUT (groww_symbol=NSE-BANKNIFTY-29Sep26-FUT)
2026-09-29 15:29:15,988  [INFO]  Strategy started.  Underlying: BANKNIFTY  Monthly expiry: 2026-10-27  Supertrend(20, 1.8)  Exit threshold: ±111 pts  Entry window: 09:23–15:05  Force-close: 15:08
2026-09-29 15:29:15,988  [INFO]  [2026-09-29 15:29:15] SQUARE-OFF TIME — no open positions.
2026-09-29 15:29:15,989  [INFO]  Session ended. Exiting strategy.
2026-09-29 15:29:18,165  [INFO]  Logging to console and to file: logs\strategy_2026-09-29.log
2026-09-29 15:29:18,166  [INFO]  Found cached Groww access token for today. Verifying token...
2026-09-29 15:29:18,373  [INFO]  Cached Groww access token verified successfully. Skipping auth endpoint.
2026-09-29 15:29:19,927  [INFO]  Selected BankNifty monthly expiry: 2026-10-27
2026-09-29 15:29:20,037  [INFO]  Using BANKNIFTY futures symbol for candle data: BANKNIFTY26SEPFUT (groww_symbol=NSE-BANKNIFTY-29Sep26-FUT)
2026-09-29 15:29:20,037  [INFO]  Strategy started.  Underlying: BANKNIFTY  Monthly expiry: 2026-10-27  Supertrend(20, 1.8)  Exit threshold: ±111 pts  Entry window: 09:23–15:05  Force-close: 15:08
2026-09-29 15:29:20,037  [INFO]  [2026-09-29 15:29:20] SQUARE-OFF TIME — no open positions.
2026-09-29 15:29:20,037  [INFO]  Session ended. Exiting strategy.
2026-09-29 15:29:22,216  [INFO]  Logging to console and to file: logs\strategy_2026-09-29.log
2026-09-29 15:29:22,217  [INFO]  Found cached Groww access token for today. Verifying token...
2026-09-29 15:29:22,414  [INFO]  Cached Groww access token verified successfully. Skipping auth endpoint.
2026-09-29 15:29:24,035  [INFO]  Selected BankNifty monthly expiry: 2026-10-27
2026-09-29 15:29:24,137  [INFO]  Using BANKNIFTY futures symbol for candle data: BANKNIFTY26SEPFUT (groww_symbol=NSE-BANKNIFTY-29Sep26-FUT)
2026-09-29 15:29:24,138  [INFO]  Strategy started.  Underlying: BANKNIFTY  Monthly expiry: 2026-10-27  Supertrend(20, 1.8)  Exit threshold: ±111 pts  Entry window: 09:23–15:05  Force-close: 15:08
2026-09-29 15:29:24,138  [INFO]  [2026-09-29 15:29:24] SQUARE-OFF TIME — no open positions.
2026-09-29 15:29:24,138  [INFO]  Session ended. Exiting strategy.
2026-09-29 15:29:26,291  [INFO]  Logging to console and to file: logs\strategy_2026-09-29.log
2026-09-29 15:29:26,291  [INFO]  Found cached Groww access token for today. Verifying token...
2026-09-29 15:29:26,485  [INFO]  Cached Groww access token verified successfully. Skipping auth endpoint.
2026-09-29 15:29:28,178  [INFO]  Selected BankNifty monthly expiry: 2026-10-27
2026-09-29 15:29:28,276  [INFO]  Using BANKNIFTY futures symbol for candle data: BANKNIFTY26SEPFUT (groww_symbol=NSE-BANKNIFTY-29Sep26-FUT)
2026-09-29 15:29:28,277  [INFO]  Strategy started.  Underlying: BANKNIFTY  Monthly expiry: 2026-10-27  Supertrend(20, 1.8)  Exit threshold: ±111 pts  Entry window: 09:23–15:05  Force-close: 15:08
2026-09-29 15:29:28,277  [INFO]  [2026-09-29 15:29:28] SQUARE-OFF TIME — no open positions.
2026-09-29 15:29:28,277  [INFO]  Session ended. Exiting strategy.
2026-09-29 15:29:30,349  [INFO]  Logging to console and to file: logs\strategy_2026-09-29.log
2026-09-29 15:29:30,351  [INFO]  Found cached Groww access token for today. Verifying token...
2026-09-29 15:29:30,562  [INFO]  Cached Groww access token verified successfully. Skipping auth endpoint.
2026-09-29 15:29:32,271  [INFO]  Selected BankNifty monthly expiry: 2026-10-27
2026-09-29 15:29:32,368  [INFO]  Using BANKNIFTY futures symbol for candle data: BANKNIFTY26SEPFUT (groww_symbol=NSE-BANKNIFTY-29Sep26-FUT)
2026-09-29 15:29:32,368  [INFO]  Strategy started.  Underlying: BANKNIFTY  Monthly expiry: 2026-10-27  Supertrend(20, 1.8)  Exit threshold: ±111 pts  Entry window: 09:23–15:05  Force-close: 15:08
2026-09-29 15:29:32,368  [INFO]  [2026-09-29 15:29:32] SQUARE-OFF TIME — no open positions.
2026-09-29 15:29:32,368  [INFO]  Session ended. Exiting strategy.
2026-09-29 15:29:34,353  [INFO]  Logging to console and to file: logs\strategy_2026-09-29.log
2026-09-29 15:29:34,354  [INFO]  Found cached Groww access token for today. Verifying token...
2026-09-29 15:29:34,571  [INFO]  Cached Groww access token verified successfully. Skipping auth endpoint.
2026-09-29 15:29:36,223  [INFO]  Selected BankNifty monthly expiry: 2026-10-27
2026-09-29 15:29:36,338  [INFO]  Using BANKNIFTY futures symbol for candle data: BANKNIFTY26SEPFUT (groww_symbol=NSE-BANKNIFTY-29Sep26-FUT)
2026-09-29 15:29:36,338  [INFO]  Strategy started.  Underlying: BANKNIFTY  Monthly expiry: 2026-10-27  Supertrend(20, 1.8)  Exit threshold: ±111 pts  Entry window: 09:23–15:05  Force-close: 15:08
2026-09-29 15:29:36,338  [INFO]  [2026-09-29 15:29:36] SQUARE-OFF TIME — no open positions.
2026-09-29 15:29:36,338  [INFO]  Session ended. Exiting strategy.
2026-09-29 15:29:38,451  [INFO]  Logging to console and to file: logs\strategy_2026-09-29.log
2026-09-29 15:29:38,452  [INFO]  Found cached Groww access token for today. Verifying token...
2026-09-29 15:29:38,662  [INFO]  Cached Groww access token verified successfully. Skipping auth endpoint.
2026-09-29 15:29:40,678  [INFO]  Selected BankNifty monthly expiry: 2026-10-27
2026-09-29 15:29:40,775  [INFO]  Using BANKNIFTY futures symbol for candle data: BANKNIFTY26SEPFUT (groww_symbol=NSE-BANKNIFTY-29Sep26-FUT)
2026-09-29 15:29:40,776  [INFO]  Strategy started.  Underlying: BANKNIFTY  Monthly expiry: 2026-10-27  Supertrend(20, 1.8)  Exit threshold: ±111 pts  Entry window: 09:23–15:05  Force-close: 15:08
2026-09-29 15:29:40,776  [INFO]  [2026-09-29 15:29:40] SQUARE-OFF TIME — no open positions.
2026-09-29 15:29:40,776  [INFO]  Session ended. Exiting strategy.
2026-09-29 15:29:43,039  [INFO]  Logging to console and to file: logs\strategy_2026-09-29.log
2026-09-29 15:29:43,040  [INFO]  Found cached Groww access token for today. Verifying token...
2026-09-29 15:29:43,226  [INFO]  Cached Groww access token verified successfully. Skipping auth endpoint.
2026-09-29 15:29:45,009  [INFO]  Selected BankNifty monthly expiry: 2026-10-27
2026-09-29 15:29:45,129  [INFO]  Using BANKNIFTY futures symbol for candle data: BANKNIFTY26SEPFUT (groww_symbol=NSE-BANKNIFTY-29Sep26-FUT)
2026-09-29 15:29:45,129  [INFO]  Strategy started.  Underlying: BANKNIFTY  Monthly expiry: 2026-10-27  Supertrend(20, 1.8)  Exit threshold: ±111 pts  Entry window: 09:23–15:05  Force-close: 15:08
2026-09-29 15:29:45,129  [INFO]  [2026-09-29 15:29:45] SQUARE-OFF TIME — no open positions.
2026-09-29 15:29:45,129  [INFO]  Session ended. Exiting strategy.
2026-09-29 15:29:47,295  [INFO]  Logging to console and to file: logs\strategy_2026-09-29.log
2026-09-29 15:29:47,296  [INFO]  Found cached Groww access token for today. Verifying token...
2026-09-29 15:29:47,520  [INFO]  Cached Groww access token verified successfully. Skipping auth endpoint.
2026-09-29 15:29:49,563  [INFO]  Selected BankNifty monthly expiry: 2026-10-27
2026-09-29 15:29:49,695  [INFO]  Using BANKNIFTY futures symbol for candle data: BANKNIFTY26SEPFUT (groww_symbol=NSE-BANKNIFTY-29Sep26-FUT)
2026-09-29 15:29:49,695  [INFO]  Strategy started.  Underlying: BANKNIFTY  Monthly expiry: 2026-10-27  Supertrend(20, 1.8)  Exit threshold: ±111 pts  Entry window: 09:23–15:05  Force-close: 15:08
2026-09-29 15:29:49,696  [INFO]  [2026-09-29 15:29:49] SQUARE-OFF TIME — no open positions.
2026-09-29 15:29:49,696  [INFO]  Session ended. Exiting strategy.
2026-09-29 15:29:51,840  [INFO]  Logging to console and to file: logs\strategy_2026-09-29.log
2026-09-29 15:29:51,841  [INFO]  Found cached Groww access token for today. Verifying token...
2026-09-29 15:29:52,054  [INFO]  Cached Groww access token verified successfully. Skipping auth endpoint.
2026-09-29 15:29:54,250  [INFO]  Selected BankNifty monthly expiry: 2026-10-27
2026-09-29 15:29:54,347  [INFO]  Using BANKNIFTY futures symbol for candle data: BANKNIFTY26SEPFUT (groww_symbol=NSE-BANKNIFTY-29Sep26-FUT)
2026-09-29 15:29:54,347  [INFO]  Strategy started.  Underlying: BANKNIFTY  Monthly expiry: 2026-10-27  Supertrend(20, 1.8)  Exit threshold: ±111 pts  Entry window: 09:23–15:05  Force-close: 15:08
2026-09-29 15:29:54,348  [INFO]  [2026-09-29 15:29:54] SQUARE-OFF TIME — no open positions.
2026-09-29 15:29:54,348  [INFO]  Session ended. Exiting strategy.
2026-09-29 15:29:56,438  [INFO]  Logging to console and to file: logs\strategy_2026-09-29.log
2026-09-29 15:29:56,439  [INFO]  Found cached Groww access token for today. Verifying token...
2026-09-29 15:29:56,638  [INFO]  Cached Groww access token verified successfully. Skipping auth endpoint.
2026-09-29 15:29:58,216  [INFO]  Selected BankNifty monthly expiry: 2026-10-27
2026-09-29 15:29:58,315  [INFO]  Using BANKNIFTY futures symbol for candle data: BANKNIFTY26SEPFUT (groww_symbol=NSE-BANKNIFTY-29Sep26-FUT)
2026-09-29 15:29:58,315  [INFO]  Strategy started.  Underlying: BANKNIFTY  Monthly expiry: 2026-10-27  Supertrend(20, 1.8)  Exit threshold: ±111 pts  Entry window: 09:23–15:05  Force-close: 15:08
2026-09-29 15:29:58,316  [INFO]  [2026-09-29 15:29:58] SQUARE-OFF TIME — no open positions.
2026-09-29 15:29:58,316  [INFO]  Session ended. Exiting strategy.
2026-09-29 15:30:00,527  [INFO]  Logging to console and to file: logs\strategy_2026-09-29.log
2026-09-29 15:30:00,528  [INFO]  Found cached Groww access token for today. Verifying token...
2026-09-29 15:30:00,777  [INFO]  Cached Groww access token verified successfully. Skipping auth endpoint.
2026-09-29 15:30:02,565  [INFO]  Selected BankNifty monthly expiry: 2026-10-27
2026-09-29 15:30:02,670  [INFO]  Using BANKNIFTY futures symbol for candle data: BANKNIFTY26SEPFUT (groww_symbol=NSE-BANKNIFTY-29Sep26-FUT)
2026-09-29 15:30:02,670  [INFO]  Strategy started.  Underlying: BANKNIFTY  Monthly expiry: 2026-10-27  Supertrend(20, 1.8)  Exit threshold: ±111 pts  Entry window: 09:23–15:05  Force-close: 15:08
2026-09-29 15:30:02,670  [INFO]  [2026-09-29 15:30:02] Market CLOSED. Sleeping 17.5 h until 2026-09-30 09:00 IST — no API calls until then.
2026-09-30 01:58:16,925  [INFO]  KeyboardInterrupt — squaring off all open positions…
2026-09-30 01:58:16,941  [INFO]  Strategy stopped by user.
