2026-09-25 02:02:13,533  [INFO]  Logging to console and to file: logs\strategy_2026-09-25.log
2026-09-25 02:02:13,603  [INFO]  Cached token is from date 2026-09-24 (today: 2026-09-25). Requesting fresh token.
2026-09-25 02:02:15,095  [INFO]  Authenticated with Groww API (TOTP, attempt 1).
2026-09-25 02:02:15,096  [INFO]  Groww access token cached to logs\groww_token_cache.json.
2026-09-25 02:02:19,087  [INFO]  Selected BankNifty monthly expiry: 2026-09-29
2026-09-25 02:02:19,229  [INFO]  Using BANKNIFTY futures symbol for candle data: BANKNIFTY26SEPFUT (groww_symbol=NSE-BANKNIFTY-29Sep26-FUT)
2026-09-25 02:02:19,230  [INFO]  Strategy started.  Underlying: BANKNIFTY  Monthly expiry: 2026-09-29  Supertrend(20, 1.8)  Exit threshold: ±111 pts  Entry window: 09:23–15:05  Force-close: 15:08
2026-09-25 02:02:19,230  [INFO]  [2026-09-25 02:02:19] Market CLOSED. Sleeping 7.0 h until 2026-09-25 09:00 IST — no API calls until then.
2026-09-25 09:00:00,004  [INFO]  [2026-09-25 09:00:00] Pre-market (09:00). Waiting for market open at 09:15 IST — sleeping 30 s.
2026-09-25 09:00:30,007  [INFO]  [2026-09-25 09:00:30] Pre-market (09:00). Waiting for market open at 09:15 IST — sleeping 30 s.
2026-09-25 09:01:00,010  [INFO]  [2026-09-25 09:01:00] Pre-market (09:01). Waiting for market open at 09:15 IST — sleeping 30 s.
2026-09-25 09:01:30,014  [INFO]  [2026-09-25 09:01:30] Pre-market (09:01). Waiting for market open at 09:15 IST — sleeping 30 s.
2026-09-25 09:02:00,017  [INFO]  [2026-09-25 09:02:00] Pre-market (09:02). Waiting for market open at 09:15 IST — sleeping 30 s.
2026-09-25 09:02:30,018  [INFO]  [2026-09-25 09:02:30] Pre-market (09:02). Waiting for market open at 09:15 IST — sleeping 30 s.
2026-09-25 09:03:00,020  [INFO]  [2026-09-25 09:03:00] Pre-market (09:03). Waiting for market open at 09:15 IST — sleeping 30 s.
2026-09-25 09:03:30,021  [INFO]  [2026-09-25 09:03:30] Pre-market (09:03). Waiting for market open at 09:15 IST — sleeping 30 s.
2026-09-25 09:04:00,022  [INFO]  [2026-09-25 09:04:00] Pre-market (09:04). Waiting for market open at 09:15 IST — sleeping 30 s.
2026-09-25 09:04:30,024  [INFO]  [2026-09-25 09:04:30] Pre-market (09:04). Waiting for market open at 09:15 IST — sleeping 30 s.
2026-09-25 09:05:00,025  [INFO]  [2026-09-25 09:05:00] Pre-market (09:05). Waiting for market open at 09:15 IST — sleeping 30 s.
2026-09-25 09:05:30,027  [INFO]  [2026-09-25 09:05:30] Pre-market (09:05). Waiting for market open at 09:15 IST — sleeping 30 s.
2026-09-25 09:06:00,028  [INFO]  [2026-09-25 09:06:00] Pre-market (09:06). Waiting for market open at 09:15 IST — sleeping 30 s.
2026-09-25 09:06:30,029  [INFO]  [2026-09-25 09:06:30] Pre-market (09:06). Waiting for market open at 09:15 IST — sleeping 30 s.
2026-09-25 09:07:00,030  [INFO]  [2026-09-25 09:07:00] Pre-market (09:07). Waiting for market open at 09:15 IST — sleeping 30 s.
2026-09-25 09:07:30,031  [INFO]  [2026-09-25 09:07:30] Pre-market (09:07). Waiting for market open at 09:15 IST — sleeping 30 s.
2026-09-25 09:08:00,036  [INFO]  [2026-09-25 09:08:00] Pre-market (09:08). Waiting for market open at 09:15 IST — sleeping 30 s.
2026-09-25 09:08:30,040  [INFO]  [2026-09-25 09:08:30] Pre-market (09:08). Waiting for market open at 09:15 IST — sleeping 30 s.
2026-09-25 09:09:00,042  [INFO]  [2026-09-25 09:09:00] Pre-market (09:09). Waiting for market open at 09:15 IST — sleeping 30 s.
2026-09-25 09:09:30,044  [INFO]  [2026-09-25 09:09:30] Pre-market (09:09). Waiting for market open at 09:15 IST — sleeping 30 s.
2026-09-25 09:10:00,046  [INFO]  [2026-09-25 09:10:00] Pre-market (09:10). Waiting for market open at 09:15 IST — sleeping 30 s.
2026-09-25 09:10:30,047  [INFO]  [2026-09-25 09:10:30] Pre-market (09:10). Waiting for market open at 09:15 IST — sleeping 30 s.
2026-09-25 09:11:00,049  [INFO]  [2026-09-25 09:11:00] Pre-market (09:11). Waiting for market open at 09:15 IST — sleeping 30 s.
2026-09-25 09:11:30,050  [INFO]  [2026-09-25 09:11:30] Pre-market (09:11). Waiting for market open at 09:15 IST — sleeping 30 s.
2026-09-25 09:12:00,051  [INFO]  [2026-09-25 09:12:00] Pre-market (09:12). Waiting for market open at 09:15 IST — sleeping 30 s.
2026-09-25 09:12:30,052  [INFO]  [2026-09-25 09:12:30] Pre-market (09:12). Waiting for market open at 09:15 IST — sleeping 30 s.
2026-09-25 09:13:00,054  [INFO]  [2026-09-25 09:13:00] Pre-market (09:13). Waiting for market open at 09:15 IST — sleeping 30 s.
2026-09-25 09:13:30,055  [INFO]  [2026-09-25 09:13:30] Pre-market (09:13). Waiting for market open at 09:15 IST — sleeping 30 s.
2026-09-25 09:14:00,058  [INFO]  [2026-09-25 09:14:00] Pre-market (09:14). Waiting for market open at 09:15 IST — sleeping 30 s.
2026-09-25 09:14:30,061  [INFO]  [2026-09-25 09:14:30] Pre-market (09:14). Waiting for market open at 09:15 IST — sleeping 30 s.
2026-09-25 09:15:00,064  [INFO]  Seeding BANKNIFTY candle buffer with prior-session history (from 2026-09-20 09:15)…
2026-09-25 09:15:00,609  [WARNING]  Groww API authentication error (token age=7:12:45.380618): Authentication failed. Your API token has either expired or is invalid.. Forcing token refresh and re-authenticating…
2026-09-25 09:15:00,610  [INFO]  Deleted stale cached token: logs\groww_token_cache.json
2026-09-25 09:15:00,610  [INFO]  Force-refresh requested: invalidating cached token.
2026-09-25 09:15:00,787  [INFO]  Authenticated with Groww API (TOTP, attempt 1).
2026-09-25 09:15:00,791  [INFO]  Groww access token cached to logs\groww_token_cache.json.
2026-09-25 09:15:00,874  [INFO]  Re-authenticated successfully after token expiry. Candle buffer reset — full re-seed on next cycle. Resuming strategy on the next cycle.
2026-09-25 09:15:00,874  [INFO]  Seeding BANKNIFTY candle buffer with prior-session history (from 2026-09-20 09:15)…
2026-09-25 09:15:01,069  [INFO]  [DIAG] Last COMPLETED candle used for Supertrend: ts=2026-09-24 15:40:00  close=55563.20  now=2026-09-25 09:15:00. Cross-check this timestamp/close against your TradingView chart's last closed 1-min candle on the SAME symbol (BankNifty FUTURES, not the spot index) to confirm alignment.
2026-09-25 09:15:01,071  [INFO]  [2026-09-25 09:15:00]  ST=BEARISH ▼  BankNifty Close=55563.20  |  PUT: FLAT  |  CALL: FLAT
2026-09-25 09:16:01,427  [INFO]  [2026-09-25 09:16:00]  ST=BEARISH ▼  BankNifty Close=55600.00  |  PUT: FLAT  |  CALL: FLAT
2026-09-25 09:17:00,987  [INFO]  [2026-09-25 09:17:00]  ST=BULLISH ▲  BankNifty Close=55783.80  |  PUT: FLAT  |  CALL: FLAT
2026-09-25 09:17:00,988  [INFO]  ST flipped BULLISH but PUT SELL entry blocked (outside entry window 09:23–15:05).
2026-09-25 09:18:01,008  [INFO]  [2026-09-25 09:18:00]  ST=BULLISH ▲  BankNifty Close=55780.00  |  PUT: FLAT  |  CALL: FLAT
2026-09-25 09:19:00,993  [INFO]  [2026-09-25 09:19:00]  ST=BULLISH ▲  BankNifty Close=55790.00  |  PUT: FLAT  |  CALL: FLAT
2026-09-25 09:20:00,986  [INFO]  [2026-09-25 09:20:00]  ST=BULLISH ▲  BankNifty Close=55740.00  |  PUT: FLAT  |  CALL: FLAT
2026-09-25 09:21:01,032  [INFO]  [2026-09-25 09:21:00]  ST=BULLISH ▲  BankNifty Close=55740.00  |  PUT: FLAT  |  CALL: FLAT
2026-09-25 09:22:01,012  [INFO]  [2026-09-25 09:22:00]  ST=BEARISH ▼  BankNifty Close=55725.20  |  PUT: FLAT  |  CALL: FLAT
2026-09-25 09:22:01,013  [INFO]  ST flipped BEARISH but CALL SELL entry blocked (outside entry window 09:23–15:05).
2026-09-25 09:23:01,004  [INFO]  [2026-09-25 09:23:00]  ST=BEARISH ▼  BankNifty Close=55718.00  |  PUT: FLAT  |  CALL: FLAT
2026-09-25 09:23:01,005  [INFO]  Entry window open — current Supertrend is BEARISH ▼. Entering trade immediately based on current trend direction (no flip required for the first trade of the day).
2026-09-25 09:23:01,099  [INFO]  SIGNAL  ST → BEARISH  BankNifty LTP=55760.00  ATM strike=55800  →  Selecting CALL (min premium ₹400)
2026-09-25 09:23:02,992  [INFO]  Selected BankNifty monthly expiry: 2026-09-29
2026-09-25 09:23:03,187  [INFO]  Resolved CE instrument: BANKNIFTY26SEP55800CE  strike=55800  expiry=2026-09-29  lot_size=30
2026-09-25 09:23:03,269  [INFO]    ATM CE strike=55800  LTP=₹300.00  (threshold=₹400.00)
2026-09-25 09:23:03,427  [INFO]  Resolved CE instrument: BANKNIFTY26SEP55700CE  strike=55700  expiry=2026-09-29  lot_size=30
2026-09-25 09:23:03,511  [INFO]    ITM+1 CE strike=55700  LTP=₹358.15  (threshold=₹400.00)
2026-09-25 09:23:03,642  [INFO]  Resolved CE instrument: BANKNIFTY26SEP55600CE  strike=55600  expiry=2026-09-29  lot_size=30
2026-09-25 09:23:03,732  [INFO]    ITM+2 CE strike=55600  LTP=₹411.75  (threshold=₹400.00)
2026-09-25 09:23:03,733  [INFO]    ATM LTP was below ₹400.00 — selected ITM+2 CE strike=55600 @ ₹411.75
2026-09-25 09:23:03,819  [INFO]  >>> Placing LIMIT SELL CALL (offset=₹2)  qty=60 x BANKNIFTY26SEP55600CE  @ ₹416.70
2026-09-25 09:23:03,922  [INFO]      SELL CALL (offset=₹2) order response (ref=b33cb7491392469bae40) : {'groww_order_id': 'GLTFO260925092304JDF0DTRI5MLC', 'order_status': 'NEW', 'order_reference_id': 'b33cb7491392469bae40', 'remark': None}
2026-09-25 09:23:04,001  [INFO]  SELL CALL: filled at offset=₹2  avg_fill_price=₹418.58  status=EXECUTED
2026-09-25 09:23:04,002  [INFO]  [TRADE] CALL SELL ENTRY  symbol=BANKNIFTY26SEP55600CE  strike_ltp_check=₹411.75  qty=60  fill=₹418.58  time=2026-09-25 09:23:04  order_id=GLTFO260925092304JDF0DTRI5MLC  reason=ST flip BEARISH
2026-09-25 09:24:01,172  [INFO]  [2026-09-25 09:24:00]  ST=BEARISH ▼  BankNifty Close=55760.00  |  PUT: FLAT  |  CALL SELL entry=₹418.58  LTP=₹392.15  diff=-26.43
2026-09-25 09:25:01,399  [INFO]  [2026-09-25 09:25:00]  ST=BEARISH ▼  BankNifty Close=55729.80  |  PUT: FLAT  |  CALL SELL entry=₹418.58  LTP=₹390.40  diff=-28.18
2026-09-25 09:26:01,092  [INFO]  [2026-09-25 09:26:00]  ST=BEARISH ▼  BankNifty Close=55729.00  |  PUT: FLAT  |  CALL SELL entry=₹418.58  LTP=₹400.65  diff=-17.93
2026-09-25 09:27:01,119  [INFO]  [2026-09-25 09:27:00]  ST=BEARISH ▼  BankNifty Close=55766.00  |  PUT: FLAT  |  CALL SELL entry=₹418.58  LTP=₹416.90  diff=-1.68
2026-09-25 09:28:01,118  [INFO]  [2026-09-25 09:28:00]  ST=BEARISH ▼  BankNifty Close=55775.00  |  PUT: FLAT  |  CALL SELL entry=₹418.58  LTP=₹419.65  diff=+1.07
2026-09-25 09:29:01,102  [INFO]  [2026-09-25 09:29:00]  ST=BEARISH ▼  BankNifty Close=55775.00  |  PUT: FLAT  |  CALL SELL entry=₹418.58  LTP=₹410.35  diff=-8.23
2026-09-25 09:30:01,115  [INFO]  [2026-09-25 09:30:00]  ST=BEARISH ▼  BankNifty Close=55740.00  |  PUT: FLAT  |  CALL SELL entry=₹418.58  LTP=₹409.10  diff=-9.48
2026-09-25 09:31:01,114  [INFO]  [2026-09-25 09:31:00]  ST=BEARISH ▼  BankNifty Close=55773.00  |  PUT: FLAT  |  CALL SELL entry=₹418.58  LTP=₹396.90  diff=-21.68
2026-09-25 09:32:01,168  [INFO]  [2026-09-25 09:32:00]  ST=BEARISH ▼  BankNifty Close=55753.00  |  PUT: FLAT  |  CALL SELL entry=₹418.58  LTP=₹395.25  diff=-23.33
2026-09-25 09:33:01,146  [INFO]  [2026-09-25 09:33:00]  ST=BEARISH ▼  BankNifty Close=55721.80  |  PUT: FLAT  |  CALL SELL entry=₹418.58  LTP=₹390.75  diff=-27.83
2026-09-25 09:34:01,121  [INFO]  [2026-09-25 09:34:00]  ST=BEARISH ▼  BankNifty Close=55716.80  |  PUT: FLAT  |  CALL SELL entry=₹418.58  LTP=₹385.15  diff=-33.43
2026-09-25 09:35:01,109  [INFO]  [2026-09-25 09:35:00]  ST=BEARISH ▼  BankNifty Close=55709.20  |  PUT: FLAT  |  CALL SELL entry=₹418.58  LTP=₹397.05  diff=-21.53
2026-09-25 09:36:01,135  [INFO]  [2026-09-25 09:36:00]  ST=BEARISH ▼  BankNifty Close=55750.00  |  PUT: FLAT  |  CALL SELL entry=₹418.58  LTP=₹395.05  diff=-23.53
2026-09-25 09:37:01,145  [INFO]  [2026-09-25 09:37:00]  ST=BEARISH ▼  BankNifty Close=55750.00  |  PUT: FLAT  |  CALL SELL entry=₹418.58  LTP=₹372.05  diff=-46.53
2026-09-25 09:38:01,135  [INFO]  [2026-09-25 09:38:00]  ST=BEARISH ▼  BankNifty Close=55703.00  |  PUT: FLAT  |  CALL SELL entry=₹418.58  LTP=₹351.05  diff=-67.53
2026-09-25 09:39:01,097  [INFO]  [2026-09-25 09:39:00]  ST=BEARISH ▼  BankNifty Close=55661.20  |  PUT: FLAT  |  CALL SELL entry=₹418.58  LTP=₹346.05  diff=-72.53
2026-09-25 09:40:01,133  [INFO]  [2026-09-25 09:40:00]  ST=BEARISH ▼  BankNifty Close=55648.20  |  PUT: FLAT  |  CALL SELL entry=₹418.58  LTP=₹344.35  diff=-74.23
2026-09-25 09:41:01,224  [INFO]  [2026-09-25 09:41:00]  ST=BEARISH ▼  BankNifty Close=55614.60  |  PUT: FLAT  |  CALL SELL entry=₹418.58  LTP=₹332.60  diff=-85.98
2026-09-25 09:42:01,139  [INFO]  [2026-09-25 09:42:00]  ST=BEARISH ▼  BankNifty Close=55625.00  |  PUT: FLAT  |  CALL SELL entry=₹418.58  LTP=₹338.70  diff=-79.88
2026-09-25 09:43:01,105  [INFO]  [2026-09-25 09:43:00]  ST=BEARISH ▼  BankNifty Close=55632.00  |  PUT: FLAT  |  CALL SELL entry=₹418.58  LTP=₹336.05  diff=-82.53
2026-09-25 09:44:01,195  [INFO]  [2026-09-25 09:44:00]  ST=BEARISH ▼  BankNifty Close=55580.00  |  PUT: FLAT  |  CALL SELL entry=₹418.58  LTP=₹324.65  diff=-93.93
2026-09-25 09:45:01,184  [INFO]  [2026-09-25 09:45:00]  ST=BEARISH ▼  BankNifty Close=55600.00  |  PUT: FLAT  |  CALL SELL entry=₹418.58  LTP=₹321.20  diff=-97.38
2026-09-25 09:46:01,137  [INFO]  [2026-09-25 09:46:00]  ST=BEARISH ▼  BankNifty Close=55599.80  |  PUT: FLAT  |  CALL SELL entry=₹418.58  LTP=₹323.80  diff=-94.78
2026-09-25 09:47:01,129  [INFO]  [2026-09-25 09:47:00]  ST=BEARISH ▼  BankNifty Close=55572.60  |  PUT: FLAT  |  CALL SELL entry=₹418.58  LTP=₹324.00  diff=-94.58
2026-09-25 09:48:01,155  [INFO]  [2026-09-25 09:48:00]  ST=BEARISH ▼  BankNifty Close=55619.80  |  PUT: FLAT  |  CALL SELL entry=₹418.58  LTP=₹341.40  diff=-77.18
2026-09-25 09:49:01,135  [INFO]  [2026-09-25 09:49:00]  ST=BEARISH ▼  BankNifty Close=55620.00  |  PUT: FLAT  |  CALL SELL entry=₹418.58  LTP=₹331.35  diff=-87.23
2026-09-25 09:50:01,192  [INFO]  [2026-09-25 09:50:00]  ST=BEARISH ▼  BankNifty Close=55600.00  |  PUT: FLAT  |  CALL SELL entry=₹418.58  LTP=₹325.90  diff=-92.68
2026-09-25 09:51:01,151  [INFO]  [2026-09-25 09:51:00]  ST=BEARISH ▼  BankNifty Close=55599.80  |  PUT: FLAT  |  CALL SELL entry=₹418.58  LTP=₹326.85  diff=-91.73
2026-09-25 09:52:01,214  [INFO]  [2026-09-25 09:52:00]  ST=BEARISH ▼  BankNifty Close=55598.60  |  PUT: FLAT  |  CALL SELL entry=₹418.58  LTP=₹335.00  diff=-83.58
2026-09-25 09:53:01,148  [INFO]  [2026-09-25 09:53:00]  ST=BEARISH ▼  BankNifty Close=55553.60  |  PUT: FLAT  |  CALL SELL entry=₹418.58  LTP=₹311.25  diff=-107.33
2026-09-25 09:54:01,155  [INFO]  [2026-09-25 09:54:00]  ST=BEARISH ▼  BankNifty Close=55551.00  |  PUT: FLAT  |  CALL SELL entry=₹418.58  LTP=₹320.25  diff=-98.33
2026-09-25 09:55:01,190  [INFO]  [2026-09-25 09:55:00]  ST=BEARISH ▼  BankNifty Close=55575.80  |  PUT: FLAT  |  CALL SELL entry=₹418.58  LTP=₹327.45  diff=-91.13
2026-09-25 09:56:01,169  [INFO]  [2026-09-25 09:56:00]  ST=BEARISH ▼  BankNifty Close=55592.80  |  PUT: FLAT  |  CALL SELL entry=₹418.58  LTP=₹319.60  diff=-98.98
2026-09-25 09:57:01,173  [INFO]  [2026-09-25 09:57:00]  ST=BEARISH ▼  BankNifty Close=55580.00  |  PUT: FLAT  |  CALL SELL entry=₹418.58  LTP=₹316.40  diff=-102.18
2026-09-25 09:58:01,170  [INFO]  [2026-09-25 09:58:00]  ST=BEARISH ▼  BankNifty Close=55565.00  |  PUT: FLAT  |  CALL SELL entry=₹418.58  LTP=₹314.40  diff=-104.18
2026-09-25 09:59:01,405  [INFO]  [2026-09-25 09:59:00]  ST=BEARISH ▼  BankNifty Close=55563.60  |  PUT: FLAT  |  CALL SELL entry=₹418.58  LTP=₹318.95  diff=-99.63
2026-09-25 10:00:01,155  [INFO]  [2026-09-25 10:00:00]  ST=BULLISH ▲  BankNifty Close=55610.00  |  PUT: FLAT  |  CALL SELL entry=₹418.58  LTP=₹327.95  diff=-90.63
2026-09-25 10:00:01,254  [INFO]  SIGNAL  ST → BULLISH  BankNifty LTP=55610.00  ATM strike=55600  →  Selecting PUT (min premium ₹400)
2026-09-25 10:00:01,414  [INFO]  Selected BankNifty monthly expiry: 2026-09-29
2026-09-25 10:00:01,568  [INFO]  Resolved PE instrument: BANKNIFTY26SEP55600PE  strike=55600  expiry=2026-09-29  lot_size=30
2026-09-25 10:00:01,663  [INFO]    ATM PE strike=55600  LTP=₹337.95  (threshold=₹400.00)
2026-09-25 10:00:01,811  [INFO]  Resolved PE instrument: BANKNIFTY26SEP55700PE  strike=55700  expiry=2026-09-29  lot_size=30
2026-09-25 10:00:01,921  [INFO]    ITM+1 PE strike=55700  LTP=₹385.00  (threshold=₹400.00)
2026-09-25 10:00:02,084  [INFO]  Resolved PE instrument: BANKNIFTY26SEP55800PE  strike=55800  expiry=2026-09-29  lot_size=30
2026-09-25 10:00:02,186  [INFO]    ITM+2 PE strike=55800  LTP=₹443.15  (threshold=₹400.00)
2026-09-25 10:00:02,186  [INFO]    ATM LTP was below ₹400.00 — selected ITM+2 PE strike=55800 @ ₹443.15
2026-09-25 10:00:02,287  [INFO]  >>> Placing LIMIT SELL PUT (offset=₹2)  qty=60 x BANKNIFTY26SEP55800PE  @ ₹441.15
2026-09-25 10:00:02,387  [INFO]      SELL PUT (offset=₹2) order response (ref=0bb54ec8a61349c2a802) : {'groww_order_id': 'GLTFO260925100003RQU3LB9VA8VJ', 'order_status': 'NEW', 'order_reference_id': '0bb54ec8a61349c2a802', 'remark': None}
2026-09-25 10:00:02,481  [INFO]  SELL PUT: filled at offset=₹2  avg_fill_price=₹442.35  status=EXECUTED
2026-09-25 10:00:02,482  [INFO]  [TRADE] PUT SELL ENTRY  symbol=BANKNIFTY26SEP55800PE  strike_ltp_check=₹443.15  qty=60  fill=₹442.35  time=2026-09-25 10:00:02  order_id=GLTFO260925100003RQU3LB9VA8VJ  reason=ST flip BULLISH
2026-09-25 10:01:01,498  [INFO]  [2026-09-25 10:01:00]  ST=BULLISH ▲  BankNifty Close=55600.00  |  PUT SELL entry=₹442.35  LTP=₹431.00  diff=-11.35  |  CALL SELL entry=₹418.58  LTP=₹328.65  diff=-89.93
2026-09-25 10:02:01,273  [INFO]  [2026-09-25 10:02:00]  ST=BULLISH ▲  BankNifty Close=55600.00  |  PUT SELL entry=₹442.35  LTP=₹434.30  diff=-8.05  |  CALL SELL entry=₹418.58  LTP=₹329.70  diff=-88.88
2026-09-25 10:03:01,254  [INFO]  [2026-09-25 10:03:00]  ST=BULLISH ▲  BankNifty Close=55648.00  |  PUT SELL entry=₹442.35  LTP=₹414.75  diff=-27.60  |  CALL SELL entry=₹418.58  LTP=₹341.50  diff=-77.08
2026-09-25 10:04:01,244  [INFO]  [2026-09-25 10:04:00]  ST=BULLISH ▲  BankNifty Close=55648.00  |  PUT SELL entry=₹442.35  LTP=₹410.90  diff=-31.45  |  CALL SELL entry=₹418.58  LTP=₹350.75  diff=-67.83
2026-09-25 10:05:01,260  [INFO]  [2026-09-25 10:05:00]  ST=BULLISH ▲  BankNifty Close=55637.20  |  PUT SELL entry=₹442.35  LTP=₹401.60  diff=-40.75  |  CALL SELL entry=₹418.58  LTP=₹355.35  diff=-63.23
2026-09-25 10:06:01,334  [INFO]  [2026-09-25 10:06:00]  ST=BULLISH ▲  BankNifty Close=55652.80  |  PUT SELL entry=₹442.35  LTP=₹415.80  diff=-26.55  |  CALL SELL entry=₹418.58  LTP=₹344.50  diff=-74.08
2026-09-25 10:07:01,267  [INFO]  [2026-09-25 10:07:00]  ST=BULLISH ▲  BankNifty Close=55676.80  |  PUT SELL entry=₹442.35  LTP=₹397.75  diff=-44.60  |  CALL SELL entry=₹418.58  LTP=₹358.65  diff=-59.93
2026-09-25 10:08:01,252  [INFO]  [2026-09-25 10:08:00]  ST=BULLISH ▲  BankNifty Close=55680.00  |  PUT SELL entry=₹442.35  LTP=₹387.80  diff=-54.55  |  CALL SELL entry=₹418.58  LTP=₹363.40  diff=-55.18
2026-09-25 10:09:01,262  [INFO]  [2026-09-25 10:09:00]  ST=BULLISH ▲  BankNifty Close=55790.00  |  PUT SELL entry=₹442.35  LTP=₹330.15  diff=-112.20  |  CALL SELL entry=₹418.58  LTP=₹423.65  diff=+5.07
2026-09-25 10:10:01,284  [INFO]  [2026-09-25 10:10:00]  ST=BULLISH ▲  BankNifty Close=55790.00  |  PUT SELL entry=₹442.35  LTP=₹323.30  diff=-119.05  |  CALL SELL entry=₹418.58  LTP=₹433.80  diff=+15.22
2026-09-25 10:11:01,305  [INFO]  [2026-09-25 10:11:00]  ST=BULLISH ▲  BankNifty Close=55794.80  |  PUT SELL entry=₹442.35  LTP=₹335.45  diff=-106.90  |  CALL SELL entry=₹418.58  LTP=₹422.55  diff=+3.97
2026-09-25 10:12:01,269  [INFO]  [2026-09-25 10:12:00]  ST=BEARISH ▼  BankNifty Close=55732.00  |  PUT SELL entry=₹442.35  LTP=₹358.80  diff=-83.55  |  CALL SELL entry=₹418.58  LTP=₹404.60  diff=-13.98
2026-09-25 10:13:01,310  [INFO]  [2026-09-25 10:13:00]  ST=BEARISH ▼  BankNifty Close=55732.00  |  PUT SELL entry=₹442.35  LTP=₹346.40  diff=-95.95  |  CALL SELL entry=₹418.58  LTP=₹406.30  diff=-12.28
2026-09-25 10:14:01,353  [INFO]  [2026-09-25 10:14:00]  ST=BEARISH ▼  BankNifty Close=55771.20  |  PUT SELL entry=₹442.35  LTP=₹348.95  diff=-93.40  |  CALL SELL entry=₹418.58  LTP=₹403.15  diff=-15.43
2026-09-25 10:15:01,306  [INFO]  [2026-09-25 10:15:00]  ST=BEARISH ▼  BankNifty Close=55747.00  |  PUT SELL entry=₹442.35  LTP=₹346.70  diff=-95.65  |  CALL SELL entry=₹418.58  LTP=₹408.85  diff=-9.73
2026-09-25 10:15:21,425  [WARNING]  Network/timeout error calling Groww API (live_data, attempt 1/4) — retrying in 2s: Call to get_ltp did not return within 20.0s (hard timeout) -- treating as a hung network call.
2026-09-25 10:16:01,284  [INFO]  [2026-09-25 10:16:00]  ST=BEARISH ▼  BankNifty Close=55757.00  |  PUT SELL entry=₹442.35  LTP=₹339.95  diff=-102.40  |  CALL SELL entry=₹418.58  LTP=₹413.40  diff=-5.18
2026-09-25 10:17:01,302  [INFO]  [2026-09-25 10:17:00]  ST=BEARISH ▼  BankNifty Close=55757.00  |  PUT SELL entry=₹442.35  LTP=₹339.10  diff=-103.25  |  CALL SELL entry=₹418.58  LTP=₹417.00  diff=-1.58
2026-09-25 10:18:01,282  [INFO]  [2026-09-25 10:18:00]  ST=BEARISH ▼  BankNifty Close=55775.00  |  PUT SELL entry=₹442.35  LTP=₹340.45  diff=-101.90  |  CALL SELL entry=₹418.58  LTP=₹411.30  diff=-7.28
2026-09-25 10:19:01,281  [INFO]  [2026-09-25 10:19:00]  ST=BEARISH ▼  BankNifty Close=55716.80  |  PUT SELL entry=₹442.35  LTP=₹359.50  diff=-82.85  |  CALL SELL entry=₹418.58  LTP=₹390.50  diff=-28.08
2026-09-25 10:20:01,305  [INFO]  [2026-09-25 10:20:00]  ST=BEARISH ▼  BankNifty Close=55717.80  |  PUT SELL entry=₹442.35  LTP=₹361.95  diff=-80.40  |  CALL SELL entry=₹418.58  LTP=₹392.55  diff=-26.03
2026-09-25 10:21:01,323  [INFO]  [2026-09-25 10:21:00]  ST=BEARISH ▼  BankNifty Close=55725.00  |  PUT SELL entry=₹442.35  LTP=₹359.00  diff=-83.35  |  CALL SELL entry=₹418.58  LTP=₹396.60  diff=-21.98
2026-09-25 10:22:01,324  [INFO]  [2026-09-25 10:22:00]  ST=BEARISH ▼  BankNifty Close=55725.00  |  PUT SELL entry=₹442.35  LTP=₹349.10  diff=-93.25  |  CALL SELL entry=₹418.58  LTP=₹402.60  diff=-15.98
2026-09-25 10:23:01,320  [INFO]  [2026-09-25 10:23:00]  ST=BEARISH ▼  BankNifty Close=55734.60  |  PUT SELL entry=₹442.35  LTP=₹360.25  diff=-82.10  |  CALL SELL entry=₹418.58  LTP=₹391.45  diff=-27.13
2026-09-25 10:24:01,498  [INFO]  [2026-09-25 10:24:00]  ST=BEARISH ▼  BankNifty Close=55741.40  |  PUT SELL entry=₹442.35  LTP=₹363.65  diff=-78.70  |  CALL SELL entry=₹418.58  LTP=₹393.85  diff=-24.73
2026-09-25 10:25:01,396  [INFO]  [2026-09-25 10:25:00]  ST=BEARISH ▼  BankNifty Close=55700.00  |  PUT SELL entry=₹442.35  LTP=₹384.20  diff=-58.15  |  CALL SELL entry=₹418.58  LTP=₹369.75  diff=-48.83
2026-09-25 10:26:01,293  [INFO]  [2026-09-25 10:26:00]  ST=BEARISH ▼  BankNifty Close=55711.00  |  PUT SELL entry=₹442.35  LTP=₹365.80  diff=-76.55  |  CALL SELL entry=₹418.58  LTP=₹390.40  diff=-28.18
2026-09-25 10:27:01,579  [INFO]  [2026-09-25 10:27:00]  ST=BEARISH ▼  BankNifty Close=55711.00  |  PUT SELL entry=₹442.35  LTP=₹372.90  diff=-69.45  |  CALL SELL entry=₹418.58  LTP=₹380.40  diff=-38.18
2026-09-25 10:28:01,298  [INFO]  [2026-09-25 10:28:00]  ST=BEARISH ▼  BankNifty Close=55713.20  |  PUT SELL entry=₹442.35  LTP=₹381.05  diff=-61.30  |  CALL SELL entry=₹418.58  LTP=₹372.20  diff=-46.38
2026-09-25 10:29:01,360  [INFO]  [2026-09-25 10:29:00]  ST=BEARISH ▼  BankNifty Close=55680.20  |  PUT SELL entry=₹442.35  LTP=₹384.60  diff=-57.75  |  CALL SELL entry=₹418.58  LTP=₹372.10  diff=-46.48
2026-09-25 10:30:01,527  [INFO]  [2026-09-25 10:30:00]  ST=BEARISH ▼  BankNifty Close=55680.20  |  PUT SELL entry=₹442.35  LTP=₹380.10  diff=-62.25  |  CALL SELL entry=₹418.58  LTP=₹376.55  diff=-42.03
2026-09-25 10:31:01,335  [INFO]  [2026-09-25 10:31:00]  ST=BEARISH ▼  BankNifty Close=55680.20  |  PUT SELL entry=₹442.35  LTP=₹369.75  diff=-72.60  |  CALL SELL entry=₹418.58  LTP=₹389.30  diff=-29.28
2026-09-25 10:32:01,355  [INFO]  [2026-09-25 10:32:00]  ST=BULLISH ▲  BankNifty Close=55721.00  |  PUT SELL entry=₹442.35  LTP=₹377.00  diff=-65.35  |  CALL SELL entry=₹418.58  LTP=₹382.05  diff=-36.53
2026-09-25 10:33:01,370  [INFO]  [2026-09-25 10:33:00]  ST=BEARISH ▼  BankNifty Close=55680.00  |  PUT SELL entry=₹442.35  LTP=₹386.05  diff=-56.30  |  CALL SELL entry=₹418.58  LTP=₹375.25  diff=-43.33
2026-09-25 10:34:01,470  [INFO]  [2026-09-25 10:34:01]  ST=BEARISH ▼  BankNifty Close=55690.00  |  PUT SELL entry=₹442.35  LTP=₹381.95  diff=-60.40  |  CALL SELL entry=₹418.58  LTP=₹373.00  diff=-45.58
2026-09-25 10:35:01,311  [INFO]  [2026-09-25 10:35:01]  ST=BEARISH ▼  BankNifty Close=55690.00  |  PUT SELL entry=₹442.35  LTP=₹408.40  diff=-33.95  |  CALL SELL entry=₹418.58  LTP=₹355.50  diff=-63.08
2026-09-25 10:36:01,326  [INFO]  [2026-09-25 10:36:01]  ST=BEARISH ▼  BankNifty Close=55664.00  |  PUT SELL entry=₹442.35  LTP=₹404.80  diff=-37.55  |  CALL SELL entry=₹418.58  LTP=₹354.20  diff=-64.38
2026-09-25 10:37:01,349  [INFO]  [2026-09-25 10:37:01]  ST=BEARISH ▼  BankNifty Close=55675.00  |  PUT SELL entry=₹442.35  LTP=₹397.50  diff=-44.85  |  CALL SELL entry=₹418.58  LTP=₹359.30  diff=-59.28
2026-09-25 10:38:01,375  [INFO]  [2026-09-25 10:38:01]  ST=BEARISH ▼  BankNifty Close=55674.00  |  PUT SELL entry=₹442.35  LTP=₹393.00  diff=-49.35  |  CALL SELL entry=₹418.58  LTP=₹362.00  diff=-56.58
2026-09-25 10:39:01,347  [INFO]  [2026-09-25 10:39:01]  ST=BEARISH ▼  BankNifty Close=55674.00  |  PUT SELL entry=₹442.35  LTP=₹379.90  diff=-62.45  |  CALL SELL entry=₹418.58  LTP=₹370.30  diff=-48.28
2026-09-25 10:40:01,403  [INFO]  [2026-09-25 10:40:01]  ST=BEARISH ▼  BankNifty Close=55675.40  |  PUT SELL entry=₹442.35  LTP=₹382.85  diff=-59.50  |  CALL SELL entry=₹418.58  LTP=₹365.20  diff=-53.38
2026-09-25 10:41:01,316  [INFO]  [2026-09-25 10:41:01]  ST=BEARISH ▼  BankNifty Close=55680.00  |  PUT SELL entry=₹442.35  LTP=₹381.00  diff=-61.35  |  CALL SELL entry=₹418.58  LTP=₹372.60  diff=-45.98
2026-09-25 10:42:01,380  [INFO]  [2026-09-25 10:42:01]  ST=BEARISH ▼  BankNifty Close=55681.00  |  PUT SELL entry=₹442.35  LTP=₹391.70  diff=-50.65  |  CALL SELL entry=₹418.58  LTP=₹360.40  diff=-58.18
2026-09-25 10:43:01,323  [INFO]  [2026-09-25 10:43:01]  ST=BEARISH ▼  BankNifty Close=55675.00  |  PUT SELL entry=₹442.35  LTP=₹386.95  diff=-55.40  |  CALL SELL entry=₹418.58  LTP=₹360.35  diff=-58.23
2026-09-25 10:44:01,340  [INFO]  [2026-09-25 10:44:01]  ST=BEARISH ▼  BankNifty Close=55665.20  |  PUT SELL entry=₹442.35  LTP=₹394.35  diff=-48.00  |  CALL SELL entry=₹418.58  LTP=₹357.80  diff=-60.78
2026-09-25 10:45:01,459  [INFO]  [2026-09-25 10:45:01]  ST=BEARISH ▼  BankNifty Close=55665.20  |  PUT SELL entry=₹442.35  LTP=₹396.20  diff=-46.15  |  CALL SELL entry=₹418.58  LTP=₹355.60  diff=-62.98
2026-09-25 10:46:01,338  [INFO]  [2026-09-25 10:46:01]  ST=BEARISH ▼  BankNifty Close=55670.00  |  PUT SELL entry=₹442.35  LTP=₹398.70  diff=-43.65  |  CALL SELL entry=₹418.58  LTP=₹349.50  diff=-69.08
2026-09-25 10:47:01,337  [INFO]  [2026-09-25 10:47:01]  ST=BEARISH ▼  BankNifty Close=55672.40  |  PUT SELL entry=₹442.35  LTP=₹397.10  diff=-45.25  |  CALL SELL entry=₹418.58  LTP=₹350.20  diff=-68.38
2026-09-25 10:48:01,348  [INFO]  [2026-09-25 10:48:01]  ST=BEARISH ▼  BankNifty Close=55650.00  |  PUT SELL entry=₹442.35  LTP=₹415.00  diff=-27.35  |  CALL SELL entry=₹418.58  LTP=₹336.05  diff=-82.53
2026-09-25 10:49:01,360  [INFO]  [2026-09-25 10:49:01]  ST=BEARISH ▼  BankNifty Close=55648.20  |  PUT SELL entry=₹442.35  LTP=₹405.30  diff=-37.05  |  CALL SELL entry=₹418.58  LTP=₹348.25  diff=-70.33
2026-09-25 10:50:01,368  [INFO]  [2026-09-25 10:50:01]  ST=BEARISH ▼  BankNifty Close=55644.20  |  PUT SELL entry=₹442.35  LTP=₹400.35  diff=-42.00  |  CALL SELL entry=₹418.58  LTP=₹352.30  diff=-66.28
2026-09-25 10:51:01,361  [INFO]  [2026-09-25 10:51:01]  ST=BEARISH ▼  BankNifty Close=55657.00  |  PUT SELL entry=₹442.35  LTP=₹401.35  diff=-41.00  |  CALL SELL entry=₹418.58  LTP=₹351.85  diff=-66.73
2026-09-25 10:52:01,363  [INFO]  [2026-09-25 10:52:01]  ST=BEARISH ▼  BankNifty Close=55657.00  |  PUT SELL entry=₹442.35  LTP=₹386.05  diff=-56.30  |  CALL SELL entry=₹418.58  LTP=₹363.20  diff=-55.38
2026-09-25 10:53:01,388  [INFO]  [2026-09-25 10:53:01]  ST=BEARISH ▼  BankNifty Close=55657.40  |  PUT SELL entry=₹442.35  LTP=₹392.00  diff=-50.35  |  CALL SELL entry=₹418.58  LTP=₹360.20  diff=-58.38
2026-09-25 10:54:01,363  [INFO]  [2026-09-25 10:54:01]  ST=BULLISH ▲  BankNifty Close=55679.00  |  PUT SELL entry=₹442.35  LTP=₹398.40  diff=-43.95  |  CALL SELL entry=₹418.58  LTP=₹352.15  diff=-66.43
2026-09-25 10:55:01,328  [INFO]  [2026-09-25 10:55:01]  ST=BULLISH ▲  BankNifty Close=55679.00  |  PUT SELL entry=₹442.35  LTP=₹388.70  diff=-53.65  |  CALL SELL entry=₹418.58  LTP=₹359.15  diff=-59.43
2026-09-25 10:56:01,371  [INFO]  [2026-09-25 10:56:01]  ST=BULLISH ▲  BankNifty Close=55680.00  |  PUT SELL entry=₹442.35  LTP=₹377.55  diff=-64.80  |  CALL SELL entry=₹418.58  LTP=₹369.60  diff=-48.98
2026-09-25 10:57:01,334  [INFO]  [2026-09-25 10:57:01]  ST=BULLISH ▲  BankNifty Close=55686.40  |  PUT SELL entry=₹442.35  LTP=₹373.20  diff=-69.15  |  CALL SELL entry=₹418.58  LTP=₹372.60  diff=-45.98
2026-09-25 10:58:01,382  [INFO]  [2026-09-25 10:58:01]  ST=BULLISH ▲  BankNifty Close=55690.00  |  PUT SELL entry=₹442.35  LTP=₹385.30  diff=-57.05  |  CALL SELL entry=₹418.58  LTP=₹361.25  diff=-57.33
2026-09-25 10:59:01,399  [INFO]  [2026-09-25 10:59:01]  ST=BULLISH ▲  BankNifty Close=55690.00  |  PUT SELL entry=₹442.35  LTP=₹386.00  diff=-56.35  |  CALL SELL entry=₹418.58  LTP=₹363.75  diff=-54.83
2026-09-25 11:00:01,355  [INFO]  [2026-09-25 11:00:01]  ST=BULLISH ▲  BankNifty Close=55674.80  |  PUT SELL entry=₹442.35  LTP=₹375.20  diff=-67.15  |  CALL SELL entry=₹418.58  LTP=₹368.90  diff=-49.68
2026-09-25 11:01:01,337  [INFO]  [2026-09-25 11:01:01]  ST=BULLISH ▲  BankNifty Close=55710.40  |  PUT SELL entry=₹442.35  LTP=₹363.75  diff=-78.60  |  CALL SELL entry=₹418.58  LTP=₹375.50  diff=-43.08
2026-09-25 11:02:01,349  [INFO]  [2026-09-25 11:02:01]  ST=BULLISH ▲  BankNifty Close=55708.00  |  PUT SELL entry=₹442.35  LTP=₹367.00  diff=-75.35  |  CALL SELL entry=₹418.58  LTP=₹380.50  diff=-38.08
2026-09-25 11:03:01,371  [INFO]  [2026-09-25 11:03:01]  ST=BULLISH ▲  BankNifty Close=55730.00  |  PUT SELL entry=₹442.35  LTP=₹347.10  diff=-95.25  |  CALL SELL entry=₹418.58  LTP=₹391.05  diff=-27.53
2026-09-25 11:04:01,408  [INFO]  [2026-09-25 11:04:01]  ST=BULLISH ▲  BankNifty Close=55755.00  |  PUT SELL entry=₹442.35  LTP=₹347.65  diff=-94.70  |  CALL SELL entry=₹418.58  LTP=₹395.65  diff=-22.93
2026-09-25 11:05:01,360  [INFO]  [2026-09-25 11:05:01]  ST=BULLISH ▲  BankNifty Close=55740.00  |  PUT SELL entry=₹442.35  LTP=₹349.60  diff=-92.75  |  CALL SELL entry=₹418.58  LTP=₹391.25  diff=-27.33
2026-09-25 11:06:01,361  [INFO]  [2026-09-25 11:06:01]  ST=BULLISH ▲  BankNifty Close=55768.40  |  PUT SELL entry=₹442.35  LTP=₹342.35  diff=-100.00  |  CALL SELL entry=₹418.58  LTP=₹398.35  diff=-20.23
2026-09-25 11:07:01,358  [INFO]  [2026-09-25 11:07:01]  ST=BULLISH ▲  BankNifty Close=55768.40  |  PUT SELL entry=₹442.35  LTP=₹342.65  diff=-99.70  |  CALL SELL entry=₹418.58  LTP=₹391.80  diff=-26.78
2026-09-25 11:08:01,377  [INFO]  [2026-09-25 11:08:01]  ST=BULLISH ▲  BankNifty Close=55769.00  |  PUT SELL entry=₹442.35  LTP=₹334.50  diff=-107.85  |  CALL SELL entry=₹418.58  LTP=₹404.75  diff=-13.83
2026-09-25 11:09:01,433  [INFO]  [2026-09-25 11:09:01]  ST=BULLISH ▲  BankNifty Close=55761.00  |  PUT SELL entry=₹442.35  LTP=₹341.80  diff=-100.55  |  CALL SELL entry=₹418.58  LTP=₹395.00  diff=-23.58
2026-09-25 11:10:01,432  [INFO]  [2026-09-25 11:10:01]  ST=BULLISH ▲  BankNifty Close=55772.80  |  PUT SELL entry=₹442.35  LTP=₹337.55  diff=-104.80  |  CALL SELL entry=₹418.58  LTP=₹405.00  diff=-13.58
2026-09-25 11:11:01,634  [INFO]  [2026-09-25 11:11:01]  ST=BULLISH ▲  BankNifty Close=55747.00  |  PUT SELL entry=₹442.35  LTP=₹332.95  diff=-109.40  |  CALL SELL entry=₹418.58  LTP=₹404.00  diff=-14.58
2026-09-25 11:12:01,376  [INFO]  [2026-09-25 11:12:01]  ST=BULLISH ▲  BankNifty Close=55758.80  |  PUT SELL entry=₹442.35  LTP=₹333.15  diff=-109.20  |  CALL SELL entry=₹418.58  LTP=₹406.15  diff=-12.43
2026-09-25 11:13:01,379  [INFO]  [2026-09-25 11:13:01]  ST=BULLISH ▲  BankNifty Close=55763.40  |  PUT SELL entry=₹442.35  LTP=₹335.05  diff=-107.30  |  CALL SELL entry=₹418.58  LTP=₹400.05  diff=-18.53
2026-09-25 11:14:01,338  [INFO]  [2026-09-25 11:14:01]  ST=BULLISH ▲  BankNifty Close=55764.80  |  PUT SELL entry=₹442.35  LTP=₹350.80  diff=-91.55  |  CALL SELL entry=₹418.58  LTP=₹385.05  diff=-33.53
2026-09-25 11:15:01,390  [INFO]  [2026-09-25 11:15:01]  ST=BULLISH ▲  BankNifty Close=55739.20  |  PUT SELL entry=₹442.35  LTP=₹338.05  diff=-104.30  |  CALL SELL entry=₹418.58  LTP=₹394.00  diff=-24.58
2026-09-25 11:16:01,413  [INFO]  [2026-09-25 11:16:01]  ST=BEARISH ▼  BankNifty Close=55750.00  |  PUT SELL entry=₹442.35  LTP=₹339.00  diff=-103.35  |  CALL SELL entry=₹418.58  LTP=₹396.15  diff=-22.43
2026-09-25 11:17:01,381  [INFO]  [2026-09-25 11:17:01]  ST=BEARISH ▼  BankNifty Close=55750.00  |  PUT SELL entry=₹442.35  LTP=₹336.05  diff=-106.30  |  CALL SELL entry=₹418.58  LTP=₹399.90  diff=-18.68
2026-09-25 11:18:01,376  [INFO]  [2026-09-25 11:18:01]  ST=BEARISH ▼  BankNifty Close=55754.20  |  PUT SELL entry=₹442.35  LTP=₹330.60  diff=-111.75  |  CALL SELL entry=₹418.58  LTP=₹405.90  diff=-12.68
2026-09-25 11:19:01,388  [INFO]  [2026-09-25 11:19:01]  ST=BEARISH ▼  BankNifty Close=55753.20  |  PUT SELL entry=₹442.35  LTP=₹336.65  diff=-105.70  |  CALL SELL entry=₹418.58  LTP=₹401.00  diff=-17.58
2026-09-25 11:20:01,395  [INFO]  [2026-09-25 11:20:01]  ST=BEARISH ▼  BankNifty Close=55742.40  |  PUT SELL entry=₹442.35  LTP=₹337.15  diff=-105.20  |  CALL SELL entry=₹418.58  LTP=₹402.00  diff=-16.58
2026-09-25 11:21:01,384  [INFO]  [2026-09-25 11:21:01]  ST=BEARISH ▼  BankNifty Close=55748.20  |  PUT SELL entry=₹442.35  LTP=₹338.10  diff=-104.25  |  CALL SELL entry=₹418.58  LTP=₹398.70  diff=-19.88
2026-09-25 11:22:01,411  [INFO]  [2026-09-25 11:22:01]  ST=BEARISH ▼  BankNifty Close=55748.00  |  PUT SELL entry=₹442.35  LTP=₹336.00  diff=-106.35  |  CALL SELL entry=₹418.58  LTP=₹396.95  diff=-21.63
2026-09-25 11:23:01,411  [INFO]  [2026-09-25 11:23:01]  ST=BEARISH ▼  BankNifty Close=55748.00  |  PUT SELL entry=₹442.35  LTP=₹333.85  diff=-108.50  |  CALL SELL entry=₹418.58  LTP=₹399.40  diff=-19.18
2026-09-25 11:24:01,389  [INFO]  [2026-09-25 11:24:01]  ST=BEARISH ▼  BankNifty Close=55756.80  |  PUT SELL entry=₹442.35  LTP=₹342.20  diff=-100.15  |  CALL SELL entry=₹418.58  LTP=₹387.40  diff=-31.18
2026-09-25 11:25:01,607  [INFO]  [2026-09-25 11:25:01]  ST=BEARISH ▼  BankNifty Close=55725.00  |  PUT SELL entry=₹442.35  LTP=₹360.45  diff=-81.90  |  CALL SELL entry=₹418.58  LTP=₹368.20  diff=-50.38
2026-09-25 11:26:01,424  [INFO]  [2026-09-25 11:26:01]  ST=BEARISH ▼  BankNifty Close=55725.00  |  PUT SELL entry=₹442.35  LTP=₹361.40  diff=-80.95  |  CALL SELL entry=₹418.58  LTP=₹370.30  diff=-48.28
2026-09-25 11:27:01,421  [INFO]  [2026-09-25 11:27:01]  ST=BEARISH ▼  BankNifty Close=55703.60  |  PUT SELL entry=₹442.35  LTP=₹358.60  diff=-83.75  |  CALL SELL entry=₹418.58  LTP=₹373.75  diff=-44.83
2026-09-25 11:28:01,413  [INFO]  [2026-09-25 11:28:01]  ST=BEARISH ▼  BankNifty Close=55703.60  |  PUT SELL entry=₹442.35  LTP=₹360.30  diff=-82.05  |  CALL SELL entry=₹418.58  LTP=₹371.85  diff=-46.73
2026-09-25 11:29:01,389  [INFO]  [2026-09-25 11:29:01]  ST=BEARISH ▼  BankNifty Close=55702.00  |  PUT SELL entry=₹442.35  LTP=₹359.05  diff=-83.30  |  CALL SELL entry=₹418.58  LTP=₹372.40  diff=-46.18
2026-09-25 11:30:01,440  [INFO]  [2026-09-25 11:30:01]  ST=BEARISH ▼  BankNifty Close=55720.00  |  PUT SELL entry=₹442.35  LTP=₹349.35  diff=-93.00  |  CALL SELL entry=₹418.58  LTP=₹378.90  diff=-39.68
2026-09-25 11:31:01,428  [INFO]  [2026-09-25 11:31:01]  ST=BULLISH ▲  BankNifty Close=55750.00  |  PUT SELL entry=₹442.35  LTP=₹351.50  diff=-90.85  |  CALL SELL entry=₹418.58  LTP=₹378.70  diff=-39.88
2026-09-25 11:32:01,415  [INFO]  [2026-09-25 11:32:01]  ST=BULLISH ▲  BankNifty Close=55750.00  |  PUT SELL entry=₹442.35  LTP=₹337.50  diff=-104.85  |  CALL SELL entry=₹418.58  LTP=₹394.05  diff=-24.53
2026-09-25 11:33:01,388  [INFO]  [2026-09-25 11:33:01]  ST=BULLISH ▲  BankNifty Close=55758.00  |  PUT SELL entry=₹442.35  LTP=₹340.05  diff=-102.30  |  CALL SELL entry=₹418.58  LTP=₹393.60  diff=-24.98
2026-09-25 11:34:01,417  [INFO]  [2026-09-25 11:34:01]  ST=BULLISH ▲  BankNifty Close=55758.00  |  PUT SELL entry=₹442.35  LTP=₹346.05  diff=-96.30  |  CALL SELL entry=₹418.58  LTP=₹381.80  diff=-36.78
2026-09-25 11:35:01,395  [INFO]  [2026-09-25 11:35:01]  ST=BULLISH ▲  BankNifty Close=55758.00  |  PUT SELL entry=₹442.35  LTP=₹341.50  diff=-100.85  |  CALL SELL entry=₹418.58  LTP=₹389.90  diff=-28.68
2026-09-25 11:36:01,645  [INFO]  [2026-09-25 11:36:01]  ST=BULLISH ▲  BankNifty Close=55758.00  |  PUT SELL entry=₹442.35  LTP=₹344.40  diff=-97.95  |  CALL SELL entry=₹418.58  LTP=₹389.40  diff=-29.18
2026-09-25 11:37:01,404  [INFO]  [2026-09-25 11:37:01]  ST=BULLISH ▲  BankNifty Close=55745.60  |  PUT SELL entry=₹442.35  LTP=₹352.65  diff=-89.70  |  CALL SELL entry=₹418.58  LTP=₹376.95  diff=-41.63
2026-09-25 11:38:01,433  [INFO]  [2026-09-25 11:38:01]  ST=BULLISH ▲  BankNifty Close=55749.80  |  PUT SELL entry=₹442.35  LTP=₹348.60  diff=-93.75  |  CALL SELL entry=₹418.58  LTP=₹381.40  diff=-37.18
2026-09-25 11:39:01,423  [INFO]  [2026-09-25 11:39:01]  ST=BULLISH ▲  BankNifty Close=55745.00  |  PUT SELL entry=₹442.35  LTP=₹344.10  diff=-98.25  |  CALL SELL entry=₹418.58  LTP=₹385.95  diff=-32.63
2026-09-25 11:40:01,435  [INFO]  [2026-09-25 11:40:01]  ST=BULLISH ▲  BankNifty Close=55755.00  |  PUT SELL entry=₹442.35  LTP=₹334.50  diff=-107.85  |  CALL SELL entry=₹418.58  LTP=₹395.90  diff=-22.68
2026-09-25 11:41:01,412  [INFO]  [2026-09-25 11:41:01]  ST=BULLISH ▲  BankNifty Close=55755.00  |  PUT SELL entry=₹442.35  LTP=₹343.90  diff=-98.45  |  CALL SELL entry=₹418.58  LTP=₹388.25  diff=-30.33
2026-09-25 11:42:01,423  [INFO]  [2026-09-25 11:42:01]  ST=BEARISH ▼  BankNifty Close=55727.20  |  PUT SELL entry=₹442.35  LTP=₹342.90  diff=-99.45  |  CALL SELL entry=₹418.58  LTP=₹387.00  diff=-31.58
2026-09-25 11:43:01,689  [INFO]  [2026-09-25 11:43:01]  ST=BEARISH ▼  BankNifty Close=55725.00  |  PUT SELL entry=₹442.35  LTP=₹336.70  diff=-105.65  |  CALL SELL entry=₹418.58  LTP=₹391.65  diff=-26.93
2026-09-25 11:44:01,424  [INFO]  [2026-09-25 11:44:01]  ST=BEARISH ▼  BankNifty Close=55744.60  |  PUT SELL entry=₹442.35  LTP=₹346.00  diff=-96.35  |  CALL SELL entry=₹418.58  LTP=₹380.00  diff=-38.58
2026-09-25 11:45:01,693  [INFO]  [2026-09-25 11:45:01]  ST=BEARISH ▼  BankNifty Close=55732.60  |  PUT SELL entry=₹442.35  LTP=₹341.75  diff=-100.60  |  CALL SELL entry=₹418.58  LTP=₹389.70  diff=-28.88
2026-09-25 11:46:01,422  [INFO]  [2026-09-25 11:46:01]  ST=BULLISH ▲  BankNifty Close=55748.20  |  PUT SELL entry=₹442.35  LTP=₹340.05  diff=-102.30  |  CALL SELL entry=₹418.58  LTP=₹389.15  diff=-29.43
2026-09-25 11:47:01,415  [INFO]  [2026-09-25 11:47:01]  ST=BULLISH ▲  BankNifty Close=55743.40  |  PUT SELL entry=₹442.35  LTP=₹332.15  diff=-110.20  |  CALL SELL entry=₹418.58  LTP=₹391.15  diff=-27.43
2026-09-25 11:48:01,436  [INFO]  [2026-09-25 11:48:01]  ST=BULLISH ▲  BankNifty Close=55743.40  |  PUT SELL entry=₹442.35  LTP=₹336.60  diff=-105.75  |  CALL SELL entry=₹418.58  LTP=₹389.00  diff=-29.58
2026-09-25 11:49:01,542  [INFO]  [2026-09-25 11:49:01]  ST=BULLISH ▲  BankNifty Close=55743.40  |  PUT SELL entry=₹442.35  LTP=₹339.85  diff=-102.50  |  CALL SELL entry=₹418.58  LTP=₹386.10  diff=-32.48
2026-09-25 11:50:01,445  [INFO]  [2026-09-25 11:50:01]  ST=BULLISH ▲  BankNifty Close=55728.60  |  PUT SELL entry=₹442.35  LTP=₹338.40  diff=-103.95  |  CALL SELL entry=₹418.58  LTP=₹384.85  diff=-33.73
2026-09-25 11:51:01,468  [INFO]  [2026-09-25 11:51:01]  ST=BULLISH ▲  BankNifty Close=55741.00  |  PUT SELL entry=₹442.35  LTP=₹334.95  diff=-107.40  |  CALL SELL entry=₹418.58  LTP=₹387.25  diff=-31.33
2026-09-25 11:52:01,408  [INFO]  [2026-09-25 11:52:01]  ST=BULLISH ▲  BankNifty Close=55741.00  |  PUT SELL entry=₹442.35  LTP=₹333.00  diff=-109.35  |  CALL SELL entry=₹418.58  LTP=₹385.20  diff=-33.38
2026-09-25 11:53:01,406  [INFO]  [2026-09-25 11:53:01]  ST=BULLISH ▲  BankNifty Close=55738.00  |  PUT SELL entry=₹442.35  LTP=₹335.05  diff=-107.30  |  CALL SELL entry=₹418.58  LTP=₹386.70  diff=-31.88
2026-09-25 11:54:01,487  [INFO]  [2026-09-25 11:54:01]  ST=BULLISH ▲  BankNifty Close=55744.00  |  PUT SELL entry=₹442.35  LTP=₹338.05  diff=-104.30  |  CALL SELL entry=₹418.58  LTP=₹383.55  diff=-35.03
2026-09-25 11:55:01,424  [INFO]  [2026-09-25 11:55:01]  ST=BULLISH ▲  BankNifty Close=55733.20  |  PUT SELL entry=₹442.35  LTP=₹333.05  diff=-109.30  |  CALL SELL entry=₹418.58  LTP=₹390.00  diff=-28.58
2026-09-25 11:56:01,434  [INFO]  [2026-09-25 11:56:01]  ST=BULLISH ▲  BankNifty Close=55744.00  |  PUT SELL entry=₹442.35  LTP=₹338.75  diff=-103.60  |  CALL SELL entry=₹418.58  LTP=₹378.90  diff=-39.68
2026-09-25 11:57:01,418  [INFO]  [2026-09-25 11:57:01]  ST=BULLISH ▲  BankNifty Close=55730.00  |  PUT SELL entry=₹442.35  LTP=₹340.75  diff=-101.60  |  CALL SELL entry=₹418.58  LTP=₹376.75  diff=-41.83
2026-09-25 11:58:01,501  [INFO]  [2026-09-25 11:58:01]  ST=BEARISH ▼  BankNifty Close=55726.40  |  PUT SELL entry=₹442.35  LTP=₹339.60  diff=-102.75  |  CALL SELL entry=₹418.58  LTP=₹377.90  diff=-40.68
2026-09-25 11:59:01,499  [INFO]  [2026-09-25 11:59:01]  ST=BEARISH ▼  BankNifty Close=55744.00  |  PUT SELL entry=₹442.35  LTP=₹340.95  diff=-101.40  |  CALL SELL entry=₹418.58  LTP=₹377.95  diff=-40.63
2026-09-25 12:00:01,425  [INFO]  [2026-09-25 12:00:01]  ST=BEARISH ▼  BankNifty Close=55721.40  |  PUT SELL entry=₹442.35  LTP=₹343.40  diff=-98.95  |  CALL SELL entry=₹418.58  LTP=₹373.25  diff=-45.33
2026-09-25 12:01:01,637  [INFO]  [2026-09-25 12:01:01]  ST=BEARISH ▼  BankNifty Close=55721.40  |  PUT SELL entry=₹442.35  LTP=₹343.30  diff=-99.05  |  CALL SELL entry=₹418.58  LTP=₹372.45  diff=-46.13
2026-09-25 12:02:01,472  [INFO]  [2026-09-25 12:02:01]  ST=BEARISH ▼  BankNifty Close=55721.40  |  PUT SELL entry=₹442.35  LTP=₹357.65  diff=-84.70  |  CALL SELL entry=₹418.58  LTP=₹359.40  diff=-59.18
2026-09-25 12:03:01,487  [INFO]  [2026-09-25 12:03:01]  ST=BEARISH ▼  BankNifty Close=55716.00  |  PUT SELL entry=₹442.35  LTP=₹355.70  diff=-86.65  |  CALL SELL entry=₹418.58  LTP=₹363.50  diff=-55.08
2026-09-25 12:04:01,443  [INFO]  [2026-09-25 12:04:01]  ST=BEARISH ▼  BankNifty Close=55700.00  |  PUT SELL entry=₹442.35  LTP=₹365.95  diff=-76.40  |  CALL SELL entry=₹418.58  LTP=₹350.10  diff=-68.48
2026-09-25 12:05:01,444  [INFO]  [2026-09-25 12:05:01]  ST=BEARISH ▼  BankNifty Close=55700.00  |  PUT SELL entry=₹442.35  LTP=₹354.80  diff=-87.55  |  CALL SELL entry=₹418.58  LTP=₹359.90  diff=-58.68
2026-09-25 12:06:01,511  [INFO]  [2026-09-25 12:06:01]  ST=BEARISH ▼  BankNifty Close=55700.00  |  PUT SELL entry=₹442.35  LTP=₹357.00  diff=-85.35  |  CALL SELL entry=₹418.58  LTP=₹360.35  diff=-58.23
2026-09-25 12:07:01,716  [INFO]  [2026-09-25 12:07:01]  ST=BEARISH ▼  BankNifty Close=55690.60  |  PUT SELL entry=₹442.35  LTP=₹361.95  diff=-80.40  |  CALL SELL entry=₹418.58  LTP=₹356.40  diff=-62.18
2026-09-25 12:08:01,501  [INFO]  [2026-09-25 12:08:01]  ST=BEARISH ▼  BankNifty Close=55682.80  |  PUT SELL entry=₹442.35  LTP=₹363.50  diff=-78.85  |  CALL SELL entry=₹418.58  LTP=₹356.60  diff=-61.98
2026-09-25 12:09:01,495  [INFO]  [2026-09-25 12:09:01]  ST=BEARISH ▼  BankNifty Close=55701.00  |  PUT SELL entry=₹442.35  LTP=₹350.25  diff=-92.10  |  CALL SELL entry=₹418.58  LTP=₹365.00  diff=-53.58
2026-09-25 12:10:01,528  [INFO]  [2026-09-25 12:10:01]  ST=BEARISH ▼  BankNifty Close=55701.00  |  PUT SELL entry=₹442.35  LTP=₹345.15  diff=-97.20  |  CALL SELL entry=₹418.58  LTP=₹373.50  diff=-45.08
2026-09-25 12:11:01,520  [INFO]  [2026-09-25 12:11:01]  ST=BULLISH ▲  BankNifty Close=55720.00  |  PUT SELL entry=₹442.35  LTP=₹342.65  diff=-99.70  |  CALL SELL entry=₹418.58  LTP=₹374.30  diff=-44.28
2026-09-25 12:12:01,535  [INFO]  [2026-09-25 12:12:01]  ST=BULLISH ▲  BankNifty Close=55706.20  |  PUT SELL entry=₹442.35  LTP=₹337.80  diff=-104.55  |  CALL SELL entry=₹418.58  LTP=₹382.40  diff=-36.18
2026-09-25 12:13:01,506  [INFO]  [2026-09-25 12:13:01]  ST=BULLISH ▲  BankNifty Close=55729.80  |  PUT SELL entry=₹442.35  LTP=₹338.00  diff=-104.35  |  CALL SELL entry=₹418.58  LTP=₹381.45  diff=-37.13
2026-09-25 12:14:01,542  [INFO]  [2026-09-25 12:14:01]  ST=BULLISH ▲  BankNifty Close=55729.80  |  PUT SELL entry=₹442.35  LTP=₹347.25  diff=-95.10  |  CALL SELL entry=₹418.58  LTP=₹372.65  diff=-45.93
2026-09-25 12:15:01,533  [INFO]  [2026-09-25 12:15:01]  ST=BEARISH ▼  BankNifty Close=55718.80  |  PUT SELL entry=₹442.35  LTP=₹348.65  diff=-93.70  |  CALL SELL entry=₹418.58  LTP=₹370.00  diff=-48.58
2026-09-25 12:16:01,489  [INFO]  [2026-09-25 12:16:01]  ST=BEARISH ▼  BankNifty Close=55720.00  |  PUT SELL entry=₹442.35  LTP=₹347.30  diff=-95.05  |  CALL SELL entry=₹418.58  LTP=₹369.45  diff=-49.13
2026-09-25 12:17:01,525  [INFO]  [2026-09-25 12:17:01]  ST=BEARISH ▼  BankNifty Close=55715.00  |  PUT SELL entry=₹442.35  LTP=₹346.40  diff=-95.95  |  CALL SELL entry=₹418.58  LTP=₹371.05  diff=-47.53
2026-09-25 12:18:01,519  [INFO]  [2026-09-25 12:18:01]  ST=BEARISH ▼  BankNifty Close=55715.00  |  PUT SELL entry=₹442.35  LTP=₹356.60  diff=-85.75  |  CALL SELL entry=₹418.58  LTP=₹361.00  diff=-57.58
2026-09-25 12:19:01,564  [INFO]  [2026-09-25 12:19:01]  ST=BEARISH ▼  BankNifty Close=55700.00  |  PUT SELL entry=₹442.35  LTP=₹349.80  diff=-92.55  |  CALL SELL entry=₹418.58  LTP=₹366.55  diff=-52.03
2026-09-25 12:20:01,523  [INFO]  [2026-09-25 12:20:01]  ST=BEARISH ▼  BankNifty Close=55700.00  |  PUT SELL entry=₹442.35  LTP=₹354.00  diff=-88.35  |  CALL SELL entry=₹418.58  LTP=₹363.00  diff=-55.58
2026-09-25 12:21:01,506  [INFO]  [2026-09-25 12:21:01]  ST=BEARISH ▼  BankNifty Close=55700.00  |  PUT SELL entry=₹442.35  LTP=₹357.90  diff=-84.45  |  CALL SELL entry=₹418.58  LTP=₹361.65  diff=-56.93
2026-09-25 12:22:01,583  [INFO]  [2026-09-25 12:22:01]  ST=BEARISH ▼  BankNifty Close=55691.80  |  PUT SELL entry=₹442.35  LTP=₹364.00  diff=-78.35  |  CALL SELL entry=₹418.58  LTP=₹354.30  diff=-64.28
2026-09-25 12:23:01,517  [INFO]  [2026-09-25 12:23:01]  ST=BEARISH ▼  BankNifty Close=55689.40  |  PUT SELL entry=₹442.35  LTP=₹373.10  diff=-69.25  |  CALL SELL entry=₹418.58  LTP=₹347.35  diff=-71.23
2026-09-25 12:24:01,516  [INFO]  [2026-09-25 12:24:01]  ST=BEARISH ▼  BankNifty Close=55690.00  |  PUT SELL entry=₹442.35  LTP=₹364.20  diff=-78.15  |  CALL SELL entry=₹418.58  LTP=₹356.95  diff=-61.63
2026-09-25 12:25:01,562  [INFO]  [2026-09-25 12:25:01]  ST=BEARISH ▼  BankNifty Close=55690.00  |  PUT SELL entry=₹442.35  LTP=₹369.45  diff=-72.90  |  CALL SELL entry=₹418.58  LTP=₹351.10  diff=-67.48
2026-09-25 12:26:01,581  [INFO]  [2026-09-25 12:26:01]  ST=BEARISH ▼  BankNifty Close=55671.20  |  PUT SELL entry=₹442.35  LTP=₹370.40  diff=-71.95  |  CALL SELL entry=₹418.58  LTP=₹347.75  diff=-70.83
2026-09-25 12:27:01,550  [INFO]  [2026-09-25 12:27:01]  ST=BEARISH ▼  BankNifty Close=55683.00  |  PUT SELL entry=₹442.35  LTP=₹364.80  diff=-77.55  |  CALL SELL entry=₹418.58  LTP=₹354.40  diff=-64.18
2026-09-25 12:28:01,511  [INFO]  [2026-09-25 12:28:01]  ST=BEARISH ▼  BankNifty Close=55685.00  |  PUT SELL entry=₹442.35  LTP=₹365.70  diff=-76.65  |  CALL SELL entry=₹418.58  LTP=₹354.85  diff=-63.73
2026-09-25 12:29:01,564  [INFO]  [2026-09-25 12:29:01]  ST=BULLISH ▲  BankNifty Close=55700.00  |  PUT SELL entry=₹442.35  LTP=₹359.00  diff=-83.35  |  CALL SELL entry=₹418.58  LTP=₹356.25  diff=-62.33
2026-09-25 12:30:01,526  [INFO]  [2026-09-25 12:30:01]  ST=BULLISH ▲  BankNifty Close=55700.00  |  PUT SELL entry=₹442.35  LTP=₹353.85  diff=-88.50  |  CALL SELL entry=₹418.58  LTP=₹359.85  diff=-58.73
2026-09-25 12:31:01,500  [INFO]  [2026-09-25 12:31:01]  ST=BULLISH ▲  BankNifty Close=55711.80  |  PUT SELL entry=₹442.35  LTP=₹343.55  diff=-98.80  |  CALL SELL entry=₹418.58  LTP=₹372.10  diff=-46.48
2026-09-25 12:32:01,534  [INFO]  [2026-09-25 12:32:01]  ST=BULLISH ▲  BankNifty Close=55723.00  |  PUT SELL entry=₹442.35  LTP=₹347.80  diff=-94.55  |  CALL SELL entry=₹418.58  LTP=₹370.90  diff=-47.68
2026-09-25 12:33:01,545  [INFO]  [2026-09-25 12:33:01]  ST=BULLISH ▲  BankNifty Close=55723.20  |  PUT SELL entry=₹442.35  LTP=₹347.35  diff=-95.00  |  CALL SELL entry=₹418.58  LTP=₹368.05  diff=-50.53
2026-09-25 12:34:01,528  [INFO]  [2026-09-25 12:34:01]  ST=BULLISH ▲  BankNifty Close=55720.00  |  PUT SELL entry=₹442.35  LTP=₹356.00  diff=-86.35  |  CALL SELL entry=₹418.58  LTP=₹363.35  diff=-55.23
2026-09-25 12:35:01,515  [INFO]  [2026-09-25 12:35:01]  ST=BULLISH ▲  BankNifty Close=55720.00  |  PUT SELL entry=₹442.35  LTP=₹357.50  diff=-84.85  |  CALL SELL entry=₹418.58  LTP=₹356.75  diff=-61.83
2026-09-25 12:36:01,523  [INFO]  [2026-09-25 12:36:01]  ST=BEARISH ▼  BankNifty Close=55680.20  |  PUT SELL entry=₹442.35  LTP=₹362.00  diff=-80.35  |  CALL SELL entry=₹418.58  LTP=₹353.05  diff=-65.53
2026-09-25 12:37:01,529  [INFO]  [2026-09-25 12:37:01]  ST=BEARISH ▼  BankNifty Close=55680.20  |  PUT SELL entry=₹442.35  LTP=₹371.90  diff=-70.45  |  CALL SELL entry=₹418.58  LTP=₹347.10  diff=-71.48
2026-09-25 12:38:01,583  [INFO]  [2026-09-25 12:38:01]  ST=BEARISH ▼  BankNifty Close=55671.20  |  PUT SELL entry=₹442.35  LTP=₹368.75  diff=-73.60  |  CALL SELL entry=₹418.58  LTP=₹349.70  diff=-68.88
2026-09-25 12:39:01,527  [INFO]  [2026-09-25 12:39:01]  ST=BEARISH ▼  BankNifty Close=55685.00  |  PUT SELL entry=₹442.35  LTP=₹360.60  diff=-81.75  |  CALL SELL entry=₹418.58  LTP=₹353.75  diff=-64.83
2026-09-25 12:40:01,554  [INFO]  [2026-09-25 12:40:01]  ST=BEARISH ▼  BankNifty Close=55685.00  |  PUT SELL entry=₹442.35  LTP=₹360.20  diff=-82.15  |  CALL SELL entry=₹418.58  LTP=₹352.75  diff=-65.83
2026-09-25 12:41:01,543  [INFO]  [2026-09-25 12:41:01]  ST=BEARISH ▼  BankNifty Close=55685.00  |  PUT SELL entry=₹442.35  LTP=₹365.35  diff=-77.00  |  CALL SELL entry=₹418.58  LTP=₹348.65  diff=-69.93
2026-09-25 12:42:01,620  [INFO]  [2026-09-25 12:42:01]  ST=BEARISH ▼  BankNifty Close=55676.80  |  PUT SELL entry=₹442.35  LTP=₹362.10  diff=-80.25  |  CALL SELL entry=₹418.58  LTP=₹349.40  diff=-69.18
2026-09-25 12:43:01,586  [INFO]  [2026-09-25 12:43:01]  ST=BEARISH ▼  BankNifty Close=55676.80  |  PUT SELL entry=₹442.35  LTP=₹371.60  diff=-70.75  |  CALL SELL entry=₹418.58  LTP=₹338.85  diff=-79.73
2026-09-25 12:44:01,532  [INFO]  [2026-09-25 12:44:01]  ST=BEARISH ▼  BankNifty Close=55670.00  |  PUT SELL entry=₹442.35  LTP=₹371.65  diff=-70.70  |  CALL SELL entry=₹418.58  LTP=₹340.85  diff=-77.73
2026-09-25 12:45:01,607  [INFO]  [2026-09-25 12:45:01]  ST=BEARISH ▼  BankNifty Close=55663.20  |  PUT SELL entry=₹442.35  LTP=₹373.45  diff=-68.90  |  CALL SELL entry=₹418.58  LTP=₹334.60  diff=-83.98
2026-09-25 12:46:01,602  [INFO]  [2026-09-25 12:46:01]  ST=BEARISH ▼  BankNifty Close=55650.40  |  PUT SELL entry=₹442.35  LTP=₹374.80  diff=-67.55  |  CALL SELL entry=₹418.58  LTP=₹337.70  diff=-80.88
2026-09-25 12:47:01,766  [INFO]  [2026-09-25 12:47:01]  ST=BEARISH ▼  BankNifty Close=55654.60  |  PUT SELL entry=₹442.35  LTP=₹376.05  diff=-66.30  |  CALL SELL entry=₹418.58  LTP=₹336.20  diff=-82.38
2026-09-25 12:48:01,521  [INFO]  [2026-09-25 12:48:01]  ST=BEARISH ▼  BankNifty Close=55658.00  |  PUT SELL entry=₹442.35  LTP=₹371.10  diff=-71.25  |  CALL SELL entry=₹418.58  LTP=₹339.10  diff=-79.48
2026-09-25 12:49:01,587  [INFO]  [2026-09-25 12:49:01]  ST=BEARISH ▼  BankNifty Close=55656.80  |  PUT SELL entry=₹442.35  LTP=₹383.30  diff=-59.05  |  CALL SELL entry=₹418.58  LTP=₹330.85  diff=-87.73
2026-09-25 12:50:01,553  [INFO]  [2026-09-25 12:50:01]  ST=BEARISH ▼  BankNifty Close=55641.00  |  PUT SELL entry=₹442.35  LTP=₹389.40  diff=-52.95  |  CALL SELL entry=₹418.58  LTP=₹324.05  diff=-94.53
2026-09-25 12:51:01,634  [INFO]  [2026-09-25 12:51:01]  ST=BEARISH ▼  BankNifty Close=55625.20  |  PUT SELL entry=₹442.35  LTP=₹400.90  diff=-41.45  |  CALL SELL entry=₹418.58  LTP=₹322.95  diff=-95.63
2026-09-25 12:52:01,551  [INFO]  [2026-09-25 12:52:01]  ST=BEARISH ▼  BankNifty Close=55624.80  |  PUT SELL entry=₹442.35  LTP=₹409.05  diff=-33.30  |  CALL SELL entry=₹418.58  LTP=₹314.35  diff=-104.23
2026-09-25 12:53:01,564  [INFO]  [2026-09-25 12:53:01]  ST=BEARISH ▼  BankNifty Close=55620.00  |  PUT SELL entry=₹442.35  LTP=₹404.95  diff=-37.40  |  CALL SELL entry=₹418.58  LTP=₹316.10  diff=-102.48
2026-09-25 12:54:01,585  [INFO]  [2026-09-25 12:54:01]  ST=BEARISH ▼  BankNifty Close=55610.40  |  PUT SELL entry=₹442.35  LTP=₹398.10  diff=-44.25  |  CALL SELL entry=₹418.58  LTP=₹318.00  diff=-100.58
2026-09-25 12:55:01,578  [INFO]  [2026-09-25 12:55:01]  ST=BEARISH ▼  BankNifty Close=55608.40  |  PUT SELL entry=₹442.35  LTP=₹405.45  diff=-36.90  |  CALL SELL entry=₹418.58  LTP=₹317.95  diff=-100.63
2026-09-25 12:56:01,638  [INFO]  [2026-09-25 12:56:01]  ST=BEARISH ▼  BankNifty Close=55608.40  |  PUT SELL entry=₹442.35  LTP=₹409.80  diff=-32.55  |  CALL SELL entry=₹418.58  LTP=₹312.05  diff=-106.53
2026-09-25 12:57:01,597  [INFO]  [2026-09-25 12:57:01]  ST=BEARISH ▼  BankNifty Close=55610.00  |  PUT SELL entry=₹442.35  LTP=₹440.60  diff=-1.75  |  CALL SELL entry=₹418.58  LTP=₹301.10  diff=-117.48
2026-09-25 12:58:21,512  [WARNING]  Network/timeout error calling Groww API (live_data, attempt 1/4) — retrying in 2s: Call to get_ltp did not return within 20.0s (hard timeout) -- treating as a hung network call.
2026-09-25 12:58:23,609  [INFO]  [2026-09-25 12:58:01]  ST=BEARISH ▼  BankNifty Close=55595.00  |  PUT SELL entry=₹442.35  LTP=₹421.85  diff=-20.50  |  CALL SELL entry=₹418.58  LTP=₹317.40  diff=-101.18
2026-09-25 12:59:01,556  [INFO]  [2026-09-25 12:59:01]  ST=BULLISH ▲  BankNifty Close=55608.00  |  PUT SELL entry=₹442.35  LTP=₹405.25  diff=-37.10  |  CALL SELL entry=₹418.58  LTP=₹323.25  diff=-95.33
2026-09-25 13:00:01,647  [INFO]  [2026-09-25 13:00:01]  ST=BULLISH ▲  BankNifty Close=55625.60  |  PUT SELL entry=₹442.35  LTP=₹397.95  diff=-44.40  |  CALL SELL entry=₹418.58  LTP=₹331.20  diff=-87.38
2026-09-25 13:01:01,546  [INFO]  [2026-09-25 13:01:01]  ST=BULLISH ▲  BankNifty Close=55630.00  |  PUT SELL entry=₹442.35  LTP=₹394.20  diff=-48.15  |  CALL SELL entry=₹418.58  LTP=₹333.40  diff=-85.18
2026-09-25 13:02:01,626  [INFO]  [2026-09-25 13:02:01]  ST=BULLISH ▲  BankNifty Close=55649.20  |  PUT SELL entry=₹442.35  LTP=₹385.75  diff=-56.60  |  CALL SELL entry=₹418.58  LTP=₹335.35  diff=-83.23
2026-09-25 13:03:01,622  [INFO]  [2026-09-25 13:03:01]  ST=BULLISH ▲  BankNifty Close=55660.00  |  PUT SELL entry=₹442.35  LTP=₹408.00  diff=-34.35  |  CALL SELL entry=₹418.58  LTP=₹317.00  diff=-101.58
2026-09-25 13:04:01,570  [INFO]  [2026-09-25 13:04:01]  ST=BEARISH ▼  BankNifty Close=55633.00  |  PUT SELL entry=₹442.35  LTP=₹405.95  diff=-36.40  |  CALL SELL entry=₹418.58  LTP=₹320.80  diff=-97.78
2026-09-25 13:05:01,624  [INFO]  [2026-09-25 13:05:01]  ST=BEARISH ▼  BankNifty Close=55626.00  |  PUT SELL entry=₹442.35  LTP=₹406.75  diff=-35.60  |  CALL SELL entry=₹418.58  LTP=₹319.45  diff=-99.13
2026-09-25 13:06:01,625  [INFO]  [2026-09-25 13:06:01]  ST=BEARISH ▼  BankNifty Close=55622.40  |  PUT SELL entry=₹442.35  LTP=₹398.25  diff=-44.10  |  CALL SELL entry=₹418.58  LTP=₹326.65  diff=-91.93
2026-09-25 13:07:01,603  [INFO]  [2026-09-25 13:07:01]  ST=BEARISH ▼  BankNifty Close=55622.40  |  PUT SELL entry=₹442.35  LTP=₹396.40  diff=-45.95  |  CALL SELL entry=₹418.58  LTP=₹326.40  diff=-92.18
2026-09-25 13:08:01,547  [INFO]  [2026-09-25 13:08:01]  ST=BEARISH ▼  BankNifty Close=55631.00  |  PUT SELL entry=₹442.35  LTP=₹399.55  diff=-42.80  |  CALL SELL entry=₹418.58  LTP=₹323.00  diff=-95.58
2026-09-25 13:09:01,592  [INFO]  [2026-09-25 13:09:01]  ST=BEARISH ▼  BankNifty Close=55632.00  |  PUT SELL entry=₹442.35  LTP=₹393.75  diff=-48.60  |  CALL SELL entry=₹418.58  LTP=₹327.00  diff=-91.58
2026-09-25 13:10:01,588  [INFO]  [2026-09-25 13:10:01]  ST=BULLISH ▲  BankNifty Close=55641.20  |  PUT SELL entry=₹442.35  LTP=₹385.00  diff=-57.35  |  CALL SELL entry=₹418.58  LTP=₹333.30  diff=-85.28
2026-09-25 13:11:01,603  [INFO]  [2026-09-25 13:11:01]  ST=BULLISH ▲  BankNifty Close=55640.60  |  PUT SELL entry=₹442.35  LTP=₹384.25  diff=-58.10  |  CALL SELL entry=₹418.58  LTP=₹334.65  diff=-83.93
2026-09-25 13:12:01,579  [INFO]  [2026-09-25 13:12:01]  ST=BULLISH ▲  BankNifty Close=55649.40  |  PUT SELL entry=₹442.35  LTP=₹380.40  diff=-61.95  |  CALL SELL entry=₹418.58  LTP=₹337.55  diff=-81.03
2026-09-25 13:13:01,613  [INFO]  [2026-09-25 13:13:01]  ST=BULLISH ▲  BankNifty Close=55655.00  |  PUT SELL entry=₹442.35  LTP=₹386.00  diff=-56.35  |  CALL SELL entry=₹418.58  LTP=₹330.95  diff=-87.63
2026-09-25 13:14:01,589  [INFO]  [2026-09-25 13:14:01]  ST=BULLISH ▲  BankNifty Close=55639.20  |  PUT SELL entry=₹442.35  LTP=₹389.55  diff=-52.80  |  CALL SELL entry=₹418.58  LTP=₹329.60  diff=-88.98
2026-09-25 13:15:01,550  [INFO]  [2026-09-25 13:15:01]  ST=BULLISH ▲  BankNifty Close=55639.60  |  PUT SELL entry=₹442.35  LTP=₹400.00  diff=-42.35  |  CALL SELL entry=₹418.58  LTP=₹322.50  diff=-96.08
2026-09-25 13:16:01,607  [INFO]  [2026-09-25 13:16:01]  ST=BEARISH ▼  BankNifty Close=55628.80  |  PUT SELL entry=₹442.35  LTP=₹400.65  diff=-41.70  |  CALL SELL entry=₹418.58  LTP=₹318.85  diff=-99.73
2026-09-25 13:17:01,573  [INFO]  [2026-09-25 13:17:01]  ST=BEARISH ▼  BankNifty Close=55626.40  |  PUT SELL entry=₹442.35  LTP=₹393.50  diff=-48.85  |  CALL SELL entry=₹418.58  LTP=₹323.55  diff=-95.03
2026-09-25 13:18:01,589  [INFO]  [2026-09-25 13:18:01]  ST=BEARISH ▼  BankNifty Close=55622.80  |  PUT SELL entry=₹442.35  LTP=₹395.65  diff=-46.70  |  CALL SELL entry=₹418.58  LTP=₹322.95  diff=-95.63
2026-09-25 13:19:01,934  [INFO]  [2026-09-25 13:19:01]  ST=BEARISH ▼  BankNifty Close=55625.60  |  PUT SELL entry=₹442.35  LTP=₹392.70  diff=-49.65  |  CALL SELL entry=₹418.58  LTP=₹325.00  diff=-93.58
2026-09-25 13:20:01,590  [INFO]  [2026-09-25 13:20:01]  ST=BEARISH ▼  BankNifty Close=55626.20  |  PUT SELL entry=₹442.35  LTP=₹392.60  diff=-49.75  |  CALL SELL entry=₹418.58  LTP=₹321.10  diff=-97.48
2026-09-25 13:21:01,565  [INFO]  [2026-09-25 13:21:01]  ST=BULLISH ▲  BankNifty Close=55647.60  |  PUT SELL entry=₹442.35  LTP=₹393.70  diff=-48.65  |  CALL SELL entry=₹418.58  LTP=₹322.80  diff=-95.78
2026-09-25 13:22:01,620  [INFO]  [2026-09-25 13:22:01]  ST=BULLISH ▲  BankNifty Close=55630.60  |  PUT SELL entry=₹442.35  LTP=₹387.80  diff=-54.55  |  CALL SELL entry=₹418.58  LTP=₹326.75  diff=-91.83
2026-09-25 13:23:01,585  [INFO]  [2026-09-25 13:23:01]  ST=BULLISH ▲  BankNifty Close=55633.60  |  PUT SELL entry=₹442.35  LTP=₹400.30  diff=-42.05  |  CALL SELL entry=₹418.58  LTP=₹314.35  diff=-104.23
2026-09-25 13:24:01,673  [INFO]  [2026-09-25 13:24:01]  ST=BULLISH ▲  BankNifty Close=55633.60  |  PUT SELL entry=₹442.35  LTP=₹393.15  diff=-49.20  |  CALL SELL entry=₹418.58  LTP=₹323.85  diff=-94.73
2026-09-25 13:25:01,700  [INFO]  [2026-09-25 13:25:01]  ST=BULLISH ▲  BankNifty Close=55623.00  |  PUT SELL entry=₹442.35  LTP=₹396.90  diff=-45.45  |  CALL SELL entry=₹418.58  LTP=₹318.75  diff=-99.83
2026-09-25 13:26:01,616  [INFO]  [2026-09-25 13:26:01]  ST=BEARISH ▼  BankNifty Close=55617.20  |  PUT SELL entry=₹442.35  LTP=₹396.10  diff=-46.25  |  CALL SELL entry=₹418.58  LTP=₹321.70  diff=-96.88
2026-09-25 13:27:01,602  [INFO]  [2026-09-25 13:27:01]  ST=BEARISH ▼  BankNifty Close=55626.20  |  PUT SELL entry=₹442.35  LTP=₹387.25  diff=-55.10  |  CALL SELL entry=₹418.58  LTP=₹326.20  diff=-92.38
2026-09-25 13:28:01,612  [INFO]  [2026-09-25 13:28:01]  ST=BEARISH ▼  BankNifty Close=55632.80  |  PUT SELL entry=₹442.35  LTP=₹397.95  diff=-44.40  |  CALL SELL entry=₹418.58  LTP=₹317.50  diff=-101.08
2026-09-25 13:29:01,606  [INFO]  [2026-09-25 13:29:01]  ST=BEARISH ▼  BankNifty Close=55617.20  |  PUT SELL entry=₹442.35  LTP=₹397.25  diff=-45.10  |  CALL SELL entry=₹418.58  LTP=₹319.60  diff=-98.98
2026-09-25 13:30:01,624  [INFO]  [2026-09-25 13:30:01]  ST=BEARISH ▼  BankNifty Close=55617.60  |  PUT SELL entry=₹442.35  LTP=₹395.50  diff=-46.85  |  CALL SELL entry=₹418.58  LTP=₹321.75  diff=-96.83
2026-09-25 13:31:01,608  [INFO]  [2026-09-25 13:31:01]  ST=BEARISH ▼  BankNifty Close=55629.00  |  PUT SELL entry=₹442.35  LTP=₹397.45  diff=-44.90  |  CALL SELL entry=₹418.58  LTP=₹317.65  diff=-100.93
2026-09-25 13:32:01,599  [INFO]  [2026-09-25 13:32:01]  ST=BEARISH ▼  BankNifty Close=55618.40  |  PUT SELL entry=₹442.35  LTP=₹394.65  diff=-47.70  |  CALL SELL entry=₹418.58  LTP=₹320.00  diff=-98.58
2026-09-25 13:33:01,615  [INFO]  [2026-09-25 13:33:01]  ST=BEARISH ▼  BankNifty Close=55610.80  |  PUT SELL entry=₹442.35  LTP=₹400.70  diff=-41.65  |  CALL SELL entry=₹418.58  LTP=₹315.00  diff=-103.58
2026-09-25 13:34:01,620  [INFO]  [2026-09-25 13:34:01]  ST=BEARISH ▼  BankNifty Close=55610.80  |  PUT SELL entry=₹442.35  LTP=₹410.00  diff=-32.35  |  CALL SELL entry=₹418.58  LTP=₹305.00  diff=-113.58
2026-09-25 13:35:01,651  [INFO]  [2026-09-25 13:35:01]  ST=BEARISH ▼  BankNifty Close=55588.60  |  PUT SELL entry=₹442.35  LTP=₹416.45  diff=-25.90  |  CALL SELL entry=₹418.58  LTP=₹300.85  diff=-117.73
2026-09-25 13:36:01,600  [INFO]  [2026-09-25 13:36:01]  ST=BEARISH ▼  BankNifty Close=55578.00  |  PUT SELL entry=₹442.35  LTP=₹417.15  diff=-25.20  |  CALL SELL entry=₹418.58  LTP=₹305.55  diff=-113.03
2026-09-25 13:37:01,630  [INFO]  [2026-09-25 13:37:01]  ST=BEARISH ▼  BankNifty Close=55584.80  |  PUT SELL entry=₹442.35  LTP=₹413.75  diff=-28.60  |  CALL SELL entry=₹418.58  LTP=₹310.20  diff=-108.38
2026-09-25 13:38:01,683  [INFO]  [2026-09-25 13:38:01]  ST=BEARISH ▼  BankNifty Close=55598.80  |  PUT SELL entry=₹442.35  LTP=₹409.70  diff=-32.65  |  CALL SELL entry=₹418.58  LTP=₹313.35  diff=-105.23
2026-09-25 13:39:01,627  [INFO]  [2026-09-25 13:39:01]  ST=BEARISH ▼  BankNifty Close=55598.80  |  PUT SELL entry=₹442.35  LTP=₹414.90  diff=-27.45  |  CALL SELL entry=₹418.58  LTP=₹309.70  diff=-108.88
2026-09-25 13:40:01,759  [INFO]  [2026-09-25 13:40:01]  ST=BEARISH ▼  BankNifty Close=55582.20  |  PUT SELL entry=₹442.35  LTP=₹421.30  diff=-21.05  |  CALL SELL entry=₹418.58  LTP=₹304.20  diff=-114.38
2026-09-25 13:41:01,671  [INFO]  [2026-09-25 13:41:01]  ST=BEARISH ▼  BankNifty Close=55580.60  |  PUT SELL entry=₹442.35  LTP=₹409.15  diff=-33.20  |  CALL SELL entry=₹418.58  LTP=₹313.25  diff=-105.33
2026-09-25 13:42:01,617  [INFO]  [2026-09-25 13:42:01]  ST=BEARISH ▼  BankNifty Close=55594.20  |  PUT SELL entry=₹442.35  LTP=₹408.65  diff=-33.70  |  CALL SELL entry=₹418.58  LTP=₹311.00  diff=-107.58
2026-09-25 13:43:01,642  [INFO]  [2026-09-25 13:43:01]  ST=BULLISH ▲  BankNifty Close=55639.60  |  PUT SELL entry=₹442.35  LTP=₹391.85  diff=-50.50  |  CALL SELL entry=₹418.58  LTP=₹324.00  diff=-94.58
2026-09-25 13:44:01,657  [INFO]  [2026-09-25 13:44:01]  ST=BULLISH ▲  BankNifty Close=55613.40  |  PUT SELL entry=₹442.35  LTP=₹408.30  diff=-34.05  |  CALL SELL entry=₹418.58  LTP=₹310.70  diff=-107.88
2026-09-25 13:45:01,619  [INFO]  [2026-09-25 13:45:01]  ST=BULLISH ▲  BankNifty Close=55626.40  |  PUT SELL entry=₹442.35  LTP=₹403.40  diff=-38.95  |  CALL SELL entry=₹418.58  LTP=₹313.95  diff=-104.63
2026-09-25 13:46:01,648  [INFO]  [2026-09-25 13:46:01]  ST=BULLISH ▲  BankNifty Close=55626.40  |  PUT SELL entry=₹442.35  LTP=₹397.30  diff=-45.05  |  CALL SELL entry=₹418.58  LTP=₹318.35  diff=-100.23
2026-09-25 13:47:01,623  [INFO]  [2026-09-25 13:47:01]  ST=BULLISH ▲  BankNifty Close=55648.00  |  PUT SELL entry=₹442.35  LTP=₹381.80  diff=-60.55  |  CALL SELL entry=₹418.58  LTP=₹335.55  diff=-83.03
2026-09-25 13:48:01,650  [INFO]  [2026-09-25 13:48:01]  ST=BULLISH ▲  BankNifty Close=55650.00  |  PUT SELL entry=₹442.35  LTP=₹392.15  diff=-50.20  |  CALL SELL entry=₹418.58  LTP=₹325.70  diff=-92.88
2026-09-25 13:49:01,646  [INFO]  [2026-09-25 13:49:01]  ST=BULLISH ▲  BankNifty Close=55641.40  |  PUT SELL entry=₹442.35  LTP=₹392.50  diff=-49.85  |  CALL SELL entry=₹418.58  LTP=₹321.35  diff=-97.23
2026-09-25 13:50:01,648  [INFO]  [2026-09-25 13:50:01]  ST=BEARISH ▼  BankNifty Close=55620.00  |  PUT SELL entry=₹442.35  LTP=₹393.75  diff=-48.60  |  CALL SELL entry=₹418.58  LTP=₹321.10  diff=-97.48
2026-09-25 13:51:01,649  [INFO]  [2026-09-25 13:51:01]  ST=BEARISH ▼  BankNifty Close=55610.00  |  PUT SELL entry=₹442.35  LTP=₹400.35  diff=-42.00  |  CALL SELL entry=₹418.58  LTP=₹314.90  diff=-103.68
2026-09-25 13:52:01,897  [INFO]  [2026-09-25 13:52:01]  ST=BEARISH ▼  BankNifty Close=55610.20  |  PUT SELL entry=₹442.35  LTP=₹392.65  diff=-49.70  |  CALL SELL entry=₹418.58  LTP=₹320.20  diff=-98.38
2026-09-25 13:53:01,635  [INFO]  [2026-09-25 13:53:01]  ST=BEARISH ▼  BankNifty Close=55630.00  |  PUT SELL entry=₹442.35  LTP=₹395.35  diff=-47.00  |  CALL SELL entry=₹418.58  LTP=₹318.15  diff=-100.43
2026-09-25 13:54:01,666  [INFO]  [2026-09-25 13:54:01]  ST=BEARISH ▼  BankNifty Close=55610.80  |  PUT SELL entry=₹442.35  LTP=₹398.75  diff=-43.60  |  CALL SELL entry=₹418.58  LTP=₹314.25  diff=-104.33
2026-09-25 13:55:01,658  [INFO]  [2026-09-25 13:55:01]  ST=BEARISH ▼  BankNifty Close=55610.80  |  PUT SELL entry=₹442.35  LTP=₹388.85  diff=-53.50  |  CALL SELL entry=₹418.58  LTP=₹319.10  diff=-99.48
2026-09-25 13:56:01,681  [INFO]  [2026-09-25 13:56:01]  ST=BULLISH ▲  BankNifty Close=55638.60  |  PUT SELL entry=₹442.35  LTP=₹383.25  diff=-59.10  |  CALL SELL entry=₹418.58  LTP=₹327.75  diff=-90.83
2026-09-25 13:57:01,724  [INFO]  [2026-09-25 13:57:01]  ST=BULLISH ▲  BankNifty Close=55675.00  |  PUT SELL entry=₹442.35  LTP=₹359.35  diff=-83.00  |  CALL SELL entry=₹418.58  LTP=₹339.95  diff=-78.63
2026-09-25 13:58:01,669  [INFO]  [2026-09-25 13:58:01]  ST=BULLISH ▲  BankNifty Close=55675.00  |  PUT SELL entry=₹442.35  LTP=₹374.55  diff=-67.80  |  CALL SELL entry=₹418.58  LTP=₹328.10  diff=-90.48
2026-09-25 13:59:01,663  [INFO]  [2026-09-25 13:59:01]  ST=BULLISH ▲  BankNifty Close=55662.00  |  PUT SELL entry=₹442.35  LTP=₹369.50  diff=-72.85  |  CALL SELL entry=₹418.58  LTP=₹334.55  diff=-84.03
2026-09-25 14:00:01,644  [INFO]  [2026-09-25 14:00:01]  ST=BULLISH ▲  BankNifty Close=55674.20  |  PUT SELL entry=₹442.35  LTP=₹351.40  diff=-90.95  |  CALL SELL entry=₹418.58  LTP=₹344.10  diff=-74.48
2026-09-25 14:01:01,731  [INFO]  [2026-09-25 14:01:01]  ST=BULLISH ▲  BankNifty Close=55690.00  |  PUT SELL entry=₹442.35  LTP=₹319.70  diff=-122.65  |  CALL SELL entry=₹418.58  LTP=₹389.85  diff=-28.73
2026-09-25 14:02:01,724  [INFO]  [2026-09-25 14:02:01]  ST=BULLISH ▲  BankNifty Close=55765.40  |  PUT SELL entry=₹442.35  LTP=₹317.70  diff=-124.65  |  CALL SELL entry=₹418.58  LTP=₹403.45  diff=-15.13
2026-09-25 14:03:01,862  [INFO]  [2026-09-25 14:03:01]  ST=BULLISH ▲  BankNifty Close=55781.40  |  PUT SELL entry=₹442.35  LTP=₹311.90  diff=-130.45  |  CALL SELL entry=₹418.58  LTP=₹402.00  diff=-16.58
2026-09-25 14:04:01,732  [INFO]  [2026-09-25 14:04:01]  ST=BULLISH ▲  BankNifty Close=55781.80  |  PUT SELL entry=₹442.35  LTP=₹268.00  diff=-174.35  |  CALL SELL entry=₹418.58  LTP=₹476.95  diff=+58.37
2026-09-25 14:05:01,672  [INFO]  [2026-09-25 14:05:01]  ST=BULLISH ▲  BankNifty Close=55890.60  |  PUT SELL entry=₹442.35  LTP=₹290.70  diff=-151.65  |  CALL SELL entry=₹418.58  LTP=₹437.95  diff=+19.37
2026-09-25 14:06:01,667  [INFO]  [2026-09-25 14:06:01]  ST=BEARISH ▼  BankNifty Close=55816.00  |  PUT SELL entry=₹442.35  LTP=₹301.60  diff=-140.75  |  CALL SELL entry=₹418.58  LTP=₹426.75  diff=+8.17
2026-09-25 14:07:01,634  [INFO]  [2026-09-25 14:07:01]  ST=BEARISH ▼  BankNifty Close=55807.80  |  PUT SELL entry=₹442.35  LTP=₹297.00  diff=-145.35  |  CALL SELL entry=₹418.58  LTP=₹428.15  diff=+9.57
2026-09-25 14:08:01,732  [INFO]  [2026-09-25 14:08:01]  ST=BEARISH ▼  BankNifty Close=55840.00  |  PUT SELL entry=₹442.35  LTP=₹292.20  diff=-150.15  |  CALL SELL entry=₹418.58  LTP=₹442.80  diff=+24.22
2026-09-25 14:09:01,695  [INFO]  [2026-09-25 14:09:01]  ST=BEARISH ▼  BankNifty Close=55845.00  |  PUT SELL entry=₹442.35  LTP=₹299.05  diff=-143.30  |  CALL SELL entry=₹418.58  LTP=₹421.80  diff=+3.22
2026-09-25 14:10:01,662  [INFO]  [2026-09-25 14:10:01]  ST=BEARISH ▼  BankNifty Close=55800.00  |  PUT SELL entry=₹442.35  LTP=₹316.45  diff=-125.90  |  CALL SELL entry=₹418.58  LTP=₹403.65  diff=-14.93
2026-09-25 14:11:01,679  [INFO]  [2026-09-25 14:11:01]  ST=BEARISH ▼  BankNifty Close=55781.40  |  PUT SELL entry=₹442.35  LTP=₹312.20  diff=-130.15  |  CALL SELL entry=₹418.58  LTP=₹411.15  diff=-7.43
2026-09-25 14:12:01,700  [INFO]  [2026-09-25 14:12:01]  ST=BEARISH ▼  BankNifty Close=55779.40  |  PUT SELL entry=₹442.35  LTP=₹300.30  diff=-142.05  |  CALL SELL entry=₹418.58  LTP=₹426.60  diff=+8.02
2026-09-25 14:13:01,695  [INFO]  [2026-09-25 14:13:01]  ST=BEARISH ▼  BankNifty Close=55800.20  |  PUT SELL entry=₹442.35  LTP=₹305.65  diff=-136.70  |  CALL SELL entry=₹418.58  LTP=₹411.75  diff=-6.83
2026-09-25 14:14:01,701  [INFO]  [2026-09-25 14:14:01]  ST=BEARISH ▼  BankNifty Close=55777.00  |  PUT SELL entry=₹442.35  LTP=₹310.90  diff=-131.45  |  CALL SELL entry=₹418.58  LTP=₹402.70  diff=-15.88
2026-09-25 14:15:01,673  [INFO]  [2026-09-25 14:15:01]  ST=BEARISH ▼  BankNifty Close=55775.00  |  PUT SELL entry=₹442.35  LTP=₹310.80  diff=-131.55  |  CALL SELL entry=₹418.58  LTP=₹393.50  diff=-25.08
2026-09-25 14:16:01,684  [INFO]  [2026-09-25 14:16:01]  ST=BEARISH ▼  BankNifty Close=55790.00  |  PUT SELL entry=₹442.35  LTP=₹303.00  diff=-139.35  |  CALL SELL entry=₹418.58  LTP=₹411.25  diff=-7.33
2026-09-25 14:17:01,679  [INFO]  [2026-09-25 14:17:01]  ST=BEARISH ▼  BankNifty Close=55800.20  |  PUT SELL entry=₹442.35  LTP=₹290.85  diff=-151.50  |  CALL SELL entry=₹418.58  LTP=₹417.55  diff=-1.03
2026-09-25 14:18:02,723  [INFO]  [2026-09-25 14:18:01]  ST=BULLISH ▲  BankNifty Close=55837.60  |  PUT SELL entry=₹442.35  LTP=₹285.85  diff=-156.50  |  CALL SELL entry=₹418.58  LTP=₹427.50  diff=+8.92
2026-09-25 14:19:01,708  [INFO]  [2026-09-25 14:19:01]  ST=BULLISH ▲  BankNifty Close=55823.80  |  PUT SELL entry=₹442.35  LTP=₹279.80  diff=-162.55  |  CALL SELL entry=₹418.58  LTP=₹436.70  diff=+18.12
2026-09-25 14:20:01,684  [INFO]  [2026-09-25 14:20:01]  ST=BULLISH ▲  BankNifty Close=55826.40  |  PUT SELL entry=₹442.35  LTP=₹284.30  diff=-158.05  |  CALL SELL entry=₹418.58  LTP=₹422.40  diff=+3.82
2026-09-25 14:21:01,708  [INFO]  [2026-09-25 14:21:01]  ST=BULLISH ▲  BankNifty Close=55817.00  |  PUT SELL entry=₹442.35  LTP=₹291.40  diff=-150.95  |  CALL SELL entry=₹418.58  LTP=₹419.00  diff=+0.42
2026-09-25 14:22:01,696  [INFO]  [2026-09-25 14:22:01]  ST=BULLISH ▲  BankNifty Close=55834.20  |  PUT SELL entry=₹442.35  LTP=₹278.05  diff=-164.30  |  CALL SELL entry=₹418.58  LTP=₹429.20  diff=+10.62
2026-09-25 14:23:01,716  [INFO]  [2026-09-25 14:23:01]  ST=BULLISH ▲  BankNifty Close=55828.20  |  PUT SELL entry=₹442.35  LTP=₹279.45  diff=-162.90  |  CALL SELL entry=₹418.58  LTP=₹434.75  diff=+16.17
2026-09-25 14:24:01,723  [INFO]  [2026-09-25 14:24:01]  ST=BULLISH ▲  BankNifty Close=55820.40  |  PUT SELL entry=₹442.35  LTP=₹281.80  diff=-160.55  |  CALL SELL entry=₹418.58  LTP=₹422.30  diff=+3.72
2026-09-25 14:25:01,692  [INFO]  [2026-09-25 14:25:01]  ST=BULLISH ▲  BankNifty Close=55820.00  |  PUT SELL entry=₹442.35  LTP=₹286.40  diff=-155.95  |  CALL SELL entry=₹418.58  LTP=₹423.65  diff=+5.07
2026-09-25 14:26:01,680  [INFO]  [2026-09-25 14:26:01]  ST=BULLISH ▲  BankNifty Close=55822.20  |  PUT SELL entry=₹442.35  LTP=₹280.00  diff=-162.35  |  CALL SELL entry=₹418.58  LTP=₹427.50  diff=+8.92
2026-09-25 14:27:01,755  [INFO]  [2026-09-25 14:27:01]  ST=BULLISH ▲  BankNifty Close=55822.20  |  PUT SELL entry=₹442.35  LTP=₹283.65  diff=-158.70  |  CALL SELL entry=₹418.58  LTP=₹421.45  diff=+2.87
2026-09-25 14:28:01,708  [INFO]  [2026-09-25 14:28:01]  ST=BULLISH ▲  BankNifty Close=55808.20  |  PUT SELL entry=₹442.35  LTP=₹285.80  diff=-156.55  |  CALL SELL entry=₹418.58  LTP=₹416.00  diff=-2.58
2026-09-25 14:29:01,818  [INFO]  [2026-09-25 14:29:01]  ST=BULLISH ▲  BankNifty Close=55824.40  |  PUT SELL entry=₹442.35  LTP=₹276.70  diff=-165.65  |  CALL SELL entry=₹418.58  LTP=₹422.05  diff=+3.47
2026-09-25 14:30:01,687  [INFO]  [2026-09-25 14:30:01]  ST=BULLISH ▲  BankNifty Close=55816.20  |  PUT SELL entry=₹442.35  LTP=₹280.15  diff=-162.20  |  CALL SELL entry=₹418.58  LTP=₹417.00  diff=-1.58
2026-09-25 14:31:01,729  [INFO]  [2026-09-25 14:31:01]  ST=BULLISH ▲  BankNifty Close=55806.20  |  PUT SELL entry=₹442.35  LTP=₹260.50  diff=-181.85  |  CALL SELL entry=₹418.58  LTP=₹441.75  diff=+23.17
2026-09-25 14:32:01,742  [INFO]  [2026-09-25 14:32:01]  ST=BULLISH ▲  BankNifty Close=55861.00  |  PUT SELL entry=₹442.35  LTP=₹267.00  diff=-175.35  |  CALL SELL entry=₹418.58  LTP=₹440.40  diff=+21.82
2026-09-25 14:33:01,732  [INFO]  [2026-09-25 14:33:01]  ST=BULLISH ▲  BankNifty Close=55860.80  |  PUT SELL entry=₹442.35  LTP=₹264.55  diff=-177.80  |  CALL SELL entry=₹418.58  LTP=₹436.90  diff=+18.32
2026-09-25 14:34:01,740  [INFO]  [2026-09-25 14:34:01]  ST=BULLISH ▲  BankNifty Close=55860.80  |  PUT SELL entry=₹442.35  LTP=₹270.00  diff=-172.35  |  CALL SELL entry=₹418.58  LTP=₹427.00  diff=+8.42
2026-09-25 14:35:01,744  [INFO]  [2026-09-25 14:35:01]  ST=BULLISH ▲  BankNifty Close=55839.80  |  PUT SELL entry=₹442.35  LTP=₹263.15  diff=-179.20  |  CALL SELL entry=₹418.58  LTP=₹432.45  diff=+13.87
2026-09-25 14:36:02,700  [INFO]  [2026-09-25 14:36:01]  ST=BULLISH ▲  BankNifty Close=55838.00  |  PUT SELL entry=₹442.35  LTP=₹269.85  diff=-172.50  |  CALL SELL entry=₹418.58  LTP=₹428.75  diff=+10.17
2026-09-25 14:37:01,712  [INFO]  [2026-09-25 14:37:01]  ST=BULLISH ▲  BankNifty Close=55835.00  |  PUT SELL entry=₹442.35  LTP=₹270.15  diff=-172.20  |  CALL SELL entry=₹418.58  LTP=₹428.00  diff=+9.42
2026-09-25 14:38:01,733  [INFO]  [2026-09-25 14:38:01]  ST=BULLISH ▲  BankNifty Close=55828.40  |  PUT SELL entry=₹442.35  LTP=₹268.45  diff=-173.90  |  CALL SELL entry=₹418.58  LTP=₹432.00  diff=+13.42
2026-09-25 14:39:01,713  [INFO]  [2026-09-25 14:39:01]  ST=BULLISH ▲  BankNifty Close=55840.00  |  PUT SELL entry=₹442.35  LTP=₹267.90  diff=-174.45  |  CALL SELL entry=₹418.58  LTP=₹434.35  diff=+15.77
2026-09-25 14:40:01,750  [INFO]  [2026-09-25 14:40:01]  ST=BULLISH ▲  BankNifty Close=55839.40  |  PUT SELL entry=₹442.35  LTP=₹262.55  diff=-179.80  |  CALL SELL entry=₹418.58  LTP=₹437.50  diff=+18.92
2026-09-25 14:41:01,726  [INFO]  [2026-09-25 14:41:01]  ST=BULLISH ▲  BankNifty Close=55844.60  |  PUT SELL entry=₹442.35  LTP=₹270.60  diff=-171.75  |  CALL SELL entry=₹418.58  LTP=₹426.25  diff=+7.67
2026-09-25 14:42:01,701  [INFO]  [2026-09-25 14:42:01]  ST=BULLISH ▲  BankNifty Close=55831.20  |  PUT SELL entry=₹442.35  LTP=₹276.20  diff=-166.15  |  CALL SELL entry=₹418.58  LTP=₹416.75  diff=-1.83
2026-09-25 14:43:01,789  [INFO]  [2026-09-25 14:43:01]  ST=BEARISH ▼  BankNifty Close=55810.00  |  PUT SELL entry=₹442.35  LTP=₹281.30  diff=-161.05  |  CALL SELL entry=₹418.58  LTP=₹410.00  diff=-8.58
2026-09-25 14:44:01,727  [INFO]  [2026-09-25 14:44:01]  ST=BEARISH ▼  BankNifty Close=55800.00  |  PUT SELL entry=₹442.35  LTP=₹284.90  diff=-157.45  |  CALL SELL entry=₹418.58  LTP=₹403.10  diff=-15.48
2026-09-25 14:45:01,704  [INFO]  [2026-09-25 14:45:01]  ST=BEARISH ▼  BankNifty Close=55800.00  |  PUT SELL entry=₹442.35  LTP=₹284.45  diff=-157.90  |  CALL SELL entry=₹418.58  LTP=₹406.20  diff=-12.38
2026-09-25 14:46:01,813  [INFO]  [2026-09-25 14:46:01]  ST=BEARISH ▼  BankNifty Close=55797.80  |  PUT SELL entry=₹442.35  LTP=₹291.70  diff=-150.65  |  CALL SELL entry=₹418.58  LTP=₹396.05  diff=-22.53
2026-09-25 14:47:01,761  [INFO]  [2026-09-25 14:47:01]  ST=BEARISH ▼  BankNifty Close=55797.80  |  PUT SELL entry=₹442.35  LTP=₹295.30  diff=-147.05  |  CALL SELL entry=₹418.58  LTP=₹393.75  diff=-24.83
2026-09-25 14:48:01,757  [INFO]  [2026-09-25 14:48:01]  ST=BEARISH ▼  BankNifty Close=55771.40  |  PUT SELL entry=₹442.35  LTP=₹305.00  diff=-137.35  |  CALL SELL entry=₹418.58  LTP=₹377.75  diff=-40.83
2026-09-25 14:49:01,716  [INFO]  [2026-09-25 14:49:01]  ST=BEARISH ▼  BankNifty Close=55766.00  |  PUT SELL entry=₹442.35  LTP=₹301.15  diff=-141.20  |  CALL SELL entry=₹418.58  LTP=₹384.05  diff=-34.53
2026-09-25 14:50:01,721  [INFO]  [2026-09-25 14:50:01]  ST=BEARISH ▼  BankNifty Close=55763.20  |  PUT SELL entry=₹442.35  LTP=₹307.75  diff=-134.60  |  CALL SELL entry=₹418.58  LTP=₹377.65  diff=-40.93
2026-09-25 14:51:01,729  [INFO]  [2026-09-25 14:51:01]  ST=BEARISH ▼  BankNifty Close=55758.20  |  PUT SELL entry=₹442.35  LTP=₹309.00  diff=-133.35  |  CALL SELL entry=₹418.58  LTP=₹375.55  diff=-43.03
2026-09-25 14:52:01,767  [INFO]  [2026-09-25 14:52:01]  ST=BEARISH ▼  BankNifty Close=55750.00  |  PUT SELL entry=₹442.35  LTP=₹304.50  diff=-137.85  |  CALL SELL entry=₹418.58  LTP=₹379.35  diff=-39.23
2026-09-25 14:53:01,832  [INFO]  [2026-09-25 14:53:01]  ST=BULLISH ▲  BankNifty Close=55777.60  |  PUT SELL entry=₹442.35  LTP=₹301.45  diff=-140.90  |  CALL SELL entry=₹418.58  LTP=₹385.80  diff=-32.78
2026-09-25 14:54:01,719  [INFO]  [2026-09-25 14:54:01]  ST=BULLISH ▲  BankNifty Close=55774.00  |  PUT SELL entry=₹442.35  LTP=₹298.15  diff=-144.20  |  CALL SELL entry=₹418.58  LTP=₹384.10  diff=-34.48
2026-09-25 14:55:01,738  [INFO]  [2026-09-25 14:55:01]  ST=BULLISH ▲  BankNifty Close=55768.20  |  PUT SELL entry=₹442.35  LTP=₹286.70  diff=-155.65  |  CALL SELL entry=₹418.58  LTP=₹393.45  diff=-25.13
2026-09-25 14:56:01,947  [INFO]  [2026-09-25 14:56:01]  ST=BULLISH ▲  BankNifty Close=55784.60  |  PUT SELL entry=₹442.35  LTP=₹312.95  diff=-129.40  |  CALL SELL entry=₹418.58  LTP=₹364.70  diff=-53.88
2026-09-25 14:57:01,762  [INFO]  [2026-09-25 14:57:01]  ST=BEARISH ▼  BankNifty Close=55752.00  |  PUT SELL entry=₹442.35  LTP=₹312.25  diff=-130.10  |  CALL SELL entry=₹418.58  LTP=₹362.85  diff=-55.73
2026-09-25 14:58:01,780  [INFO]  [2026-09-25 14:58:01]  ST=BEARISH ▼  BankNifty Close=55730.20  |  PUT SELL entry=₹442.35  LTP=₹315.75  diff=-126.60  |  CALL SELL entry=₹418.58  LTP=₹358.90  diff=-59.68
2026-09-25 14:59:01,750  [INFO]  [2026-09-25 14:59:01]  ST=BEARISH ▼  BankNifty Close=55739.80  |  PUT SELL entry=₹442.35  LTP=₹320.40  diff=-121.95  |  CALL SELL entry=₹418.58  LTP=₹353.35  diff=-65.23
2026-09-25 15:00:01,720  [INFO]  [2026-09-25 15:00:01]  ST=BEARISH ▼  BankNifty Close=55726.20  |  PUT SELL entry=₹442.35  LTP=₹318.40  diff=-123.95  |  CALL SELL entry=₹418.58  LTP=₹357.15  diff=-61.43
2026-09-25 15:01:01,702  [INFO]  [2026-09-25 15:01:01]  ST=BEARISH ▼  BankNifty Close=55726.00  |  PUT SELL entry=₹442.35  LTP=₹316.95  diff=-125.40  |  CALL SELL entry=₹418.58  LTP=₹359.45  diff=-59.13
2026-09-25 15:02:01,810  [INFO]  [2026-09-25 15:02:01]  ST=BEARISH ▼  BankNifty Close=55733.40  |  PUT SELL entry=₹442.35  LTP=₹337.35  diff=-105.00  |  CALL SELL entry=₹418.58  LTP=₹336.25  diff=-82.33
2026-09-25 15:03:01,765  [INFO]  [2026-09-25 15:03:01]  ST=BEARISH ▼  BankNifty Close=55700.20  |  PUT SELL entry=₹442.35  LTP=₹333.25  diff=-109.10  |  CALL SELL entry=₹418.58  LTP=₹342.35  diff=-76.23
2026-09-25 15:04:01,763  [INFO]  [2026-09-25 15:04:01]  ST=BEARISH ▼  BankNifty Close=55690.20  |  PUT SELL entry=₹442.35  LTP=₹335.45  diff=-106.90  |  CALL SELL entry=₹418.58  LTP=₹338.90  diff=-79.68
2026-09-25 15:05:01,790  [INFO]  [2026-09-25 15:05:01]  ST=BEARISH ▼  BankNifty Close=55696.40  |  PUT SELL entry=₹442.35  LTP=₹335.05  diff=-107.30  |  CALL SELL entry=₹418.58  LTP=₹341.40  diff=-77.18
2026-09-25 15:06:01,750  [INFO]  [2026-09-25 15:06:01]  ST=BEARISH ▼  BankNifty Close=55681.20  |  PUT SELL entry=₹442.35  LTP=₹345.90  diff=-96.45  |  CALL SELL entry=₹418.58  LTP=₹324.05  diff=-94.53
2026-09-25 15:07:01,778  [INFO]  [2026-09-25 15:07:01]  ST=BEARISH ▼  BankNifty Close=55669.20  |  PUT SELL entry=₹442.35  LTP=₹334.60  diff=-107.75  |  CALL SELL entry=₹418.58  LTP=₹338.15  diff=-80.43
2026-09-25 15:08:01,438  [WARNING]  [SQUARE-OFF TIME] Covering short PUT SELL  entry=₹442.35  symbol=BANKNIFTY26SEP55800PE
2026-09-25 15:08:01,545  [INFO]  >>> Placing LIMIT BUY (cover) PUT SELL (offset=₹2)  qty=60 x BANKNIFTY26SEP55800PE  @ ₹348.10
2026-09-25 15:08:01,658  [INFO]      BUY (cover) PUT SELL (offset=₹2) order response (ref=8d0e0cc7203f40feb69e) : {'groww_order_id': 'GLTFO26092515080207QXSCUVJE4V', 'order_status': 'NEW', 'order_reference_id': '8d0e0cc7203f40feb69e', 'remark': None}
2026-09-25 15:08:01,754  [INFO]  BUY (cover) PUT SELL: filled at offset=₹2  avg_fill_price=₹346.58  status=EXECUTED
2026-09-25 15:08:01,754  [INFO]  [TRADE] PUT SELL EXIT  symbol=BANKNIFTY26SEP55800PE  qty=60  entry=₹442.35  exit=₹346.58  time=2026-09-25 15:08:01  held=5:07:59  P&L=₹5746.20  fill_confirmed=True  order_id=GLTFO26092515080207QXSCUVJE4V  reason=SQUARE-OFF TIME
2026-09-25 15:08:01,755  [WARNING]  [SQUARE-OFF TIME] Covering short CALL SELL  entry=₹418.58  symbol=BANKNIFTY26SEP55600CE
2026-09-25 15:08:01,855  [INFO]  >>> Placing LIMIT BUY (cover) CALL SELL (offset=₹2)  qty=60 x BANKNIFTY26SEP55600CE  @ ₹324.30
2026-09-25 15:08:01,956  [INFO]      BUY (cover) CALL SELL (offset=₹2) order response (ref=cd7f0615b69145c6b433) : {'groww_order_id': 'GLTFO260925150803DBLBBF45F3QV', 'order_status': 'NEW', 'order_reference_id': 'cd7f0615b69145c6b433', 'remark': None}
2026-09-25 15:08:04,250  [WARNING]  BUY (cover) CALL SELL: order GLTFO260925150803DBLBBF45F3QV shows a PARTIAL fill (30.0/60) at offset=₹2, status=APPROVED. Halting escalation — will NOT cancel/re-place at a new offset, to avoid ending up with a second position on top of this partial one. VERIFY ACTUAL POSITION ON GROWW.
2026-09-25 15:08:04,375  [WARNING]      CALL SELL cover order GLTFO260925150803DBLBBF45F3QV fill UNCONFIRMED — using LTP ₹322.90 for logging only. VERIFY ACTUAL POSITION ON GROWW.
2026-09-25 15:08:04,376  [INFO]  [TRADE] CALL SELL EXIT  symbol=BANKNIFTY26SEP55600CE  qty=60  entry=₹418.58  exit=₹322.90  time=2026-09-25 15:08:04  held=5:45:00  P&L=₹5740.80  fill_confirmed=False  order_id=GLTFO260925150803DBLBBF45F3QV  reason=SQUARE-OFF TIME
2026-09-25 15:08:04,379  [WARNING]  CALL SELL: cover order unconfirmed — leg kept OPEN (exit_pending=True) instead of being cleared, so it isn't lost or duplicated. Will keep checking order GLTFO260925150803DBLBBF45F3QV until it resolves. VERIFY ACTUAL POSITION ON GROWW.
2026-09-25 15:08:04,379  [WARNING]  One or more legs could not be confirmed flat at force-close (unconfirmed cover order or square-off failure). MANUAL INTERVENTION REQUIRED — check open positions on Groww.
2026-09-25 15:08:04,380  [INFO]  Session ended. Exiting strategy.
2026-09-25 15:08:17,525  [INFO]  Logging to console and to file: logs\strategy_2026-09-25.log
2026-09-25 15:08:17,549  [INFO]  Found cached Groww access token for today. Verifying token...
2026-09-25 15:08:17,746  [INFO]  Cached Groww access token verified successfully. Skipping auth endpoint.
2026-09-25 15:08:19,833  [INFO]  Selected BankNifty monthly expiry: 2026-09-29
2026-09-25 15:08:19,928  [INFO]  Using BANKNIFTY futures symbol for candle data: BANKNIFTY26SEPFUT (groww_symbol=NSE-BANKNIFTY-29Sep26-FUT)
2026-09-25 15:08:19,928  [INFO]  Strategy started.  Underlying: BANKNIFTY  Monthly expiry: 2026-09-29  Supertrend(20, 1.8)  Exit threshold: ±111 pts  Entry window: 09:23–15:05  Force-close: 15:08
2026-09-25 15:08:19,929  [INFO]  [2026-09-25 15:08:19] SQUARE-OFF TIME — no open positions.
2026-09-25 15:08:19,929  [INFO]  Session ended. Exiting strategy.
2026-09-25 15:08:22,511  [INFO]  Logging to console and to file: logs\strategy_2026-09-25.log
2026-09-25 15:08:22,511  [INFO]  Found cached Groww access token for today. Verifying token...
2026-09-25 15:08:22,725  [INFO]  Cached Groww access token verified successfully. Skipping auth endpoint.
2026-09-25 15:08:24,669  [INFO]  Selected BankNifty monthly expiry: 2026-09-29
2026-09-25 15:08:24,772  [INFO]  Using BANKNIFTY futures symbol for candle data: BANKNIFTY26SEPFUT (groww_symbol=NSE-BANKNIFTY-29Sep26-FUT)
2026-09-25 15:08:24,772  [INFO]  Strategy started.  Underlying: BANKNIFTY  Monthly expiry: 2026-09-29  Supertrend(20, 1.8)  Exit threshold: ±111 pts  Entry window: 09:23–15:05  Force-close: 15:08
2026-09-25 15:08:24,772  [INFO]  [2026-09-25 15:08:24] SQUARE-OFF TIME — no open positions.
2026-09-25 15:08:24,772  [INFO]  Session ended. Exiting strategy.
2026-09-25 15:08:26,944  [INFO]  Logging to console and to file: logs\strategy_2026-09-25.log
2026-09-25 15:08:26,944  [INFO]  Found cached Groww access token for today. Verifying token...
2026-09-25 15:08:27,147  [INFO]  Cached Groww access token verified successfully. Skipping auth endpoint.
2026-09-25 15:08:29,161  [INFO]  Selected BankNifty monthly expiry: 2026-09-29
2026-09-25 15:08:29,258  [INFO]  Using BANKNIFTY futures symbol for candle data: BANKNIFTY26SEPFUT (groww_symbol=NSE-BANKNIFTY-29Sep26-FUT)
2026-09-25 15:08:29,258  [INFO]  Strategy started.  Underlying: BANKNIFTY  Monthly expiry: 2026-09-29  Supertrend(20, 1.8)  Exit threshold: ±111 pts  Entry window: 09:23–15:05  Force-close: 15:08
2026-09-25 15:08:29,258  [INFO]  [2026-09-25 15:08:29] SQUARE-OFF TIME — no open positions.
2026-09-25 15:08:29,258  [INFO]  Session ended. Exiting strategy.
2026-09-25 15:08:31,394  [INFO]  Logging to console and to file: logs\strategy_2026-09-25.log
2026-09-25 15:08:31,395  [INFO]  Found cached Groww access token for today. Verifying token...
2026-09-25 15:08:31,596  [INFO]  Cached Groww access token verified successfully. Skipping auth endpoint.
2026-09-25 15:08:34,593  [INFO]  Selected BankNifty monthly expiry: 2026-09-29
2026-09-25 15:08:34,702  [INFO]  Using BANKNIFTY futures symbol for candle data: BANKNIFTY26SEPFUT (groww_symbol=NSE-BANKNIFTY-29Sep26-FUT)
2026-09-25 15:08:34,702  [INFO]  Strategy started.  Underlying: BANKNIFTY  Monthly expiry: 2026-09-29  Supertrend(20, 1.8)  Exit threshold: ±111 pts  Entry window: 09:23–15:05  Force-close: 15:08
2026-09-25 15:08:34,702  [INFO]  [2026-09-25 15:08:34] SQUARE-OFF TIME — no open positions.
2026-09-25 15:08:34,702  [INFO]  Session ended. Exiting strategy.
2026-09-25 15:08:36,843  [INFO]  Logging to console and to file: logs\strategy_2026-09-25.log
2026-09-25 15:08:36,844  [INFO]  Found cached Groww access token for today. Verifying token...
2026-09-25 15:08:37,022  [INFO]  Cached Groww access token verified successfully. Skipping auth endpoint.
2026-09-25 15:08:39,284  [INFO]  Selected BankNifty monthly expiry: 2026-09-29
2026-09-25 15:08:39,382  [INFO]  Using BANKNIFTY futures symbol for candle data: BANKNIFTY26SEPFUT (groww_symbol=NSE-BANKNIFTY-29Sep26-FUT)
2026-09-25 15:08:39,382  [INFO]  Strategy started.  Underlying: BANKNIFTY  Monthly expiry: 2026-09-29  Supertrend(20, 1.8)  Exit threshold: ±111 pts  Entry window: 09:23–15:05  Force-close: 15:08
2026-09-25 15:08:39,382  [INFO]  [2026-09-25 15:08:39] SQUARE-OFF TIME — no open positions.
2026-09-25 15:08:39,382  [INFO]  Session ended. Exiting strategy.
2026-09-25 15:08:41,541  [INFO]  Logging to console and to file: logs\strategy_2026-09-25.log
2026-09-25 15:08:41,541  [INFO]  Found cached Groww access token for today. Verifying token...
2026-09-25 15:08:41,739  [INFO]  Cached Groww access token verified successfully. Skipping auth endpoint.
2026-09-25 15:08:44,205  [INFO]  Selected BankNifty monthly expiry: 2026-09-29
2026-09-25 15:08:44,302  [INFO]  Using BANKNIFTY futures symbol for candle data: BANKNIFTY26SEPFUT (groww_symbol=NSE-BANKNIFTY-29Sep26-FUT)
2026-09-25 15:08:44,303  [INFO]  Strategy started.  Underlying: BANKNIFTY  Monthly expiry: 2026-09-29  Supertrend(20, 1.8)  Exit threshold: ±111 pts  Entry window: 09:23–15:05  Force-close: 15:08
2026-09-25 15:08:44,303  [INFO]  [2026-09-25 15:08:44] SQUARE-OFF TIME — no open positions.
2026-09-25 15:08:44,303  [INFO]  Session ended. Exiting strategy.
2026-09-25 15:08:46,518  [INFO]  Logging to console and to file: logs\strategy_2026-09-25.log
2026-09-25 15:08:46,518  [INFO]  Found cached Groww access token for today. Verifying token...
2026-09-25 15:08:46,715  [INFO]  Cached Groww access token verified successfully. Skipping auth endpoint.
2026-09-25 15:08:49,200  [INFO]  Selected BankNifty monthly expiry: 2026-09-29
2026-09-25 15:08:49,326  [INFO]  Using BANKNIFTY futures symbol for candle data: BANKNIFTY26SEPFUT (groww_symbol=NSE-BANKNIFTY-29Sep26-FUT)
2026-09-25 15:08:49,327  [INFO]  Strategy started.  Underlying: BANKNIFTY  Monthly expiry: 2026-09-29  Supertrend(20, 1.8)  Exit threshold: ±111 pts  Entry window: 09:23–15:05  Force-close: 15:08
2026-09-25 15:08:49,327  [INFO]  [2026-09-25 15:08:49] SQUARE-OFF TIME — no open positions.
2026-09-25 15:08:49,327  [INFO]  Session ended. Exiting strategy.
2026-09-25 15:08:51,708  [INFO]  Logging to console and to file: logs\strategy_2026-09-25.log
2026-09-25 15:08:51,709  [INFO]  Found cached Groww access token for today. Verifying token...
2026-09-25 15:08:51,914  [INFO]  Cached Groww access token verified successfully. Skipping auth endpoint.
2026-09-25 15:08:54,481  [INFO]  Selected BankNifty monthly expiry: 2026-09-29
2026-09-25 15:08:54,584  [INFO]  Using BANKNIFTY futures symbol for candle data: BANKNIFTY26SEPFUT (groww_symbol=NSE-BANKNIFTY-29Sep26-FUT)
2026-09-25 15:08:54,584  [INFO]  Strategy started.  Underlying: BANKNIFTY  Monthly expiry: 2026-09-29  Supertrend(20, 1.8)  Exit threshold: ±111 pts  Entry window: 09:23–15:05  Force-close: 15:08
2026-09-25 15:08:54,585  [INFO]  [2026-09-25 15:08:54] SQUARE-OFF TIME — no open positions.
2026-09-25 15:08:54,585  [INFO]  Session ended. Exiting strategy.
2026-09-25 15:08:56,780  [INFO]  Logging to console and to file: logs\strategy_2026-09-25.log
2026-09-25 15:08:56,781  [INFO]  Found cached Groww access token for today. Verifying token...
2026-09-25 15:08:56,997  [INFO]  Cached Groww access token verified successfully. Skipping auth endpoint.
2026-09-25 15:08:59,447  [INFO]  Selected BankNifty monthly expiry: 2026-09-29
2026-09-25 15:08:59,546  [INFO]  Using BANKNIFTY futures symbol for candle data: BANKNIFTY26SEPFUT (groww_symbol=NSE-BANKNIFTY-29Sep26-FUT)
2026-09-25 15:08:59,547  [INFO]  Strategy started.  Underlying: BANKNIFTY  Monthly expiry: 2026-09-29  Supertrend(20, 1.8)  Exit threshold: ±111 pts  Entry window: 09:23–15:05  Force-close: 15:08
2026-09-25 15:08:59,547  [INFO]  [2026-09-25 15:08:59] SQUARE-OFF TIME — no open positions.
2026-09-25 15:08:59,547  [INFO]  Session ended. Exiting strategy.
2026-09-25 15:09:01,806  [INFO]  Logging to console and to file: logs\strategy_2026-09-25.log
2026-09-25 15:09:01,807  [INFO]  Found cached Groww access token for today. Verifying token...
2026-09-25 15:09:02,012  [INFO]  Cached Groww access token verified successfully. Skipping auth endpoint.
2026-09-25 15:09:04,912  [INFO]  Selected BankNifty monthly expiry: 2026-09-29
2026-09-25 15:09:05,015  [INFO]  Using BANKNIFTY futures symbol for candle data: BANKNIFTY26SEPFUT (groww_symbol=NSE-BANKNIFTY-29Sep26-FUT)
2026-09-25 15:09:05,016  [INFO]  Strategy started.  Underlying: BANKNIFTY  Monthly expiry: 2026-09-29  Supertrend(20, 1.8)  Exit threshold: ±111 pts  Entry window: 09:23–15:05  Force-close: 15:08
2026-09-25 15:09:05,016  [INFO]  [2026-09-25 15:09:05] SQUARE-OFF TIME — no open positions.
2026-09-25 15:09:05,016  [INFO]  Session ended. Exiting strategy.
2026-09-25 15:09:07,440  [INFO]  Logging to console and to file: logs\strategy_2026-09-25.log
2026-09-25 15:09:07,441  [INFO]  Found cached Groww access token for today. Verifying token...
2026-09-25 15:09:07,656  [INFO]  Cached Groww access token verified successfully. Skipping auth endpoint.
2026-09-25 15:09:09,537  [INFO]  Selected BankNifty monthly expiry: 2026-09-29
2026-09-25 15:09:09,633  [INFO]  Using BANKNIFTY futures symbol for candle data: BANKNIFTY26SEPFUT (groww_symbol=NSE-BANKNIFTY-29Sep26-FUT)
2026-09-25 15:09:09,634  [INFO]  Strategy started.  Underlying: BANKNIFTY  Monthly expiry: 2026-09-29  Supertrend(20, 1.8)  Exit threshold: ±111 pts  Entry window: 09:23–15:05  Force-close: 15:08
2026-09-25 15:09:09,634  [INFO]  [2026-09-25 15:09:09] SQUARE-OFF TIME — no open positions.
2026-09-25 15:09:09,634  [INFO]  Session ended. Exiting strategy.
2026-09-25 15:09:11,858  [INFO]  Logging to console and to file: logs\strategy_2026-09-25.log
2026-09-25 15:09:11,859  [INFO]  Found cached Groww access token for today. Verifying token...
2026-09-25 15:09:12,064  [INFO]  Cached Groww access token verified successfully. Skipping auth endpoint.
2026-09-25 15:09:13,835  [INFO]  Selected BankNifty monthly expiry: 2026-09-29
2026-09-25 15:09:13,932  [INFO]  Using BANKNIFTY futures symbol for candle data: BANKNIFTY26SEPFUT (groww_symbol=NSE-BANKNIFTY-29Sep26-FUT)
2026-09-25 15:09:13,932  [INFO]  Strategy started.  Underlying: BANKNIFTY  Monthly expiry: 2026-09-29  Supertrend(20, 1.8)  Exit threshold: ±111 pts  Entry window: 09:23–15:05  Force-close: 15:08
2026-09-25 15:09:13,933  [INFO]  [2026-09-25 15:09:13] SQUARE-OFF TIME — no open positions.
2026-09-25 15:09:13,933  [INFO]  Session ended. Exiting strategy.
2026-09-25 15:09:15,997  [INFO]  Logging to console and to file: logs\strategy_2026-09-25.log
2026-09-25 15:09:15,998  [INFO]  Found cached Groww access token for today. Verifying token...
2026-09-25 15:09:16,194  [INFO]  Cached Groww access token verified successfully. Skipping auth endpoint.
2026-09-25 15:09:18,207  [INFO]  Selected BankNifty monthly expiry: 2026-09-29
2026-09-25 15:09:18,306  [INFO]  Using BANKNIFTY futures symbol for candle data: BANKNIFTY26SEPFUT (groww_symbol=NSE-BANKNIFTY-29Sep26-FUT)
2026-09-25 15:09:18,306  [INFO]  Strategy started.  Underlying: BANKNIFTY  Monthly expiry: 2026-09-29  Supertrend(20, 1.8)  Exit threshold: ±111 pts  Entry window: 09:23–15:05  Force-close: 15:08
2026-09-25 15:09:18,306  [INFO]  [2026-09-25 15:09:18] SQUARE-OFF TIME — no open positions.
2026-09-25 15:09:18,306  [INFO]  Session ended. Exiting strategy.
2026-09-25 15:09:20,378  [INFO]  Logging to console and to file: logs\strategy_2026-09-25.log
2026-09-25 15:09:20,379  [INFO]  Found cached Groww access token for today. Verifying token...
2026-09-25 15:09:20,587  [INFO]  Cached Groww access token verified successfully. Skipping auth endpoint.
2026-09-25 15:09:22,478  [INFO]  Selected BankNifty monthly expiry: 2026-09-29
2026-09-25 15:09:22,581  [INFO]  Using BANKNIFTY futures symbol for candle data: BANKNIFTY26SEPFUT (groww_symbol=NSE-BANKNIFTY-29Sep26-FUT)
2026-09-25 15:09:22,582  [INFO]  Strategy started.  Underlying: BANKNIFTY  Monthly expiry: 2026-09-29  Supertrend(20, 1.8)  Exit threshold: ±111 pts  Entry window: 09:23–15:05  Force-close: 15:08
2026-09-25 15:09:22,582  [INFO]  [2026-09-25 15:09:22] SQUARE-OFF TIME — no open positions.
2026-09-25 15:09:22,582  [INFO]  Session ended. Exiting strategy.
2026-09-25 15:09:24,739  [INFO]  Logging to console and to file: logs\strategy_2026-09-25.log
2026-09-25 15:09:24,740  [INFO]  Found cached Groww access token for today. Verifying token...
2026-09-25 15:09:24,952  [INFO]  Cached Groww access token verified successfully. Skipping auth endpoint.
2026-09-25 15:09:27,016  [INFO]  Selected BankNifty monthly expiry: 2026-09-29
2026-09-25 15:09:27,110  [INFO]  Using BANKNIFTY futures symbol for candle data: BANKNIFTY26SEPFUT (groww_symbol=NSE-BANKNIFTY-29Sep26-FUT)
2026-09-25 15:09:27,111  [INFO]  Strategy started.  Underlying: BANKNIFTY  Monthly expiry: 2026-09-29  Supertrend(20, 1.8)  Exit threshold: ±111 pts  Entry window: 09:23–15:05  Force-close: 15:08
2026-09-25 15:09:27,111  [INFO]  [2026-09-25 15:09:27] SQUARE-OFF TIME — no open positions.
2026-09-25 15:09:27,111  [INFO]  Session ended. Exiting strategy.
2026-09-25 15:09:29,269  [INFO]  Logging to console and to file: logs\strategy_2026-09-25.log
2026-09-25 15:09:29,270  [INFO]  Found cached Groww access token for today. Verifying token...
2026-09-25 15:09:29,494  [INFO]  Cached Groww access token verified successfully. Skipping auth endpoint.
2026-09-25 15:09:31,823  [INFO]  Selected BankNifty monthly expiry: 2026-09-29
2026-09-25 15:09:31,921  [INFO]  Using BANKNIFTY futures symbol for candle data: BANKNIFTY26SEPFUT (groww_symbol=NSE-BANKNIFTY-29Sep26-FUT)
2026-09-25 15:09:31,921  [INFO]  Strategy started.  Underlying: BANKNIFTY  Monthly expiry: 2026-09-29  Supertrend(20, 1.8)  Exit threshold: ±111 pts  Entry window: 09:23–15:05  Force-close: 15:08
2026-09-25 15:09:31,921  [INFO]  [2026-09-25 15:09:31] SQUARE-OFF TIME — no open positions.
2026-09-25 15:09:31,922  [INFO]  Session ended. Exiting strategy.
2026-09-25 15:09:33,978  [INFO]  Logging to console and to file: logs\strategy_2026-09-25.log
2026-09-25 15:09:33,979  [INFO]  Found cached Groww access token for today. Verifying token...
2026-09-25 15:09:34,195  [INFO]  Cached Groww access token verified successfully. Skipping auth endpoint.
2026-09-25 15:09:37,546  [INFO]  Selected BankNifty monthly expiry: 2026-09-29
2026-09-25 15:09:37,641  [INFO]  Using BANKNIFTY futures symbol for candle data: BANKNIFTY26SEPFUT (groww_symbol=NSE-BANKNIFTY-29Sep26-FUT)
2026-09-25 15:09:37,641  [INFO]  Strategy started.  Underlying: BANKNIFTY  Monthly expiry: 2026-09-29  Supertrend(20, 1.8)  Exit threshold: ±111 pts  Entry window: 09:23–15:05  Force-close: 15:08
2026-09-25 15:09:37,641  [INFO]  [2026-09-25 15:09:37] SQUARE-OFF TIME — no open positions.
2026-09-25 15:09:37,641  [INFO]  Session ended. Exiting strategy.
2026-09-25 15:09:39,673  [INFO]  Logging to console and to file: logs\strategy_2026-09-25.log
2026-09-25 15:09:39,673  [INFO]  Found cached Groww access token for today. Verifying token...
2026-09-25 15:09:40,936  [INFO]  Cached Groww access token verified successfully. Skipping auth endpoint.
2026-09-25 15:09:45,898  [INFO]  Selected BankNifty monthly expiry: 2026-09-29
2026-09-25 15:09:45,997  [INFO]  Using BANKNIFTY futures symbol for candle data: BANKNIFTY26SEPFUT (groww_symbol=NSE-BANKNIFTY-29Sep26-FUT)
2026-09-25 15:09:45,997  [INFO]  Strategy started.  Underlying: BANKNIFTY  Monthly expiry: 2026-09-29  Supertrend(20, 1.8)  Exit threshold: ±111 pts  Entry window: 09:23–15:05  Force-close: 15:08
2026-09-25 15:09:45,998  [INFO]  [2026-09-25 15:09:45] SQUARE-OFF TIME — no open positions.
2026-09-25 15:09:45,998  [INFO]  Session ended. Exiting strategy.
2026-09-25 15:09:48,256  [INFO]  Logging to console and to file: logs\strategy_2026-09-25.log
2026-09-25 15:09:48,257  [INFO]  Found cached Groww access token for today. Verifying token...
2026-09-25 15:09:48,553  [INFO]  Cached Groww access token verified successfully. Skipping auth endpoint.
2026-09-25 15:09:53,746  [INFO]  Selected BankNifty monthly expiry: 2026-09-29
2026-09-25 15:09:53,847  [INFO]  Using BANKNIFTY futures symbol for candle data: BANKNIFTY26SEPFUT (groww_symbol=NSE-BANKNIFTY-29Sep26-FUT)
2026-09-25 15:09:53,847  [INFO]  Strategy started.  Underlying: BANKNIFTY  Monthly expiry: 2026-09-29  Supertrend(20, 1.8)  Exit threshold: ±111 pts  Entry window: 09:23–15:05  Force-close: 15:08
2026-09-25 15:09:53,847  [INFO]  [2026-09-25 15:09:53] SQUARE-OFF TIME — no open positions.
2026-09-25 15:09:53,847  [INFO]  Session ended. Exiting strategy.
2026-09-25 15:09:55,963  [INFO]  Logging to console and to file: logs\strategy_2026-09-25.log
2026-09-25 15:09:55,964  [INFO]  Found cached Groww access token for today. Verifying token...
2026-09-25 15:09:56,191  [INFO]  Cached Groww access token verified successfully. Skipping auth endpoint.
2026-09-25 15:09:59,148  [INFO]  Selected BankNifty monthly expiry: 2026-09-29
2026-09-25 15:09:59,256  [INFO]  Using BANKNIFTY futures symbol for candle data: BANKNIFTY26SEPFUT (groww_symbol=NSE-BANKNIFTY-29Sep26-FUT)
2026-09-25 15:09:59,257  [INFO]  Strategy started.  Underlying: BANKNIFTY  Monthly expiry: 2026-09-29  Supertrend(20, 1.8)  Exit threshold: ±111 pts  Entry window: 09:23–15:05  Force-close: 15:08
2026-09-25 15:09:59,257  [INFO]  [2026-09-25 15:09:59] SQUARE-OFF TIME — no open positions.
2026-09-25 15:09:59,257  [INFO]  Session ended. Exiting strategy.
2026-09-25 15:10:01,526  [INFO]  Logging to console and to file: logs\strategy_2026-09-25.log
2026-09-25 15:10:01,526  [INFO]  Found cached Groww access token for today. Verifying token...
2026-09-25 15:10:01,719  [INFO]  Cached Groww access token verified successfully. Skipping auth endpoint.
2026-09-25 15:10:03,791  [INFO]  Selected BankNifty monthly expiry: 2026-09-29
2026-09-25 15:10:03,887  [INFO]  Using BANKNIFTY futures symbol for candle data: BANKNIFTY26SEPFUT (groww_symbol=NSE-BANKNIFTY-29Sep26-FUT)
2026-09-25 15:10:03,887  [INFO]  Strategy started.  Underlying: BANKNIFTY  Monthly expiry: 2026-09-29  Supertrend(20, 1.8)  Exit threshold: ±111 pts  Entry window: 09:23–15:05  Force-close: 15:08
2026-09-25 15:10:03,887  [INFO]  [2026-09-25 15:10:03] SQUARE-OFF TIME — no open positions.
2026-09-25 15:10:03,887  [INFO]  Session ended. Exiting strategy.
2026-09-25 15:10:06,060  [INFO]  Logging to console and to file: logs\strategy_2026-09-25.log
2026-09-25 15:10:06,061  [INFO]  Found cached Groww access token for today. Verifying token...
2026-09-25 15:10:06,274  [INFO]  Cached Groww access token verified successfully. Skipping auth endpoint.
2026-09-25 15:10:09,321  [INFO]  Selected BankNifty monthly expiry: 2026-09-29
2026-09-25 15:10:09,416  [INFO]  Using BANKNIFTY futures symbol for candle data: BANKNIFTY26SEPFUT (groww_symbol=NSE-BANKNIFTY-29Sep26-FUT)
2026-09-25 15:10:09,416  [INFO]  Strategy started.  Underlying: BANKNIFTY  Monthly expiry: 2026-09-29  Supertrend(20, 1.8)  Exit threshold: ±111 pts  Entry window: 09:23–15:05  Force-close: 15:08
2026-09-25 15:10:09,416  [INFO]  [2026-09-25 15:10:09] SQUARE-OFF TIME — no open positions.
2026-09-25 15:10:09,416  [INFO]  Session ended. Exiting strategy.
2026-09-25 15:10:11,695  [INFO]  Logging to console and to file: logs\strategy_2026-09-25.log
2026-09-25 15:10:11,696  [INFO]  Found cached Groww access token for today. Verifying token...
2026-09-25 15:10:11,997  [INFO]  Cached Groww access token verified successfully. Skipping auth endpoint.
2026-09-25 15:10:14,623  [INFO]  Selected BankNifty monthly expiry: 2026-09-29
2026-09-25 15:10:14,725  [INFO]  Using BANKNIFTY futures symbol for candle data: BANKNIFTY26SEPFUT (groww_symbol=NSE-BANKNIFTY-29Sep26-FUT)
2026-09-25 15:10:14,725  [INFO]  Strategy started.  Underlying: BANKNIFTY  Monthly expiry: 2026-09-29  Supertrend(20, 1.8)  Exit threshold: ±111 pts  Entry window: 09:23–15:05  Force-close: 15:08
2026-09-25 15:10:14,726  [INFO]  [2026-09-25 15:10:14] SQUARE-OFF TIME — no open positions.
2026-09-25 15:10:14,726  [INFO]  Session ended. Exiting strategy.
2026-09-25 15:10:17,022  [INFO]  Logging to console and to file: logs\strategy_2026-09-25.log
2026-09-25 15:10:17,023  [INFO]  Found cached Groww access token for today. Verifying token...
2026-09-25 15:10:17,219  [INFO]  Cached Groww access token verified successfully. Skipping auth endpoint.
2026-09-25 15:10:19,858  [INFO]  Selected BankNifty monthly expiry: 2026-09-29
2026-09-25 15:10:19,952  [INFO]  Using BANKNIFTY futures symbol for candle data: BANKNIFTY26SEPFUT (groww_symbol=NSE-BANKNIFTY-29Sep26-FUT)
2026-09-25 15:10:19,953  [INFO]  Strategy started.  Underlying: BANKNIFTY  Monthly expiry: 2026-09-29  Supertrend(20, 1.8)  Exit threshold: ±111 pts  Entry window: 09:23–15:05  Force-close: 15:08
2026-09-25 15:10:19,953  [INFO]  [2026-09-25 15:10:19] SQUARE-OFF TIME — no open positions.
2026-09-25 15:10:19,953  [INFO]  Session ended. Exiting strategy.
2026-09-25 15:10:22,072  [INFO]  Logging to console and to file: logs\strategy_2026-09-25.log
2026-09-25 15:10:22,073  [INFO]  Found cached Groww access token for today. Verifying token...
2026-09-25 15:10:22,296  [INFO]  Cached Groww access token verified successfully. Skipping auth endpoint.
2026-09-25 15:10:24,250  [INFO]  Selected BankNifty monthly expiry: 2026-09-29
2026-09-25 15:10:24,357  [INFO]  Using BANKNIFTY futures symbol for candle data: BANKNIFTY26SEPFUT (groww_symbol=NSE-BANKNIFTY-29Sep26-FUT)
2026-09-25 15:10:24,357  [INFO]  Strategy started.  Underlying: BANKNIFTY  Monthly expiry: 2026-09-29  Supertrend(20, 1.8)  Exit threshold: ±111 pts  Entry window: 09:23–15:05  Force-close: 15:08
2026-09-25 15:10:24,357  [INFO]  [2026-09-25 15:10:24] SQUARE-OFF TIME — no open positions.
2026-09-25 15:10:24,357  [INFO]  Session ended. Exiting strategy.
2026-09-25 15:10:26,478  [INFO]  Logging to console and to file: logs\strategy_2026-09-25.log
2026-09-25 15:10:26,479  [INFO]  Found cached Groww access token for today. Verifying token...
2026-09-25 15:10:26,681  [INFO]  Cached Groww access token verified successfully. Skipping auth endpoint.
2026-09-25 15:10:28,715  [INFO]  Selected BankNifty monthly expiry: 2026-09-29
2026-09-25 15:10:28,812  [INFO]  Using BANKNIFTY futures symbol for candle data: BANKNIFTY26SEPFUT (groww_symbol=NSE-BANKNIFTY-29Sep26-FUT)
2026-09-25 15:10:28,813  [INFO]  Strategy started.  Underlying: BANKNIFTY  Monthly expiry: 2026-09-29  Supertrend(20, 1.8)  Exit threshold: ±111 pts  Entry window: 09:23–15:05  Force-close: 15:08
2026-09-25 15:10:28,813  [INFO]  [2026-09-25 15:10:28] SQUARE-OFF TIME — no open positions.
2026-09-25 15:10:28,813  [INFO]  Session ended. Exiting strategy.
2026-09-25 15:10:30,878  [INFO]  Logging to console and to file: logs\strategy_2026-09-25.log
2026-09-25 15:10:30,878  [INFO]  Found cached Groww access token for today. Verifying token...
2026-09-25 15:10:31,066  [INFO]  Cached Groww access token verified successfully. Skipping auth endpoint.
2026-09-25 15:10:33,156  [INFO]  Selected BankNifty monthly expiry: 2026-09-29
2026-09-25 15:10:33,251  [INFO]  Using BANKNIFTY futures symbol for candle data: BANKNIFTY26SEPFUT (groww_symbol=NSE-BANKNIFTY-29Sep26-FUT)
2026-09-25 15:10:33,251  [INFO]  Strategy started.  Underlying: BANKNIFTY  Monthly expiry: 2026-09-29  Supertrend(20, 1.8)  Exit threshold: ±111 pts  Entry window: 09:23–15:05  Force-close: 15:08
2026-09-25 15:10:33,251  [INFO]  [2026-09-25 15:10:33] SQUARE-OFF TIME — no open positions.
2026-09-25 15:10:33,252  [INFO]  Session ended. Exiting strategy.
2026-09-25 15:10:35,383  [INFO]  Logging to console and to file: logs\strategy_2026-09-25.log
2026-09-25 15:10:35,384  [INFO]  Found cached Groww access token for today. Verifying token...
2026-09-25 15:10:35,588  [INFO]  Cached Groww access token verified successfully. Skipping auth endpoint.
2026-09-25 15:10:37,466  [INFO]  Selected BankNifty monthly expiry: 2026-09-29
2026-09-25 15:10:37,562  [INFO]  Using BANKNIFTY futures symbol for candle data: BANKNIFTY26SEPFUT (groww_symbol=NSE-BANKNIFTY-29Sep26-FUT)
2026-09-25 15:10:37,562  [INFO]  Strategy started.  Underlying: BANKNIFTY  Monthly expiry: 2026-09-29  Supertrend(20, 1.8)  Exit threshold: ±111 pts  Entry window: 09:23–15:05  Force-close: 15:08
2026-09-25 15:10:37,562  [INFO]  [2026-09-25 15:10:37] SQUARE-OFF TIME — no open positions.
2026-09-25 15:10:37,562  [INFO]  Session ended. Exiting strategy.
2026-09-25 15:10:39,581  [INFO]  Logging to console and to file: logs\strategy_2026-09-25.log
2026-09-25 15:10:39,582  [INFO]  Found cached Groww access token for today. Verifying token...
2026-09-25 15:10:39,783  [INFO]  Cached Groww access token verified successfully. Skipping auth endpoint.
2026-09-25 15:10:42,008  [INFO]  Selected BankNifty monthly expiry: 2026-09-29
2026-09-25 15:10:42,116  [INFO]  Using BANKNIFTY futures symbol for candle data: BANKNIFTY26SEPFUT (groww_symbol=NSE-BANKNIFTY-29Sep26-FUT)
2026-09-25 15:10:42,117  [INFO]  Strategy started.  Underlying: BANKNIFTY  Monthly expiry: 2026-09-29  Supertrend(20, 1.8)  Exit threshold: ±111 pts  Entry window: 09:23–15:05  Force-close: 15:08
2026-09-25 15:10:42,117  [INFO]  [2026-09-25 15:10:42] SQUARE-OFF TIME — no open positions.
2026-09-25 15:10:42,117  [INFO]  Session ended. Exiting strategy.
2026-09-25 15:10:44,543  [INFO]  Logging to console and to file: logs\strategy_2026-09-25.log
2026-09-25 15:10:44,544  [INFO]  Found cached Groww access token for today. Verifying token...
2026-09-25 15:10:44,741  [INFO]  Cached Groww access token verified successfully. Skipping auth endpoint.
2026-09-25 15:10:46,569  [INFO]  Selected BankNifty monthly expiry: 2026-09-29
2026-09-25 15:10:46,670  [INFO]  Using BANKNIFTY futures symbol for candle data: BANKNIFTY26SEPFUT (groww_symbol=NSE-BANKNIFTY-29Sep26-FUT)
2026-09-25 15:10:46,670  [INFO]  Strategy started.  Underlying: BANKNIFTY  Monthly expiry: 2026-09-29  Supertrend(20, 1.8)  Exit threshold: ±111 pts  Entry window: 09:23–15:05  Force-close: 15:08
2026-09-25 15:10:46,670  [INFO]  [2026-09-25 15:10:46] SQUARE-OFF TIME — no open positions.
2026-09-25 15:10:46,670  [INFO]  Session ended. Exiting strategy.
2026-09-25 15:10:48,890  [INFO]  Logging to console and to file: logs\strategy_2026-09-25.log
2026-09-25 15:10:48,891  [INFO]  Found cached Groww access token for today. Verifying token...
2026-09-25 15:10:49,101  [INFO]  Cached Groww access token verified successfully. Skipping auth endpoint.
2026-09-25 15:10:50,965  [INFO]  Selected BankNifty monthly expiry: 2026-09-29
2026-09-25 15:10:51,082  [INFO]  Using BANKNIFTY futures symbol for candle data: BANKNIFTY26SEPFUT (groww_symbol=NSE-BANKNIFTY-29Sep26-FUT)
2026-09-25 15:10:51,082  [INFO]  Strategy started.  Underlying: BANKNIFTY  Monthly expiry: 2026-09-29  Supertrend(20, 1.8)  Exit threshold: ±111 pts  Entry window: 09:23–15:05  Force-close: 15:08
2026-09-25 15:10:51,083  [INFO]  [2026-09-25 15:10:51] SQUARE-OFF TIME — no open positions.
2026-09-25 15:10:51,083  [INFO]  Session ended. Exiting strategy.
2026-09-25 15:10:53,172  [INFO]  Logging to console and to file: logs\strategy_2026-09-25.log
2026-09-25 15:10:53,173  [INFO]  Found cached Groww access token for today. Verifying token...
2026-09-25 15:10:53,379  [INFO]  Cached Groww access token verified successfully. Skipping auth endpoint.
2026-09-25 15:10:55,672  [INFO]  Selected BankNifty monthly expiry: 2026-09-29
2026-09-25 15:10:55,785  [INFO]  Using BANKNIFTY futures symbol for candle data: BANKNIFTY26SEPFUT (groww_symbol=NSE-BANKNIFTY-29Sep26-FUT)
2026-09-25 15:10:55,786  [INFO]  Strategy started.  Underlying: BANKNIFTY  Monthly expiry: 2026-09-29  Supertrend(20, 1.8)  Exit threshold: ±111 pts  Entry window: 09:23–15:05  Force-close: 15:08
2026-09-25 15:10:55,786  [INFO]  [2026-09-25 15:10:55] SQUARE-OFF TIME — no open positions.
2026-09-25 15:10:55,786  [INFO]  Session ended. Exiting strategy.
2026-09-25 15:10:57,975  [INFO]  Logging to console and to file: logs\strategy_2026-09-25.log
2026-09-25 15:10:57,976  [INFO]  Found cached Groww access token for today. Verifying token...
2026-09-25 15:10:58,210  [INFO]  Cached Groww access token verified successfully. Skipping auth endpoint.
2026-09-25 15:11:00,215  [INFO]  Selected BankNifty monthly expiry: 2026-09-29
2026-09-25 15:11:00,314  [INFO]  Using BANKNIFTY futures symbol for candle data: BANKNIFTY26SEPFUT (groww_symbol=NSE-BANKNIFTY-29Sep26-FUT)
2026-09-25 15:11:00,314  [INFO]  Strategy started.  Underlying: BANKNIFTY  Monthly expiry: 2026-09-29  Supertrend(20, 1.8)  Exit threshold: ±111 pts  Entry window: 09:23–15:05  Force-close: 15:08
2026-09-25 15:11:00,314  [INFO]  [2026-09-25 15:11:00] SQUARE-OFF TIME — no open positions.
2026-09-25 15:11:00,314  [INFO]  Session ended. Exiting strategy.
2026-09-25 15:11:02,414  [INFO]  Logging to console and to file: logs\strategy_2026-09-25.log
2026-09-25 15:11:02,415  [INFO]  Found cached Groww access token for today. Verifying token...
2026-09-25 15:11:02,611  [INFO]  Cached Groww access token verified successfully. Skipping auth endpoint.
2026-09-25 15:11:04,517  [INFO]  Selected BankNifty monthly expiry: 2026-09-29
2026-09-25 15:11:04,625  [INFO]  Using BANKNIFTY futures symbol for candle data: BANKNIFTY26SEPFUT (groww_symbol=NSE-BANKNIFTY-29Sep26-FUT)
2026-09-25 15:11:04,626  [INFO]  Strategy started.  Underlying: BANKNIFTY  Monthly expiry: 2026-09-29  Supertrend(20, 1.8)  Exit threshold: ±111 pts  Entry window: 09:23–15:05  Force-close: 15:08
2026-09-25 15:11:04,626  [INFO]  [2026-09-25 15:11:04] SQUARE-OFF TIME — no open positions.
2026-09-25 15:11:04,626  [INFO]  Session ended. Exiting strategy.
2026-09-25 15:11:06,822  [INFO]  Logging to console and to file: logs\strategy_2026-09-25.log
2026-09-25 15:11:06,823  [INFO]  Found cached Groww access token for today. Verifying token...
2026-09-25 15:11:07,038  [INFO]  Cached Groww access token verified successfully. Skipping auth endpoint.
2026-09-25 15:11:08,774  [INFO]  Selected BankNifty monthly expiry: 2026-09-29
2026-09-25 15:11:08,882  [INFO]  Using BANKNIFTY futures symbol for candle data: BANKNIFTY26SEPFUT (groww_symbol=NSE-BANKNIFTY-29Sep26-FUT)
2026-09-25 15:11:08,882  [INFO]  Strategy started.  Underlying: BANKNIFTY  Monthly expiry: 2026-09-29  Supertrend(20, 1.8)  Exit threshold: ±111 pts  Entry window: 09:23–15:05  Force-close: 15:08
2026-09-25 15:11:08,882  [INFO]  [2026-09-25 15:11:08] SQUARE-OFF TIME — no open positions.
2026-09-25 15:11:08,882  [INFO]  Session ended. Exiting strategy.
2026-09-25 15:11:11,015  [INFO]  Logging to console and to file: logs\strategy_2026-09-25.log
2026-09-25 15:11:11,017  [INFO]  Found cached Groww access token for today. Verifying token...
2026-09-25 15:11:11,244  [INFO]  Cached Groww access token verified successfully. Skipping auth endpoint.
2026-09-25 15:11:13,084  [INFO]  Selected BankNifty monthly expiry: 2026-09-29
2026-09-25 15:11:13,188  [INFO]  Using BANKNIFTY futures symbol for candle data: BANKNIFTY26SEPFUT (groww_symbol=NSE-BANKNIFTY-29Sep26-FUT)
2026-09-25 15:11:13,188  [INFO]  Strategy started.  Underlying: BANKNIFTY  Monthly expiry: 2026-09-29  Supertrend(20, 1.8)  Exit threshold: ±111 pts  Entry window: 09:23–15:05  Force-close: 15:08
2026-09-25 15:11:13,189  [INFO]  [2026-09-25 15:11:13] SQUARE-OFF TIME — no open positions.
2026-09-25 15:11:13,189  [INFO]  Session ended. Exiting strategy.
2026-09-25 15:11:15,297  [INFO]  Logging to console and to file: logs\strategy_2026-09-25.log
2026-09-25 15:11:15,298  [INFO]  Found cached Groww access token for today. Verifying token...
2026-09-25 15:11:15,560  [INFO]  Cached Groww access token verified successfully. Skipping auth endpoint.
2026-09-25 15:11:17,487  [INFO]  Selected BankNifty monthly expiry: 2026-09-29
2026-09-25 15:11:17,597  [INFO]  Using BANKNIFTY futures symbol for candle data: BANKNIFTY26SEPFUT (groww_symbol=NSE-BANKNIFTY-29Sep26-FUT)
2026-09-25 15:11:17,597  [INFO]  Strategy started.  Underlying: BANKNIFTY  Monthly expiry: 2026-09-29  Supertrend(20, 1.8)  Exit threshold: ±111 pts  Entry window: 09:23–15:05  Force-close: 15:08
2026-09-25 15:11:17,598  [INFO]  [2026-09-25 15:11:17] SQUARE-OFF TIME — no open positions.
2026-09-25 15:11:17,598  [INFO]  Session ended. Exiting strategy.
2026-09-25 15:11:23,487  [INFO]  Logging to console and to file: logs\strategy_2026-09-25.log
2026-09-25 15:11:23,512  [INFO]  Found cached Groww access token for today. Verifying token...
2026-09-25 15:11:23,743  [INFO]  Cached Groww access token verified successfully. Skipping auth endpoint.
2026-09-25 15:11:25,494  [INFO]  Selected BankNifty monthly expiry: 2026-09-29
2026-09-25 15:11:25,594  [INFO]  Using BANKNIFTY futures symbol for candle data: BANKNIFTY26SEPFUT (groww_symbol=NSE-BANKNIFTY-29Sep26-FUT)
2026-09-25 15:11:25,594  [INFO]  Strategy started.  Underlying: BANKNIFTY  Monthly expiry: 2026-09-29  Supertrend(20, 1.8)  Exit threshold: ±111 pts  Entry window: 09:23–15:05  Force-close: 15:08
2026-09-25 15:11:25,594  [INFO]  [2026-09-25 15:11:25] SQUARE-OFF TIME — no open positions.
2026-09-25 15:11:25,594  [INFO]  Session ended. Exiting strategy.
2026-09-25 15:11:28,418  [INFO]  Logging to console and to file: logs\strategy_2026-09-25.log
2026-09-25 15:11:28,419  [INFO]  Found cached Groww access token for today. Verifying token...
2026-09-25 15:11:28,615  [INFO]  Cached Groww access token verified successfully. Skipping auth endpoint.
2026-09-25 15:11:30,300  [INFO]  Selected BankNifty monthly expiry: 2026-09-29
2026-09-25 15:11:30,398  [INFO]  Using BANKNIFTY futures symbol for candle data: BANKNIFTY26SEPFUT (groww_symbol=NSE-BANKNIFTY-29Sep26-FUT)
2026-09-25 15:11:30,398  [INFO]  Strategy started.  Underlying: BANKNIFTY  Monthly expiry: 2026-09-29  Supertrend(20, 1.8)  Exit threshold: ±111 pts  Entry window: 09:23–15:05  Force-close: 15:08
2026-09-25 15:11:30,398  [INFO]  [2026-09-25 15:11:30] SQUARE-OFF TIME — no open positions.
2026-09-25 15:11:30,398  [INFO]  Session ended. Exiting strategy.
2026-09-25 15:11:32,534  [INFO]  Logging to console and to file: logs\strategy_2026-09-25.log
2026-09-25 15:11:32,535  [INFO]  Found cached Groww access token for today. Verifying token...
2026-09-25 15:11:32,727  [INFO]  Cached Groww access token verified successfully. Skipping auth endpoint.
2026-09-25 15:11:34,516  [INFO]  Selected BankNifty monthly expiry: 2026-09-29
2026-09-25 15:11:34,610  [INFO]  Using BANKNIFTY futures symbol for candle data: BANKNIFTY26SEPFUT (groww_symbol=NSE-BANKNIFTY-29Sep26-FUT)
2026-09-25 15:11:34,610  [INFO]  Strategy started.  Underlying: BANKNIFTY  Monthly expiry: 2026-09-29  Supertrend(20, 1.8)  Exit threshold: ±111 pts  Entry window: 09:23–15:05  Force-close: 15:08
2026-09-25 15:11:34,610  [INFO]  [2026-09-25 15:11:34] SQUARE-OFF TIME — no open positions.
2026-09-25 15:11:34,610  [INFO]  Session ended. Exiting strategy.
2026-09-25 15:11:36,682  [INFO]  Logging to console and to file: logs\strategy_2026-09-25.log
2026-09-25 15:11:36,683  [INFO]  Found cached Groww access token for today. Verifying token...
2026-09-25 15:11:36,880  [INFO]  Cached Groww access token verified successfully. Skipping auth endpoint.
2026-09-25 15:11:38,577  [INFO]  Selected BankNifty monthly expiry: 2026-09-29
2026-09-25 15:11:38,672  [INFO]  Using BANKNIFTY futures symbol for candle data: BANKNIFTY26SEPFUT (groww_symbol=NSE-BANKNIFTY-29Sep26-FUT)
2026-09-25 15:11:38,672  [INFO]  Strategy started.  Underlying: BANKNIFTY  Monthly expiry: 2026-09-29  Supertrend(20, 1.8)  Exit threshold: ±111 pts  Entry window: 09:23–15:05  Force-close: 15:08
2026-09-25 15:11:38,672  [INFO]  [2026-09-25 15:11:38] SQUARE-OFF TIME — no open positions.
2026-09-25 15:11:38,672  [INFO]  Session ended. Exiting strategy.
2026-09-25 15:11:40,913  [INFO]  Logging to console and to file: logs\strategy_2026-09-25.log
2026-09-25 15:11:40,915  [INFO]  Found cached Groww access token for today. Verifying token...
2026-09-25 15:11:41,115  [INFO]  Cached Groww access token verified successfully. Skipping auth endpoint.
2026-09-25 15:11:42,865  [INFO]  Selected BankNifty monthly expiry: 2026-09-29
2026-09-25 15:11:42,990  [INFO]  Using BANKNIFTY futures symbol for candle data: BANKNIFTY26SEPFUT (groww_symbol=NSE-BANKNIFTY-29Sep26-FUT)
2026-09-25 15:11:42,990  [INFO]  Strategy started.  Underlying: BANKNIFTY  Monthly expiry: 2026-09-29  Supertrend(20, 1.8)  Exit threshold: ±111 pts  Entry window: 09:23–15:05  Force-close: 15:08
2026-09-25 15:11:42,991  [INFO]  [2026-09-25 15:11:42] SQUARE-OFF TIME — no open positions.
2026-09-25 15:11:42,991  [INFO]  Session ended. Exiting strategy.
2026-09-25 15:11:45,136  [INFO]  Logging to console and to file: logs\strategy_2026-09-25.log
2026-09-25 15:11:45,136  [INFO]  Found cached Groww access token for today. Verifying token...
2026-09-25 15:11:45,327  [INFO]  Cached Groww access token verified successfully. Skipping auth endpoint.
2026-09-25 15:11:46,985  [INFO]  Selected BankNifty monthly expiry: 2026-09-29
2026-09-25 15:11:47,095  [INFO]  Using BANKNIFTY futures symbol for candle data: BANKNIFTY26SEPFUT (groww_symbol=NSE-BANKNIFTY-29Sep26-FUT)
2026-09-25 15:11:47,095  [INFO]  Strategy started.  Underlying: BANKNIFTY  Monthly expiry: 2026-09-29  Supertrend(20, 1.8)  Exit threshold: ±111 pts  Entry window: 09:23–15:05  Force-close: 15:08
2026-09-25 15:11:47,095  [INFO]  [2026-09-25 15:11:47] SQUARE-OFF TIME — no open positions.
2026-09-25 15:11:47,095  [INFO]  Session ended. Exiting strategy.
2026-09-25 15:11:49,078  [INFO]  Logging to console and to file: logs\strategy_2026-09-25.log
2026-09-25 15:11:49,079  [INFO]  Found cached Groww access token for today. Verifying token...
2026-09-25 15:11:49,276  [INFO]  Cached Groww access token verified successfully. Skipping auth endpoint.
2026-09-25 15:11:51,036  [INFO]  Selected BankNifty monthly expiry: 2026-09-29
2026-09-25 15:11:51,184  [INFO]  Using BANKNIFTY futures symbol for candle data: BANKNIFTY26SEPFUT (groww_symbol=NSE-BANKNIFTY-29Sep26-FUT)
2026-09-25 15:11:51,184  [INFO]  Strategy started.  Underlying: BANKNIFTY  Monthly expiry: 2026-09-29  Supertrend(20, 1.8)  Exit threshold: ±111 pts  Entry window: 09:23–15:05  Force-close: 15:08
2026-09-25 15:11:51,185  [INFO]  [2026-09-25 15:11:51] SQUARE-OFF TIME — no open positions.
2026-09-25 15:11:51,185  [INFO]  Session ended. Exiting strategy.
2026-09-25 15:11:53,349  [INFO]  Logging to console and to file: logs\strategy_2026-09-25.log
2026-09-25 15:11:53,350  [INFO]  Found cached Groww access token for today. Verifying token...
2026-09-25 15:11:53,536  [INFO]  Cached Groww access token verified successfully. Skipping auth endpoint.
2026-09-25 15:11:55,798  [INFO]  Selected BankNifty monthly expiry: 2026-09-29
2026-09-25 15:11:55,898  [INFO]  Using BANKNIFTY futures symbol for candle data: BANKNIFTY26SEPFUT (groww_symbol=NSE-BANKNIFTY-29Sep26-FUT)
2026-09-25 15:11:55,898  [INFO]  Strategy started.  Underlying: BANKNIFTY  Monthly expiry: 2026-09-29  Supertrend(20, 1.8)  Exit threshold: ±111 pts  Entry window: 09:23–15:05  Force-close: 15:08
2026-09-25 15:11:55,898  [INFO]  [2026-09-25 15:11:55] SQUARE-OFF TIME — no open positions.
2026-09-25 15:11:55,898  [INFO]  Session ended. Exiting strategy.
2026-09-25 15:11:58,145  [INFO]  Logging to console and to file: logs\strategy_2026-09-25.log
2026-09-25 15:11:58,146  [INFO]  Found cached Groww access token for today. Verifying token...
2026-09-25 15:11:58,343  [INFO]  Cached Groww access token verified successfully. Skipping auth endpoint.
2026-09-25 15:12:00,312  [INFO]  Selected BankNifty monthly expiry: 2026-09-29
2026-09-25 15:12:00,407  [INFO]  Using BANKNIFTY futures symbol for candle data: BANKNIFTY26SEPFUT (groww_symbol=NSE-BANKNIFTY-29Sep26-FUT)
2026-09-25 15:12:00,407  [INFO]  Strategy started.  Underlying: BANKNIFTY  Monthly expiry: 2026-09-29  Supertrend(20, 1.8)  Exit threshold: ±111 pts  Entry window: 09:23–15:05  Force-close: 15:08
2026-09-25 15:12:00,408  [INFO]  [2026-09-25 15:12:00] SQUARE-OFF TIME — no open positions.
2026-09-25 15:12:00,408  [INFO]  Session ended. Exiting strategy.
2026-09-25 15:12:02,480  [INFO]  Logging to console and to file: logs\strategy_2026-09-25.log
2026-09-25 15:12:02,481  [INFO]  Found cached Groww access token for today. Verifying token...
2026-09-25 15:12:02,676  [INFO]  Cached Groww access token verified successfully. Skipping auth endpoint.
2026-09-25 15:12:04,465  [INFO]  Selected BankNifty monthly expiry: 2026-09-29
2026-09-25 15:12:04,582  [INFO]  Using BANKNIFTY futures symbol for candle data: BANKNIFTY26SEPFUT (groww_symbol=NSE-BANKNIFTY-29Sep26-FUT)
2026-09-25 15:12:04,582  [INFO]  Strategy started.  Underlying: BANKNIFTY  Monthly expiry: 2026-09-29  Supertrend(20, 1.8)  Exit threshold: ±111 pts  Entry window: 09:23–15:05  Force-close: 15:08
2026-09-25 15:12:04,582  [INFO]  [2026-09-25 15:12:04] SQUARE-OFF TIME — no open positions.
2026-09-25 15:12:04,582  [INFO]  Session ended. Exiting strategy.
2026-09-25 15:12:06,595  [INFO]  Logging to console and to file: logs\strategy_2026-09-25.log
2026-09-25 15:12:06,595  [INFO]  Found cached Groww access token for today. Verifying token...
2026-09-25 15:12:06,783  [INFO]  Cached Groww access token verified successfully. Skipping auth endpoint.
2026-09-25 15:12:08,445  [INFO]  Selected BankNifty monthly expiry: 2026-09-29
2026-09-25 15:12:08,541  [INFO]  Using BANKNIFTY futures symbol for candle data: BANKNIFTY26SEPFUT (groww_symbol=NSE-BANKNIFTY-29Sep26-FUT)
2026-09-25 15:12:08,542  [INFO]  Strategy started.  Underlying: BANKNIFTY  Monthly expiry: 2026-09-29  Supertrend(20, 1.8)  Exit threshold: ±111 pts  Entry window: 09:23–15:05  Force-close: 15:08
2026-09-25 15:12:08,542  [INFO]  [2026-09-25 15:12:08] SQUARE-OFF TIME — no open positions.
2026-09-25 15:12:08,542  [INFO]  Session ended. Exiting strategy.
2026-09-25 15:12:10,740  [INFO]  Logging to console and to file: logs\strategy_2026-09-25.log
2026-09-25 15:12:10,741  [INFO]  Found cached Groww access token for today. Verifying token...
2026-09-25 15:12:10,941  [INFO]  Cached Groww access token verified successfully. Skipping auth endpoint.
2026-09-25 15:12:13,169  [INFO]  Selected BankNifty monthly expiry: 2026-09-29
2026-09-25 15:12:13,288  [INFO]  Using BANKNIFTY futures symbol for candle data: BANKNIFTY26SEPFUT (groww_symbol=NSE-BANKNIFTY-29Sep26-FUT)
2026-09-25 15:12:13,289  [INFO]  Strategy started.  Underlying: BANKNIFTY  Monthly expiry: 2026-09-29  Supertrend(20, 1.8)  Exit threshold: ±111 pts  Entry window: 09:23–15:05  Force-close: 15:08
2026-09-25 15:12:13,289  [INFO]  [2026-09-25 15:12:13] SQUARE-OFF TIME — no open positions.
2026-09-25 15:12:13,289  [INFO]  Session ended. Exiting strategy.
2026-09-25 15:12:15,532  [INFO]  Logging to console and to file: logs\strategy_2026-09-25.log
2026-09-25 15:12:15,533  [INFO]  Found cached Groww access token for today. Verifying token...
2026-09-25 15:12:15,764  [INFO]  Cached Groww access token verified successfully. Skipping auth endpoint.
2026-09-25 15:12:17,727  [INFO]  Selected BankNifty monthly expiry: 2026-09-29
2026-09-25 15:12:17,827  [INFO]  Using BANKNIFTY futures symbol for candle data: BANKNIFTY26SEPFUT (groww_symbol=NSE-BANKNIFTY-29Sep26-FUT)
2026-09-25 15:12:17,827  [INFO]  Strategy started.  Underlying: BANKNIFTY  Monthly expiry: 2026-09-29  Supertrend(20, 1.8)  Exit threshold: ±111 pts  Entry window: 09:23–15:05  Force-close: 15:08
2026-09-25 15:12:17,827  [INFO]  [2026-09-25 15:12:17] SQUARE-OFF TIME — no open positions.
2026-09-25 15:12:17,827  [INFO]  Session ended. Exiting strategy.
2026-09-25 15:12:20,020  [INFO]  Logging to console and to file: logs\strategy_2026-09-25.log
2026-09-25 15:12:20,021  [INFO]  Found cached Groww access token for today. Verifying token...
2026-09-25 15:12:20,228  [INFO]  Cached Groww access token verified successfully. Skipping auth endpoint.
2026-09-25 15:12:22,285  [INFO]  Selected BankNifty monthly expiry: 2026-09-29
2026-09-25 15:12:22,401  [INFO]  Using BANKNIFTY futures symbol for candle data: BANKNIFTY26SEPFUT (groww_symbol=NSE-BANKNIFTY-29Sep26-FUT)
2026-09-25 15:12:22,402  [INFO]  Strategy started.  Underlying: BANKNIFTY  Monthly expiry: 2026-09-29  Supertrend(20, 1.8)  Exit threshold: ±111 pts  Entry window: 09:23–15:05  Force-close: 15:08
2026-09-25 15:12:22,402  [INFO]  [2026-09-25 15:12:22] SQUARE-OFF TIME — no open positions.
2026-09-25 15:12:22,402  [INFO]  Session ended. Exiting strategy.
2026-09-25 15:12:24,693  [INFO]  Logging to console and to file: logs\strategy_2026-09-25.log
2026-09-25 15:12:24,694  [INFO]  Found cached Groww access token for today. Verifying token...
2026-09-25 15:12:24,885  [INFO]  Cached Groww access token verified successfully. Skipping auth endpoint.
2026-09-25 15:12:26,600  [INFO]  Selected BankNifty monthly expiry: 2026-09-29
2026-09-25 15:12:26,698  [INFO]  Using BANKNIFTY futures symbol for candle data: BANKNIFTY26SEPFUT (groww_symbol=NSE-BANKNIFTY-29Sep26-FUT)
2026-09-25 15:12:26,698  [INFO]  Strategy started.  Underlying: BANKNIFTY  Monthly expiry: 2026-09-29  Supertrend(20, 1.8)  Exit threshold: ±111 pts  Entry window: 09:23–15:05  Force-close: 15:08
2026-09-25 15:12:26,698  [INFO]  [2026-09-25 15:12:26] SQUARE-OFF TIME — no open positions.
2026-09-25 15:12:26,699  [INFO]  Session ended. Exiting strategy.
2026-09-25 15:12:28,850  [INFO]  Logging to console and to file: logs\strategy_2026-09-25.log
2026-09-25 15:12:28,851  [INFO]  Found cached Groww access token for today. Verifying token...
2026-09-25 15:12:29,064  [INFO]  Cached Groww access token verified successfully. Skipping auth endpoint.
2026-09-25 15:12:30,700  [INFO]  Selected BankNifty monthly expiry: 2026-09-29
2026-09-25 15:12:30,815  [INFO]  Using BANKNIFTY futures symbol for candle data: BANKNIFTY26SEPFUT (groww_symbol=NSE-BANKNIFTY-29Sep26-FUT)
2026-09-25 15:12:30,815  [INFO]  Strategy started.  Underlying: BANKNIFTY  Monthly expiry: 2026-09-29  Supertrend(20, 1.8)  Exit threshold: ±111 pts  Entry window: 09:23–15:05  Force-close: 15:08
2026-09-25 15:12:30,815  [INFO]  [2026-09-25 15:12:30] SQUARE-OFF TIME — no open positions.
2026-09-25 15:12:30,815  [INFO]  Session ended. Exiting strategy.
2026-09-25 15:12:32,872  [INFO]  Logging to console and to file: logs\strategy_2026-09-25.log
2026-09-25 15:12:32,873  [INFO]  Found cached Groww access token for today. Verifying token...
2026-09-25 15:12:33,052  [INFO]  Cached Groww access token verified successfully. Skipping auth endpoint.
2026-09-25 15:12:34,719  [INFO]  Selected BankNifty monthly expiry: 2026-09-29
2026-09-25 15:12:34,817  [INFO]  Using BANKNIFTY futures symbol for candle data: BANKNIFTY26SEPFUT (groww_symbol=NSE-BANKNIFTY-29Sep26-FUT)
2026-09-25 15:12:34,817  [INFO]  Strategy started.  Underlying: BANKNIFTY  Monthly expiry: 2026-09-29  Supertrend(20, 1.8)  Exit threshold: ±111 pts  Entry window: 09:23–15:05  Force-close: 15:08
2026-09-25 15:12:34,817  [INFO]  [2026-09-25 15:12:34] SQUARE-OFF TIME — no open positions.
2026-09-25 15:12:34,817  [INFO]  Session ended. Exiting strategy.
2026-09-25 15:12:36,838  [INFO]  Logging to console and to file: logs\strategy_2026-09-25.log
2026-09-25 15:12:36,839  [INFO]  Found cached Groww access token for today. Verifying token...
2026-09-25 15:12:37,132  [INFO]  Cached Groww access token verified successfully. Skipping auth endpoint.
2026-09-25 15:12:38,739  [INFO]  Selected BankNifty monthly expiry: 2026-09-29
2026-09-25 15:12:38,872  [INFO]  Using BANKNIFTY futures symbol for candle data: BANKNIFTY26SEPFUT (groww_symbol=NSE-BANKNIFTY-29Sep26-FUT)
2026-09-25 15:12:38,872  [INFO]  Strategy started.  Underlying: BANKNIFTY  Monthly expiry: 2026-09-29  Supertrend(20, 1.8)  Exit threshold: ±111 pts  Entry window: 09:23–15:05  Force-close: 15:08
2026-09-25 15:12:38,872  [INFO]  [2026-09-25 15:12:38] SQUARE-OFF TIME — no open positions.
2026-09-25 15:12:38,872  [INFO]  Session ended. Exiting strategy.
2026-09-25 15:12:40,998  [INFO]  Logging to console and to file: logs\strategy_2026-09-25.log
2026-09-25 15:12:40,999  [INFO]  Found cached Groww access token for today. Verifying token...
2026-09-25 15:12:41,193  [INFO]  Cached Groww access token verified successfully. Skipping auth endpoint.
2026-09-25 15:12:42,927  [INFO]  Selected BankNifty monthly expiry: 2026-09-29
2026-09-25 15:12:43,023  [INFO]  Using BANKNIFTY futures symbol for candle data: BANKNIFTY26SEPFUT (groww_symbol=NSE-BANKNIFTY-29Sep26-FUT)
2026-09-25 15:12:43,023  [INFO]  Strategy started.  Underlying: BANKNIFTY  Monthly expiry: 2026-09-29  Supertrend(20, 1.8)  Exit threshold: ±111 pts  Entry window: 09:23–15:05  Force-close: 15:08
2026-09-25 15:12:43,024  [INFO]  [2026-09-25 15:12:43] SQUARE-OFF TIME — no open positions.
2026-09-25 15:12:43,024  [INFO]  Session ended. Exiting strategy.
2026-09-25 15:12:45,179  [INFO]  Logging to console and to file: logs\strategy_2026-09-25.log
2026-09-25 15:12:45,180  [INFO]  Found cached Groww access token for today. Verifying token...
2026-09-25 15:12:45,390  [INFO]  Cached Groww access token verified successfully. Skipping auth endpoint.
2026-09-25 15:13:08,354  [INFO]  Selected BankNifty monthly expiry: 2026-09-29
2026-09-25 15:13:08,454  [INFO]  Using BANKNIFTY futures symbol for candle data: BANKNIFTY26SEPFUT (groww_symbol=NSE-BANKNIFTY-29Sep26-FUT)
2026-09-25 15:13:08,455  [INFO]  Strategy started.  Underlying: BANKNIFTY  Monthly expiry: 2026-09-29  Supertrend(20, 1.8)  Exit threshold: ±111 pts  Entry window: 09:23–15:05  Force-close: 15:08
2026-09-25 15:13:08,455  [INFO]  [2026-09-25 15:13:08] SQUARE-OFF TIME — no open positions.
2026-09-25 15:13:08,455  [INFO]  Session ended. Exiting strategy.
2026-09-25 15:13:10,700  [INFO]  Logging to console and to file: logs\strategy_2026-09-25.log
2026-09-25 15:13:10,701  [INFO]  Found cached Groww access token for today. Verifying token...
2026-09-25 15:13:10,919  [INFO]  Cached Groww access token verified successfully. Skipping auth endpoint.
2026-09-25 15:13:12,752  [INFO]  Selected BankNifty monthly expiry: 2026-09-29
2026-09-25 15:13:12,847  [INFO]  Using BANKNIFTY futures symbol for candle data: BANKNIFTY26SEPFUT (groww_symbol=NSE-BANKNIFTY-29Sep26-FUT)
2026-09-25 15:13:12,847  [INFO]  Strategy started.  Underlying: BANKNIFTY  Monthly expiry: 2026-09-29  Supertrend(20, 1.8)  Exit threshold: ±111 pts  Entry window: 09:23–15:05  Force-close: 15:08
2026-09-25 15:13:12,848  [INFO]  [2026-09-25 15:13:12] SQUARE-OFF TIME — no open positions.
2026-09-25 15:13:12,848  [INFO]  Session ended. Exiting strategy.
2026-09-25 15:13:15,079  [INFO]  Logging to console and to file: logs\strategy_2026-09-25.log
2026-09-25 15:13:15,080  [INFO]  Found cached Groww access token for today. Verifying token...
2026-09-25 15:13:15,494  [INFO]  Cached Groww access token verified successfully. Skipping auth endpoint.
2026-09-25 15:13:17,201  [INFO]  Selected BankNifty monthly expiry: 2026-09-29
2026-09-25 15:13:17,304  [INFO]  Using BANKNIFTY futures symbol for candle data: BANKNIFTY26SEPFUT (groww_symbol=NSE-BANKNIFTY-29Sep26-FUT)
2026-09-25 15:13:17,305  [INFO]  Strategy started.  Underlying: BANKNIFTY  Monthly expiry: 2026-09-29  Supertrend(20, 1.8)  Exit threshold: ±111 pts  Entry window: 09:23–15:05  Force-close: 15:08
2026-09-25 15:13:17,305  [INFO]  [2026-09-25 15:13:17] SQUARE-OFF TIME — no open positions.
2026-09-25 15:13:17,305  [INFO]  Session ended. Exiting strategy.
2026-09-25 15:13:19,349  [INFO]  Logging to console and to file: logs\strategy_2026-09-25.log
2026-09-25 15:13:19,350  [INFO]  Found cached Groww access token for today. Verifying token...
2026-09-25 15:13:19,526  [INFO]  Cached Groww access token verified successfully. Skipping auth endpoint.
2026-09-25 15:13:21,580  [INFO]  Selected BankNifty monthly expiry: 2026-09-29
2026-09-25 15:13:21,680  [INFO]  Using BANKNIFTY futures symbol for candle data: BANKNIFTY26SEPFUT (groww_symbol=NSE-BANKNIFTY-29Sep26-FUT)
2026-09-25 15:13:21,680  [INFO]  Strategy started.  Underlying: BANKNIFTY  Monthly expiry: 2026-09-29  Supertrend(20, 1.8)  Exit threshold: ±111 pts  Entry window: 09:23–15:05  Force-close: 15:08
2026-09-25 15:13:21,680  [INFO]  [2026-09-25 15:13:21] SQUARE-OFF TIME — no open positions.
2026-09-25 15:13:21,681  [INFO]  Session ended. Exiting strategy.
2026-09-25 15:13:23,778  [INFO]  Logging to console and to file: logs\strategy_2026-09-25.log
2026-09-25 15:13:23,779  [INFO]  Found cached Groww access token for today. Verifying token...
2026-09-25 15:13:23,995  [INFO]  Cached Groww access token verified successfully. Skipping auth endpoint.
2026-09-25 15:13:25,670  [INFO]  Selected BankNifty monthly expiry: 2026-09-29
2026-09-25 15:13:25,766  [INFO]  Using BANKNIFTY futures symbol for candle data: BANKNIFTY26SEPFUT (groww_symbol=NSE-BANKNIFTY-29Sep26-FUT)
2026-09-25 15:13:25,767  [INFO]  Strategy started.  Underlying: BANKNIFTY  Monthly expiry: 2026-09-29  Supertrend(20, 1.8)  Exit threshold: ±111 pts  Entry window: 09:23–15:05  Force-close: 15:08
2026-09-25 15:13:25,767  [INFO]  [2026-09-25 15:13:25] SQUARE-OFF TIME — no open positions.
2026-09-25 15:13:25,767  [INFO]  Session ended. Exiting strategy.
2026-09-25 15:13:27,886  [INFO]  Logging to console and to file: logs\strategy_2026-09-25.log
2026-09-25 15:13:27,887  [INFO]  Found cached Groww access token for today. Verifying token...
2026-09-25 15:13:28,076  [INFO]  Cached Groww access token verified successfully. Skipping auth endpoint.
2026-09-25 15:13:29,705  [INFO]  Selected BankNifty monthly expiry: 2026-09-29
2026-09-25 15:13:29,806  [INFO]  Using BANKNIFTY futures symbol for candle data: BANKNIFTY26SEPFUT (groww_symbol=NSE-BANKNIFTY-29Sep26-FUT)
2026-09-25 15:13:29,806  [INFO]  Strategy started.  Underlying: BANKNIFTY  Monthly expiry: 2026-09-29  Supertrend(20, 1.8)  Exit threshold: ±111 pts  Entry window: 09:23–15:05  Force-close: 15:08
2026-09-25 15:13:29,806  [INFO]  [2026-09-25 15:13:29] SQUARE-OFF TIME — no open positions.
2026-09-25 15:13:29,806  [INFO]  Session ended. Exiting strategy.
2026-09-25 15:13:31,918  [INFO]  Logging to console and to file: logs\strategy_2026-09-25.log
2026-09-25 15:13:31,919  [INFO]  Found cached Groww access token for today. Verifying token...
2026-09-25 15:13:32,127  [INFO]  Cached Groww access token verified successfully. Skipping auth endpoint.
2026-09-25 15:13:34,132  [INFO]  Selected BankNifty monthly expiry: 2026-09-29
2026-09-25 15:13:34,227  [INFO]  Using BANKNIFTY futures symbol for candle data: BANKNIFTY26SEPFUT (groww_symbol=NSE-BANKNIFTY-29Sep26-FUT)
2026-09-25 15:13:34,228  [INFO]  Strategy started.  Underlying: BANKNIFTY  Monthly expiry: 2026-09-29  Supertrend(20, 1.8)  Exit threshold: ±111 pts  Entry window: 09:23–15:05  Force-close: 15:08
2026-09-25 15:13:34,228  [INFO]  [2026-09-25 15:13:34] SQUARE-OFF TIME — no open positions.
2026-09-25 15:13:34,228  [INFO]  Session ended. Exiting strategy.
2026-09-25 15:13:36,273  [INFO]  Logging to console and to file: logs\strategy_2026-09-25.log
2026-09-25 15:13:36,274  [INFO]  Found cached Groww access token for today. Verifying token...
2026-09-25 15:13:36,496  [INFO]  Cached Groww access token verified successfully. Skipping auth endpoint.
2026-09-25 15:13:38,601  [INFO]  Selected BankNifty monthly expiry: 2026-09-29
2026-09-25 15:13:38,699  [INFO]  Using BANKNIFTY futures symbol for candle data: BANKNIFTY26SEPFUT (groww_symbol=NSE-BANKNIFTY-29Sep26-FUT)
2026-09-25 15:13:38,699  [INFO]  Strategy started.  Underlying: BANKNIFTY  Monthly expiry: 2026-09-29  Supertrend(20, 1.8)  Exit threshold: ±111 pts  Entry window: 09:23–15:05  Force-close: 15:08
2026-09-25 15:13:38,699  [INFO]  [2026-09-25 15:13:38] SQUARE-OFF TIME — no open positions.
2026-09-25 15:13:38,699  [INFO]  Session ended. Exiting strategy.
2026-09-25 15:13:40,702  [INFO]  Logging to console and to file: logs\strategy_2026-09-25.log
2026-09-25 15:13:40,703  [INFO]  Found cached Groww access token for today. Verifying token...
2026-09-25 15:13:40,894  [INFO]  Cached Groww access token verified successfully. Skipping auth endpoint.
2026-09-25 15:13:42,703  [INFO]  Selected BankNifty monthly expiry: 2026-09-29
2026-09-25 15:13:42,821  [INFO]  Using BANKNIFTY futures symbol for candle data: BANKNIFTY26SEPFUT (groww_symbol=NSE-BANKNIFTY-29Sep26-FUT)
2026-09-25 15:13:42,821  [INFO]  Strategy started.  Underlying: BANKNIFTY  Monthly expiry: 2026-09-29  Supertrend(20, 1.8)  Exit threshold: ±111 pts  Entry window: 09:23–15:05  Force-close: 15:08
2026-09-25 15:13:42,821  [INFO]  [2026-09-25 15:13:42] SQUARE-OFF TIME — no open positions.
2026-09-25 15:13:42,821  [INFO]  Session ended. Exiting strategy.
2026-09-25 15:13:45,062  [INFO]  Logging to console and to file: logs\strategy_2026-09-25.log
2026-09-25 15:13:45,063  [INFO]  Found cached Groww access token for today. Verifying token...
2026-09-25 15:13:45,303  [INFO]  Cached Groww access token verified successfully. Skipping auth endpoint.
2026-09-25 15:13:47,108  [INFO]  Selected BankNifty monthly expiry: 2026-09-29
2026-09-25 15:13:47,206  [INFO]  Using BANKNIFTY futures symbol for candle data: BANKNIFTY26SEPFUT (groww_symbol=NSE-BANKNIFTY-29Sep26-FUT)
2026-09-25 15:13:47,206  [INFO]  Strategy started.  Underlying: BANKNIFTY  Monthly expiry: 2026-09-29  Supertrend(20, 1.8)  Exit threshold: ±111 pts  Entry window: 09:23–15:05  Force-close: 15:08
2026-09-25 15:13:47,206  [INFO]  [2026-09-25 15:13:47] SQUARE-OFF TIME — no open positions.
2026-09-25 15:13:47,207  [INFO]  Session ended. Exiting strategy.
2026-09-25 15:13:49,617  [INFO]  Logging to console and to file: logs\strategy_2026-09-25.log
2026-09-25 15:13:49,618  [INFO]  Found cached Groww access token for today. Verifying token...
2026-09-25 15:13:49,834  [INFO]  Cached Groww access token verified successfully. Skipping auth endpoint.
2026-09-25 15:13:51,711  [INFO]  Selected BankNifty monthly expiry: 2026-09-29
2026-09-25 15:13:51,809  [INFO]  Using BANKNIFTY futures symbol for candle data: BANKNIFTY26SEPFUT (groww_symbol=NSE-BANKNIFTY-29Sep26-FUT)
2026-09-25 15:13:51,809  [INFO]  Strategy started.  Underlying: BANKNIFTY  Monthly expiry: 2026-09-29  Supertrend(20, 1.8)  Exit threshold: ±111 pts  Entry window: 09:23–15:05  Force-close: 15:08
2026-09-25 15:13:51,809  [INFO]  [2026-09-25 15:13:51] SQUARE-OFF TIME — no open positions.
2026-09-25 15:13:51,809  [INFO]  Session ended. Exiting strategy.
2026-09-25 15:13:54,110  [INFO]  Logging to console and to file: logs\strategy_2026-09-25.log
2026-09-25 15:13:54,111  [INFO]  Found cached Groww access token for today. Verifying token...
2026-09-25 15:13:54,319  [INFO]  Cached Groww access token verified successfully. Skipping auth endpoint.
2026-09-25 15:13:56,155  [INFO]  Selected BankNifty monthly expiry: 2026-09-29
2026-09-25 15:13:56,262  [INFO]  Using BANKNIFTY futures symbol for candle data: BANKNIFTY26SEPFUT (groww_symbol=NSE-BANKNIFTY-29Sep26-FUT)
2026-09-25 15:13:56,262  [INFO]  Strategy started.  Underlying: BANKNIFTY  Monthly expiry: 2026-09-29  Supertrend(20, 1.8)  Exit threshold: ±111 pts  Entry window: 09:23–15:05  Force-close: 15:08
2026-09-25 15:13:56,262  [INFO]  [2026-09-25 15:13:56] SQUARE-OFF TIME — no open positions.
2026-09-25 15:13:56,262  [INFO]  Session ended. Exiting strategy.
2026-09-25 15:13:58,401  [INFO]  Logging to console and to file: logs\strategy_2026-09-25.log
2026-09-25 15:13:58,402  [INFO]  Found cached Groww access token for today. Verifying token...
2026-09-25 15:13:58,631  [INFO]  Cached Groww access token verified successfully. Skipping auth endpoint.
2026-09-25 15:14:00,203  [INFO]  Selected BankNifty monthly expiry: 2026-09-29
2026-09-25 15:14:00,300  [INFO]  Using BANKNIFTY futures symbol for candle data: BANKNIFTY26SEPFUT (groww_symbol=NSE-BANKNIFTY-29Sep26-FUT)
2026-09-25 15:14:00,301  [INFO]  Strategy started.  Underlying: BANKNIFTY  Monthly expiry: 2026-09-29  Supertrend(20, 1.8)  Exit threshold: ±111 pts  Entry window: 09:23–15:05  Force-close: 15:08
2026-09-25 15:14:00,301  [INFO]  [2026-09-25 15:14:00] SQUARE-OFF TIME — no open positions.
2026-09-25 15:14:00,301  [INFO]  Session ended. Exiting strategy.
2026-09-25 15:14:02,458  [INFO]  Logging to console and to file: logs\strategy_2026-09-25.log
2026-09-25 15:14:02,459  [INFO]  Found cached Groww access token for today. Verifying token...
2026-09-25 15:14:02,687  [INFO]  Cached Groww access token verified successfully. Skipping auth endpoint.
2026-09-25 15:14:04,341  [INFO]  Selected BankNifty monthly expiry: 2026-09-29
2026-09-25 15:14:04,439  [INFO]  Using BANKNIFTY futures symbol for candle data: BANKNIFTY26SEPFUT (groww_symbol=NSE-BANKNIFTY-29Sep26-FUT)
2026-09-25 15:14:04,439  [INFO]  Strategy started.  Underlying: BANKNIFTY  Monthly expiry: 2026-09-29  Supertrend(20, 1.8)  Exit threshold: ±111 pts  Entry window: 09:23–15:05  Force-close: 15:08
2026-09-25 15:14:04,439  [INFO]  [2026-09-25 15:14:04] SQUARE-OFF TIME — no open positions.
2026-09-25 15:14:04,440  [INFO]  Session ended. Exiting strategy.
2026-09-25 15:14:06,727  [INFO]  Logging to console and to file: logs\strategy_2026-09-25.log
2026-09-25 15:14:06,727  [INFO]  Found cached Groww access token for today. Verifying token...
2026-09-25 15:14:06,939  [INFO]  Cached Groww access token verified successfully. Skipping auth endpoint.
2026-09-25 15:14:08,569  [INFO]  Selected BankNifty monthly expiry: 2026-09-29
2026-09-25 15:14:08,667  [INFO]  Using BANKNIFTY futures symbol for candle data: BANKNIFTY26SEPFUT (groww_symbol=NSE-BANKNIFTY-29Sep26-FUT)
2026-09-25 15:14:08,667  [INFO]  Strategy started.  Underlying: BANKNIFTY  Monthly expiry: 2026-09-29  Supertrend(20, 1.8)  Exit threshold: ±111 pts  Entry window: 09:23–15:05  Force-close: 15:08
2026-09-25 15:14:08,667  [INFO]  [2026-09-25 15:14:08] SQUARE-OFF TIME — no open positions.
2026-09-25 15:14:08,667  [INFO]  Session ended. Exiting strategy.
2026-09-25 15:14:10,695  [INFO]  Logging to console and to file: logs\strategy_2026-09-25.log
2026-09-25 15:14:10,696  [INFO]  Found cached Groww access token for today. Verifying token...
2026-09-25 15:14:10,906  [INFO]  Cached Groww access token verified successfully. Skipping auth endpoint.
2026-09-25 15:14:12,590  [INFO]  Selected BankNifty monthly expiry: 2026-09-29
2026-09-25 15:14:12,684  [INFO]  Using BANKNIFTY futures symbol for candle data: BANKNIFTY26SEPFUT (groww_symbol=NSE-BANKNIFTY-29Sep26-FUT)
2026-09-25 15:14:12,685  [INFO]  Strategy started.  Underlying: BANKNIFTY  Monthly expiry: 2026-09-29  Supertrend(20, 1.8)  Exit threshold: ±111 pts  Entry window: 09:23–15:05  Force-close: 15:08
2026-09-25 15:14:12,685  [INFO]  [2026-09-25 15:14:12] SQUARE-OFF TIME — no open positions.
2026-09-25 15:14:12,685  [INFO]  Session ended. Exiting strategy.
2026-09-25 15:14:14,851  [INFO]  Logging to console and to file: logs\strategy_2026-09-25.log
2026-09-25 15:14:14,852  [INFO]  Found cached Groww access token for today. Verifying token...
2026-09-25 15:14:15,239  [INFO]  Cached Groww access token verified successfully. Skipping auth endpoint.
2026-09-25 15:14:17,073  [INFO]  Selected BankNifty monthly expiry: 2026-09-29
2026-09-25 15:14:17,181  [INFO]  Using BANKNIFTY futures symbol for candle data: BANKNIFTY26SEPFUT (groww_symbol=NSE-BANKNIFTY-29Sep26-FUT)
2026-09-25 15:14:17,182  [INFO]  Strategy started.  Underlying: BANKNIFTY  Monthly expiry: 2026-09-29  Supertrend(20, 1.8)  Exit threshold: ±111 pts  Entry window: 09:23–15:05  Force-close: 15:08
2026-09-25 15:14:17,182  [INFO]  [2026-09-25 15:14:17] SQUARE-OFF TIME — no open positions.
2026-09-25 15:14:17,182  [INFO]  Session ended. Exiting strategy.
2026-09-25 15:14:19,351  [INFO]  Logging to console and to file: logs\strategy_2026-09-25.log
2026-09-25 15:14:19,352  [INFO]  Found cached Groww access token for today. Verifying token...
2026-09-25 15:14:19,556  [INFO]  Cached Groww access token verified successfully. Skipping auth endpoint.
2026-09-25 15:14:21,249  [INFO]  Selected BankNifty monthly expiry: 2026-09-29
2026-09-25 15:14:21,351  [INFO]  Using BANKNIFTY futures symbol for candle data: BANKNIFTY26SEPFUT (groww_symbol=NSE-BANKNIFTY-29Sep26-FUT)
2026-09-25 15:14:21,351  [INFO]  Strategy started.  Underlying: BANKNIFTY  Monthly expiry: 2026-09-29  Supertrend(20, 1.8)  Exit threshold: ±111 pts  Entry window: 09:23–15:05  Force-close: 15:08
2026-09-25 15:14:21,351  [INFO]  [2026-09-25 15:14:21] SQUARE-OFF TIME — no open positions.
2026-09-25 15:14:21,351  [INFO]  Session ended. Exiting strategy.
2026-09-25 15:14:23,387  [INFO]  Logging to console and to file: logs\strategy_2026-09-25.log
2026-09-25 15:14:23,388  [INFO]  Found cached Groww access token for today. Verifying token...
2026-09-25 15:14:23,587  [INFO]  Cached Groww access token verified successfully. Skipping auth endpoint.
2026-09-25 15:14:25,198  [INFO]  Selected BankNifty monthly expiry: 2026-09-29
2026-09-25 15:14:25,295  [INFO]  Using BANKNIFTY futures symbol for candle data: BANKNIFTY26SEPFUT (groww_symbol=NSE-BANKNIFTY-29Sep26-FUT)
2026-09-25 15:14:25,295  [INFO]  Strategy started.  Underlying: BANKNIFTY  Monthly expiry: 2026-09-29  Supertrend(20, 1.8)  Exit threshold: ±111 pts  Entry window: 09:23–15:05  Force-close: 15:08
2026-09-25 15:14:25,295  [INFO]  [2026-09-25 15:14:25] SQUARE-OFF TIME — no open positions.
2026-09-25 15:14:25,295  [INFO]  Session ended. Exiting strategy.
2026-09-25 15:14:27,506  [INFO]  Logging to console and to file: logs\strategy_2026-09-25.log
2026-09-25 15:14:27,507  [INFO]  Found cached Groww access token for today. Verifying token...
2026-09-25 15:14:27,713  [INFO]  Cached Groww access token verified successfully. Skipping auth endpoint.
2026-09-25 15:14:29,367  [INFO]  Selected BankNifty monthly expiry: 2026-09-29
2026-09-25 15:14:29,464  [INFO]  Using BANKNIFTY futures symbol for candle data: BANKNIFTY26SEPFUT (groww_symbol=NSE-BANKNIFTY-29Sep26-FUT)
2026-09-25 15:14:29,464  [INFO]  Strategy started.  Underlying: BANKNIFTY  Monthly expiry: 2026-09-29  Supertrend(20, 1.8)  Exit threshold: ±111 pts  Entry window: 09:23–15:05  Force-close: 15:08
2026-09-25 15:14:29,464  [INFO]  [2026-09-25 15:14:29] SQUARE-OFF TIME — no open positions.
2026-09-25 15:14:29,464  [INFO]  Session ended. Exiting strategy.
2026-09-25 15:14:31,600  [INFO]  Logging to console and to file: logs\strategy_2026-09-25.log
2026-09-25 15:14:31,600  [INFO]  Found cached Groww access token for today. Verifying token...
2026-09-25 15:14:31,794  [INFO]  Cached Groww access token verified successfully. Skipping auth endpoint.
2026-09-25 15:14:33,438  [INFO]  Selected BankNifty monthly expiry: 2026-09-29
2026-09-25 15:14:33,541  [INFO]  Using BANKNIFTY futures symbol for candle data: BANKNIFTY26SEPFUT (groww_symbol=NSE-BANKNIFTY-29Sep26-FUT)
2026-09-25 15:14:33,541  [INFO]  Strategy started.  Underlying: BANKNIFTY  Monthly expiry: 2026-09-29  Supertrend(20, 1.8)  Exit threshold: ±111 pts  Entry window: 09:23–15:05  Force-close: 15:08
2026-09-25 15:14:33,541  [INFO]  [2026-09-25 15:14:33] SQUARE-OFF TIME — no open positions.
2026-09-25 15:14:33,542  [INFO]  Session ended. Exiting strategy.
2026-09-25 15:14:35,658  [INFO]  Logging to console and to file: logs\strategy_2026-09-25.log
2026-09-25 15:14:35,659  [INFO]  Found cached Groww access token for today. Verifying token...
2026-09-25 15:14:35,872  [INFO]  Cached Groww access token verified successfully. Skipping auth endpoint.
2026-09-25 15:14:38,372  [INFO]  Selected BankNifty monthly expiry: 2026-09-29
2026-09-25 15:14:38,477  [INFO]  Using BANKNIFTY futures symbol for candle data: BANKNIFTY26SEPFUT (groww_symbol=NSE-BANKNIFTY-29Sep26-FUT)
2026-09-25 15:14:38,478  [INFO]  Strategy started.  Underlying: BANKNIFTY  Monthly expiry: 2026-09-29  Supertrend(20, 1.8)  Exit threshold: ±111 pts  Entry window: 09:23–15:05  Force-close: 15:08
2026-09-25 15:14:38,478  [INFO]  [2026-09-25 15:14:38] SQUARE-OFF TIME — no open positions.
2026-09-25 15:14:38,478  [INFO]  Session ended. Exiting strategy.
2026-09-25 15:14:40,545  [INFO]  Logging to console and to file: logs\strategy_2026-09-25.log
2026-09-25 15:14:40,546  [INFO]  Found cached Groww access token for today. Verifying token...
2026-09-25 15:14:40,736  [INFO]  Cached Groww access token verified successfully. Skipping auth endpoint.
2026-09-25 15:14:42,620  [INFO]  Selected BankNifty monthly expiry: 2026-09-29
2026-09-25 15:14:42,717  [INFO]  Using BANKNIFTY futures symbol for candle data: BANKNIFTY26SEPFUT (groww_symbol=NSE-BANKNIFTY-29Sep26-FUT)
2026-09-25 15:14:42,718  [INFO]  Strategy started.  Underlying: BANKNIFTY  Monthly expiry: 2026-09-29  Supertrend(20, 1.8)  Exit threshold: ±111 pts  Entry window: 09:23–15:05  Force-close: 15:08
2026-09-25 15:14:42,718  [INFO]  [2026-09-25 15:14:42] SQUARE-OFF TIME — no open positions.
2026-09-25 15:14:42,718  [INFO]  Session ended. Exiting strategy.
2026-09-25 15:14:44,877  [INFO]  Logging to console and to file: logs\strategy_2026-09-25.log
2026-09-25 15:14:44,878  [INFO]  Found cached Groww access token for today. Verifying token...
2026-09-25 15:14:45,070  [INFO]  Cached Groww access token verified successfully. Skipping auth endpoint.
2026-09-25 15:14:47,136  [INFO]  Selected BankNifty monthly expiry: 2026-09-29
2026-09-25 15:14:47,234  [INFO]  Using BANKNIFTY futures symbol for candle data: BANKNIFTY26SEPFUT (groww_symbol=NSE-BANKNIFTY-29Sep26-FUT)
2026-09-25 15:14:47,234  [INFO]  Strategy started.  Underlying: BANKNIFTY  Monthly expiry: 2026-09-29  Supertrend(20, 1.8)  Exit threshold: ±111 pts  Entry window: 09:23–15:05  Force-close: 15:08
2026-09-25 15:14:47,235  [INFO]  [2026-09-25 15:14:47] SQUARE-OFF TIME — no open positions.
2026-09-25 15:14:47,235  [INFO]  Session ended. Exiting strategy.
2026-09-25 15:14:49,372  [INFO]  Logging to console and to file: logs\strategy_2026-09-25.log
2026-09-25 15:14:49,373  [INFO]  Found cached Groww access token for today. Verifying token...
2026-09-25 15:14:49,583  [INFO]  Cached Groww access token verified successfully. Skipping auth endpoint.
2026-09-25 15:14:51,718  [INFO]  Selected BankNifty monthly expiry: 2026-09-29
2026-09-25 15:14:51,813  [INFO]  Using BANKNIFTY futures symbol for candle data: BANKNIFTY26SEPFUT (groww_symbol=NSE-BANKNIFTY-29Sep26-FUT)
2026-09-25 15:14:51,814  [INFO]  Strategy started.  Underlying: BANKNIFTY  Monthly expiry: 2026-09-29  Supertrend(20, 1.8)  Exit threshold: ±111 pts  Entry window: 09:23–15:05  Force-close: 15:08
2026-09-25 15:14:51,814  [INFO]  [2026-09-25 15:14:51] SQUARE-OFF TIME — no open positions.
2026-09-25 15:14:51,814  [INFO]  Session ended. Exiting strategy.
2026-09-25 15:14:54,044  [INFO]  Logging to console and to file: logs\strategy_2026-09-25.log
2026-09-25 15:14:54,045  [INFO]  Found cached Groww access token for today. Verifying token...
2026-09-25 15:14:54,499  [INFO]  Cached Groww access token verified successfully. Skipping auth endpoint.
2026-09-25 15:14:56,364  [INFO]  Selected BankNifty monthly expiry: 2026-09-29
2026-09-25 15:14:56,462  [INFO]  Using BANKNIFTY futures symbol for candle data: BANKNIFTY26SEPFUT (groww_symbol=NSE-BANKNIFTY-29Sep26-FUT)
2026-09-25 15:14:56,462  [INFO]  Strategy started.  Underlying: BANKNIFTY  Monthly expiry: 2026-09-29  Supertrend(20, 1.8)  Exit threshold: ±111 pts  Entry window: 09:23–15:05  Force-close: 15:08
2026-09-25 15:14:56,462  [INFO]  [2026-09-25 15:14:56] SQUARE-OFF TIME — no open positions.
2026-09-25 15:14:56,462  [INFO]  Session ended. Exiting strategy.
2026-09-25 15:14:58,716  [INFO]  Logging to console and to file: logs\strategy_2026-09-25.log
2026-09-25 15:14:58,717  [INFO]  Found cached Groww access token for today. Verifying token...
2026-09-25 15:14:58,918  [INFO]  Cached Groww access token verified successfully. Skipping auth endpoint.
2026-09-25 15:15:00,805  [INFO]  Selected BankNifty monthly expiry: 2026-09-29
2026-09-25 15:15:00,903  [INFO]  Using BANKNIFTY futures symbol for candle data: BANKNIFTY26SEPFUT (groww_symbol=NSE-BANKNIFTY-29Sep26-FUT)
2026-09-25 15:15:00,903  [INFO]  Strategy started.  Underlying: BANKNIFTY  Monthly expiry: 2026-09-29  Supertrend(20, 1.8)  Exit threshold: ±111 pts  Entry window: 09:23–15:05  Force-close: 15:08
2026-09-25 15:15:00,903  [INFO]  [2026-09-25 15:15:00] SQUARE-OFF TIME — no open positions.
2026-09-25 15:15:00,903  [INFO]  Session ended. Exiting strategy.
2026-09-25 15:15:03,143  [INFO]  Logging to console and to file: logs\strategy_2026-09-25.log
2026-09-25 15:15:03,144  [INFO]  Found cached Groww access token for today. Verifying token...
2026-09-25 15:15:03,353  [INFO]  Cached Groww access token verified successfully. Skipping auth endpoint.
2026-09-25 15:15:05,055  [INFO]  Selected BankNifty monthly expiry: 2026-09-29
2026-09-25 15:15:05,159  [INFO]  Using BANKNIFTY futures symbol for candle data: BANKNIFTY26SEPFUT (groww_symbol=NSE-BANKNIFTY-29Sep26-FUT)
2026-09-25 15:15:05,160  [INFO]  Strategy started.  Underlying: BANKNIFTY  Monthly expiry: 2026-09-29  Supertrend(20, 1.8)  Exit threshold: ±111 pts  Entry window: 09:23–15:05  Force-close: 15:08
2026-09-25 15:15:05,160  [INFO]  [2026-09-25 15:15:05] SQUARE-OFF TIME — no open positions.
2026-09-25 15:15:05,160  [INFO]  Session ended. Exiting strategy.
2026-09-25 15:15:07,277  [INFO]  Logging to console and to file: logs\strategy_2026-09-25.log
2026-09-25 15:15:07,278  [INFO]  Found cached Groww access token for today. Verifying token...
2026-09-25 15:15:07,535  [INFO]  Cached Groww access token verified successfully. Skipping auth endpoint.
2026-09-25 15:15:09,795  [INFO]  Selected BankNifty monthly expiry: 2026-09-29
2026-09-25 15:15:09,908  [INFO]  Using BANKNIFTY futures symbol for candle data: BANKNIFTY26SEPFUT (groww_symbol=NSE-BANKNIFTY-29Sep26-FUT)
2026-09-25 15:15:09,908  [INFO]  Strategy started.  Underlying: BANKNIFTY  Monthly expiry: 2026-09-29  Supertrend(20, 1.8)  Exit threshold: ±111 pts  Entry window: 09:23–15:05  Force-close: 15:08
2026-09-25 15:15:09,908  [INFO]  [2026-09-25 15:15:09] SQUARE-OFF TIME — no open positions.
2026-09-25 15:15:09,908  [INFO]  Session ended. Exiting strategy.
2026-09-25 15:15:11,896  [INFO]  Logging to console and to file: logs\strategy_2026-09-25.log
2026-09-25 15:15:11,897  [INFO]  Found cached Groww access token for today. Verifying token...
2026-09-25 15:15:12,124  [INFO]  Cached Groww access token verified successfully. Skipping auth endpoint.
2026-09-25 15:15:14,168  [INFO]  Selected BankNifty monthly expiry: 2026-09-29
2026-09-25 15:15:14,282  [INFO]  Using BANKNIFTY futures symbol for candle data: BANKNIFTY26SEPFUT (groww_symbol=NSE-BANKNIFTY-29Sep26-FUT)
2026-09-25 15:15:14,282  [INFO]  Strategy started.  Underlying: BANKNIFTY  Monthly expiry: 2026-09-29  Supertrend(20, 1.8)  Exit threshold: ±111 pts  Entry window: 09:23–15:05  Force-close: 15:08
2026-09-25 15:15:14,282  [INFO]  [2026-09-25 15:15:14] SQUARE-OFF TIME — no open positions.
2026-09-25 15:15:14,283  [INFO]  Session ended. Exiting strategy.
2026-09-25 15:15:16,384  [INFO]  Logging to console and to file: logs\strategy_2026-09-25.log
2026-09-25 15:15:16,385  [INFO]  Found cached Groww access token for today. Verifying token...
2026-09-25 15:15:16,609  [INFO]  Cached Groww access token verified successfully. Skipping auth endpoint.
2026-09-25 15:15:18,247  [INFO]  Selected BankNifty monthly expiry: 2026-09-29
2026-09-25 15:15:18,345  [INFO]  Using BANKNIFTY futures symbol for candle data: BANKNIFTY26SEPFUT (groww_symbol=NSE-BANKNIFTY-29Sep26-FUT)
2026-09-25 15:15:18,346  [INFO]  Strategy started.  Underlying: BANKNIFTY  Monthly expiry: 2026-09-29  Supertrend(20, 1.8)  Exit threshold: ±111 pts  Entry window: 09:23–15:05  Force-close: 15:08
2026-09-25 15:15:18,346  [INFO]  [2026-09-25 15:15:18] SQUARE-OFF TIME — no open positions.
2026-09-25 15:15:18,346  [INFO]  Session ended. Exiting strategy.
2026-09-25 15:15:20,472  [INFO]  Logging to console and to file: logs\strategy_2026-09-25.log
2026-09-25 15:15:20,473  [INFO]  Found cached Groww access token for today. Verifying token...
2026-09-25 15:15:20,685  [INFO]  Cached Groww access token verified successfully. Skipping auth endpoint.
2026-09-25 15:15:22,393  [INFO]  Selected BankNifty monthly expiry: 2026-09-29
2026-09-25 15:15:22,488  [INFO]  Using BANKNIFTY futures symbol for candle data: BANKNIFTY26SEPFUT (groww_symbol=NSE-BANKNIFTY-29Sep26-FUT)
2026-09-25 15:15:22,488  [INFO]  Strategy started.  Underlying: BANKNIFTY  Monthly expiry: 2026-09-29  Supertrend(20, 1.8)  Exit threshold: ±111 pts  Entry window: 09:23–15:05  Force-close: 15:08
2026-09-25 15:15:22,488  [INFO]  [2026-09-25 15:15:22] SQUARE-OFF TIME — no open positions.
2026-09-25 15:15:22,489  [INFO]  Session ended. Exiting strategy.
2026-09-25 15:15:24,689  [INFO]  Logging to console and to file: logs\strategy_2026-09-25.log
2026-09-25 15:15:24,691  [INFO]  Found cached Groww access token for today. Verifying token...
2026-09-25 15:15:24,920  [INFO]  Cached Groww access token verified successfully. Skipping auth endpoint.
2026-09-25 15:15:26,653  [INFO]  Selected BankNifty monthly expiry: 2026-09-29
2026-09-25 15:15:26,754  [INFO]  Using BANKNIFTY futures symbol for candle data: BANKNIFTY26SEPFUT (groww_symbol=NSE-BANKNIFTY-29Sep26-FUT)
2026-09-25 15:15:26,754  [INFO]  Strategy started.  Underlying: BANKNIFTY  Monthly expiry: 2026-09-29  Supertrend(20, 1.8)  Exit threshold: ±111 pts  Entry window: 09:23–15:05  Force-close: 15:08
2026-09-25 15:15:26,754  [INFO]  [2026-09-25 15:15:26] SQUARE-OFF TIME — no open positions.
2026-09-25 15:15:26,755  [INFO]  Session ended. Exiting strategy.
2026-09-25 15:15:28,768  [INFO]  Logging to console and to file: logs\strategy_2026-09-25.log
2026-09-25 15:15:28,769  [INFO]  Found cached Groww access token for today. Verifying token...
2026-09-25 15:15:28,973  [INFO]  Cached Groww access token verified successfully. Skipping auth endpoint.
2026-09-25 15:15:30,611  [INFO]  Selected BankNifty monthly expiry: 2026-09-29
2026-09-25 15:15:30,708  [INFO]  Using BANKNIFTY futures symbol for candle data: BANKNIFTY26SEPFUT (groww_symbol=NSE-BANKNIFTY-29Sep26-FUT)
2026-09-25 15:15:30,709  [INFO]  Strategy started.  Underlying: BANKNIFTY  Monthly expiry: 2026-09-29  Supertrend(20, 1.8)  Exit threshold: ±111 pts  Entry window: 09:23–15:05  Force-close: 15:08
2026-09-25 15:15:30,709  [INFO]  [2026-09-25 15:15:30] SQUARE-OFF TIME — no open positions.
2026-09-25 15:15:30,709  [INFO]  Session ended. Exiting strategy.
2026-09-25 15:15:32,889  [INFO]  Logging to console and to file: logs\strategy_2026-09-25.log
2026-09-25 15:15:32,890  [INFO]  Found cached Groww access token for today. Verifying token...
2026-09-25 15:15:33,102  [INFO]  Cached Groww access token verified successfully. Skipping auth endpoint.
2026-09-25 15:15:34,699  [INFO]  Selected BankNifty monthly expiry: 2026-09-29
2026-09-25 15:15:34,799  [INFO]  Using BANKNIFTY futures symbol for candle data: BANKNIFTY26SEPFUT (groww_symbol=NSE-BANKNIFTY-29Sep26-FUT)
2026-09-25 15:15:34,800  [INFO]  Strategy started.  Underlying: BANKNIFTY  Monthly expiry: 2026-09-29  Supertrend(20, 1.8)  Exit threshold: ±111 pts  Entry window: 09:23–15:05  Force-close: 15:08
2026-09-25 15:15:34,800  [INFO]  [2026-09-25 15:15:34] SQUARE-OFF TIME — no open positions.
2026-09-25 15:15:34,801  [INFO]  Session ended. Exiting strategy.
2026-09-25 15:15:37,013  [INFO]  Logging to console and to file: logs\strategy_2026-09-25.log
2026-09-25 15:15:37,014  [INFO]  Found cached Groww access token for today. Verifying token...
2026-09-25 15:15:37,219  [INFO]  Cached Groww access token verified successfully. Skipping auth endpoint.
2026-09-25 15:15:39,122  [INFO]  Selected BankNifty monthly expiry: 2026-09-29
2026-09-25 15:15:39,222  [INFO]  Using BANKNIFTY futures symbol for candle data: BANKNIFTY26SEPFUT (groww_symbol=NSE-BANKNIFTY-29Sep26-FUT)
2026-09-25 15:15:39,223  [INFO]  Strategy started.  Underlying: BANKNIFTY  Monthly expiry: 2026-09-29  Supertrend(20, 1.8)  Exit threshold: ±111 pts  Entry window: 09:23–15:05  Force-close: 15:08
2026-09-25 15:15:39,223  [INFO]  [2026-09-25 15:15:39] SQUARE-OFF TIME — no open positions.
2026-09-25 15:15:39,223  [INFO]  Session ended. Exiting strategy.
2026-09-25 15:15:41,296  [INFO]  Logging to console and to file: logs\strategy_2026-09-25.log
2026-09-25 15:15:41,297  [INFO]  Found cached Groww access token for today. Verifying token...
2026-09-25 15:15:41,504  [INFO]  Cached Groww access token verified successfully. Skipping auth endpoint.
2026-09-25 15:15:43,132  [INFO]  Selected BankNifty monthly expiry: 2026-09-29
2026-09-25 15:15:43,230  [INFO]  Using BANKNIFTY futures symbol for candle data: BANKNIFTY26SEPFUT (groww_symbol=NSE-BANKNIFTY-29Sep26-FUT)
2026-09-25 15:15:43,231  [INFO]  Strategy started.  Underlying: BANKNIFTY  Monthly expiry: 2026-09-29  Supertrend(20, 1.8)  Exit threshold: ±111 pts  Entry window: 09:23–15:05  Force-close: 15:08
2026-09-25 15:15:43,231  [INFO]  [2026-09-25 15:15:43] SQUARE-OFF TIME — no open positions.
2026-09-25 15:15:43,231  [INFO]  Session ended. Exiting strategy.
2026-09-25 15:15:45,282  [INFO]  Logging to console and to file: logs\strategy_2026-09-25.log
2026-09-25 15:15:45,283  [INFO]  Found cached Groww access token for today. Verifying token...
2026-09-25 15:15:45,491  [INFO]  Cached Groww access token verified successfully. Skipping auth endpoint.
2026-09-25 15:15:47,209  [INFO]  Selected BankNifty monthly expiry: 2026-09-29
2026-09-25 15:15:47,321  [INFO]  Using BANKNIFTY futures symbol for candle data: BANKNIFTY26SEPFUT (groww_symbol=NSE-BANKNIFTY-29Sep26-FUT)
2026-09-25 15:15:47,322  [INFO]  Strategy started.  Underlying: BANKNIFTY  Monthly expiry: 2026-09-29  Supertrend(20, 1.8)  Exit threshold: ±111 pts  Entry window: 09:23–15:05  Force-close: 15:08
2026-09-25 15:15:47,322  [INFO]  [2026-09-25 15:15:47] SQUARE-OFF TIME — no open positions.
2026-09-25 15:15:47,322  [INFO]  Session ended. Exiting strategy.
2026-09-25 15:15:49,472  [INFO]  Logging to console and to file: logs\strategy_2026-09-25.log
2026-09-25 15:15:49,473  [INFO]  Found cached Groww access token for today. Verifying token...
2026-09-25 15:15:49,714  [INFO]  Cached Groww access token verified successfully. Skipping auth endpoint.
2026-09-25 15:15:52,688  [INFO]  Selected BankNifty monthly expiry: 2026-09-29
2026-09-25 15:15:52,787  [INFO]  Using BANKNIFTY futures symbol for candle data: BANKNIFTY26SEPFUT (groww_symbol=NSE-BANKNIFTY-29Sep26-FUT)
2026-09-25 15:15:52,787  [INFO]  Strategy started.  Underlying: BANKNIFTY  Monthly expiry: 2026-09-29  Supertrend(20, 1.8)  Exit threshold: ±111 pts  Entry window: 09:23–15:05  Force-close: 15:08
2026-09-25 15:15:52,787  [INFO]  [2026-09-25 15:15:52] SQUARE-OFF TIME — no open positions.
2026-09-25 15:15:52,787  [INFO]  Session ended. Exiting strategy.
2026-09-25 15:15:54,994  [INFO]  Logging to console and to file: logs\strategy_2026-09-25.log
2026-09-25 15:15:54,995  [INFO]  Found cached Groww access token for today. Verifying token...
2026-09-25 15:15:55,204  [INFO]  Cached Groww access token verified successfully. Skipping auth endpoint.
2026-09-25 15:15:57,829  [INFO]  Selected BankNifty monthly expiry: 2026-09-29
2026-09-25 15:15:57,925  [INFO]  Using BANKNIFTY futures symbol for candle data: BANKNIFTY26SEPFUT (groww_symbol=NSE-BANKNIFTY-29Sep26-FUT)
2026-09-25 15:15:57,925  [INFO]  Strategy started.  Underlying: BANKNIFTY  Monthly expiry: 2026-09-29  Supertrend(20, 1.8)  Exit threshold: ±111 pts  Entry window: 09:23–15:05  Force-close: 15:08
2026-09-25 15:15:57,925  [INFO]  [2026-09-25 15:15:57] SQUARE-OFF TIME — no open positions.
2026-09-25 15:15:57,926  [INFO]  Session ended. Exiting strategy.
2026-09-25 15:16:00,120  [INFO]  Logging to console and to file: logs\strategy_2026-09-25.log
2026-09-25 15:16:00,121  [INFO]  Found cached Groww access token for today. Verifying token...
2026-09-25 15:16:00,337  [INFO]  Cached Groww access token verified successfully. Skipping auth endpoint.
2026-09-25 15:16:02,181  [INFO]  Selected BankNifty monthly expiry: 2026-09-29
2026-09-25 15:16:02,278  [INFO]  Using BANKNIFTY futures symbol for candle data: BANKNIFTY26SEPFUT (groww_symbol=NSE-BANKNIFTY-29Sep26-FUT)
2026-09-25 15:16:02,278  [INFO]  Strategy started.  Underlying: BANKNIFTY  Monthly expiry: 2026-09-29  Supertrend(20, 1.8)  Exit threshold: ±111 pts  Entry window: 09:23–15:05  Force-close: 15:08
2026-09-25 15:16:02,278  [INFO]  [2026-09-25 15:16:02] SQUARE-OFF TIME — no open positions.
2026-09-25 15:16:02,278  [INFO]  Session ended. Exiting strategy.
2026-09-25 15:16:04,495  [INFO]  Logging to console and to file: logs\strategy_2026-09-25.log
2026-09-25 15:16:04,496  [INFO]  Found cached Groww access token for today. Verifying token...
2026-09-25 15:16:04,682  [INFO]  Cached Groww access token verified successfully. Skipping auth endpoint.
2026-09-25 15:16:06,642  [INFO]  Selected BankNifty monthly expiry: 2026-09-29
2026-09-25 15:16:06,748  [INFO]  Using BANKNIFTY futures symbol for candle data: BANKNIFTY26SEPFUT (groww_symbol=NSE-BANKNIFTY-29Sep26-FUT)
2026-09-25 15:16:06,748  [INFO]  Strategy started.  Underlying: BANKNIFTY  Monthly expiry: 2026-09-29  Supertrend(20, 1.8)  Exit threshold: ±111 pts  Entry window: 09:23–15:05  Force-close: 15:08
2026-09-25 15:16:06,749  [INFO]  [2026-09-25 15:16:06] SQUARE-OFF TIME — no open positions.
2026-09-25 15:16:06,749  [INFO]  Session ended. Exiting strategy.
2026-09-25 15:16:08,988  [INFO]  Logging to console and to file: logs\strategy_2026-09-25.log
2026-09-25 15:16:08,989  [INFO]  Found cached Groww access token for today. Verifying token...
2026-09-25 15:16:09,192  [INFO]  Cached Groww access token verified successfully. Skipping auth endpoint.
2026-09-25 15:16:10,906  [INFO]  Selected BankNifty monthly expiry: 2026-09-29
2026-09-25 15:16:11,017  [INFO]  Using BANKNIFTY futures symbol for candle data: BANKNIFTY26SEPFUT (groww_symbol=NSE-BANKNIFTY-29Sep26-FUT)
2026-09-25 15:16:11,017  [INFO]  Strategy started.  Underlying: BANKNIFTY  Monthly expiry: 2026-09-29  Supertrend(20, 1.8)  Exit threshold: ±111 pts  Entry window: 09:23–15:05  Force-close: 15:08
2026-09-25 15:16:11,017  [INFO]  [2026-09-25 15:16:11] SQUARE-OFF TIME — no open positions.
2026-09-25 15:16:11,017  [INFO]  Session ended. Exiting strategy.
2026-09-25 15:16:13,070  [INFO]  Logging to console and to file: logs\strategy_2026-09-25.log
2026-09-25 15:16:13,071  [INFO]  Found cached Groww access token for today. Verifying token...
2026-09-25 15:16:13,297  [INFO]  Cached Groww access token verified successfully. Skipping auth endpoint.
2026-09-25 15:16:15,046  [INFO]  Selected BankNifty monthly expiry: 2026-09-29
2026-09-25 15:16:15,141  [INFO]  Using BANKNIFTY futures symbol for candle data: BANKNIFTY26SEPFUT (groww_symbol=NSE-BANKNIFTY-29Sep26-FUT)
2026-09-25 15:16:15,142  [INFO]  Strategy started.  Underlying: BANKNIFTY  Monthly expiry: 2026-09-29  Supertrend(20, 1.8)  Exit threshold: ±111 pts  Entry window: 09:23–15:05  Force-close: 15:08
2026-09-25 15:16:15,142  [INFO]  [2026-09-25 15:16:15] SQUARE-OFF TIME — no open positions.
2026-09-25 15:16:15,142  [INFO]  Session ended. Exiting strategy.
2026-09-25 15:16:17,286  [INFO]  Logging to console and to file: logs\strategy_2026-09-25.log
2026-09-25 15:16:17,287  [INFO]  Found cached Groww access token for today. Verifying token...
2026-09-25 15:16:17,493  [INFO]  Cached Groww access token verified successfully. Skipping auth endpoint.
2026-09-25 15:16:19,171  [INFO]  Selected BankNifty monthly expiry: 2026-09-29
2026-09-25 15:16:19,270  [INFO]  Using BANKNIFTY futures symbol for candle data: BANKNIFTY26SEPFUT (groww_symbol=NSE-BANKNIFTY-29Sep26-FUT)
2026-09-25 15:16:19,270  [INFO]  Strategy started.  Underlying: BANKNIFTY  Monthly expiry: 2026-09-29  Supertrend(20, 1.8)  Exit threshold: ±111 pts  Entry window: 09:23–15:05  Force-close: 15:08
2026-09-25 15:16:19,271  [INFO]  [2026-09-25 15:16:19] SQUARE-OFF TIME — no open positions.
2026-09-25 15:16:19,271  [INFO]  Session ended. Exiting strategy.
2026-09-25 15:16:21,414  [INFO]  Logging to console and to file: logs\strategy_2026-09-25.log
2026-09-25 15:16:21,415  [INFO]  Found cached Groww access token for today. Verifying token...
2026-09-25 15:16:21,621  [INFO]  Cached Groww access token verified successfully. Skipping auth endpoint.
2026-09-25 15:16:23,385  [INFO]  Selected BankNifty monthly expiry: 2026-09-29
2026-09-25 15:16:23,488  [INFO]  Using BANKNIFTY futures symbol for candle data: BANKNIFTY26SEPFUT (groww_symbol=NSE-BANKNIFTY-29Sep26-FUT)
2026-09-25 15:16:23,489  [INFO]  Strategy started.  Underlying: BANKNIFTY  Monthly expiry: 2026-09-29  Supertrend(20, 1.8)  Exit threshold: ±111 pts  Entry window: 09:23–15:05  Force-close: 15:08
2026-09-25 15:16:23,489  [INFO]  [2026-09-25 15:16:23] SQUARE-OFF TIME — no open positions.
2026-09-25 15:16:23,489  [INFO]  Session ended. Exiting strategy.
2026-09-25 15:16:25,801  [INFO]  Logging to console and to file: logs\strategy_2026-09-25.log
2026-09-25 15:16:25,802  [INFO]  Found cached Groww access token for today. Verifying token...
2026-09-25 15:16:25,996  [INFO]  Cached Groww access token verified successfully. Skipping auth endpoint.
2026-09-25 15:16:27,844  [INFO]  Selected BankNifty monthly expiry: 2026-09-29
2026-09-25 15:16:27,944  [INFO]  Using BANKNIFTY futures symbol for candle data: BANKNIFTY26SEPFUT (groww_symbol=NSE-BANKNIFTY-29Sep26-FUT)
2026-09-25 15:16:27,945  [INFO]  Strategy started.  Underlying: BANKNIFTY  Monthly expiry: 2026-09-29  Supertrend(20, 1.8)  Exit threshold: ±111 pts  Entry window: 09:23–15:05  Force-close: 15:08
2026-09-25 15:16:27,945  [INFO]  [2026-09-25 15:16:27] SQUARE-OFF TIME — no open positions.
2026-09-25 15:16:27,945  [INFO]  Session ended. Exiting strategy.
2026-09-25 15:16:30,095  [INFO]  Logging to console and to file: logs\strategy_2026-09-25.log
2026-09-25 15:16:30,097  [INFO]  Found cached Groww access token for today. Verifying token...
2026-09-25 15:16:30,307  [INFO]  Cached Groww access token verified successfully. Skipping auth endpoint.
2026-09-25 15:16:32,065  [INFO]  Selected BankNifty monthly expiry: 2026-09-29
2026-09-25 15:16:32,165  [INFO]  Using BANKNIFTY futures symbol for candle data: BANKNIFTY26SEPFUT (groww_symbol=NSE-BANKNIFTY-29Sep26-FUT)
2026-09-25 15:16:32,166  [INFO]  Strategy started.  Underlying: BANKNIFTY  Monthly expiry: 2026-09-29  Supertrend(20, 1.8)  Exit threshold: ±111 pts  Entry window: 09:23–15:05  Force-close: 15:08
2026-09-25 15:16:32,166  [INFO]  [2026-09-25 15:16:32] SQUARE-OFF TIME — no open positions.
2026-09-25 15:16:32,166  [INFO]  Session ended. Exiting strategy.
2026-09-25 15:16:34,308  [INFO]  Logging to console and to file: logs\strategy_2026-09-25.log
2026-09-25 15:16:34,309  [INFO]  Found cached Groww access token for today. Verifying token...
2026-09-25 15:16:34,533  [INFO]  Cached Groww access token verified successfully. Skipping auth endpoint.
2026-09-25 15:16:36,244  [INFO]  Selected BankNifty monthly expiry: 2026-09-29
2026-09-25 15:16:36,343  [INFO]  Using BANKNIFTY futures symbol for candle data: BANKNIFTY26SEPFUT (groww_symbol=NSE-BANKNIFTY-29Sep26-FUT)
2026-09-25 15:16:36,343  [INFO]  Strategy started.  Underlying: BANKNIFTY  Monthly expiry: 2026-09-29  Supertrend(20, 1.8)  Exit threshold: ±111 pts  Entry window: 09:23–15:05  Force-close: 15:08
2026-09-25 15:16:36,343  [INFO]  [2026-09-25 15:16:36] SQUARE-OFF TIME — no open positions.
2026-09-25 15:16:36,343  [INFO]  Session ended. Exiting strategy.
2026-09-25 15:16:38,438  [INFO]  Logging to console and to file: logs\strategy_2026-09-25.log
2026-09-25 15:16:38,439  [INFO]  Found cached Groww access token for today. Verifying token...
2026-09-25 15:16:38,639  [INFO]  Cached Groww access token verified successfully. Skipping auth endpoint.
2026-09-25 15:16:40,789  [INFO]  Selected BankNifty monthly expiry: 2026-09-29
2026-09-25 15:16:40,886  [INFO]  Using BANKNIFTY futures symbol for candle data: BANKNIFTY26SEPFUT (groww_symbol=NSE-BANKNIFTY-29Sep26-FUT)
2026-09-25 15:16:40,887  [INFO]  Strategy started.  Underlying: BANKNIFTY  Monthly expiry: 2026-09-29  Supertrend(20, 1.8)  Exit threshold: ±111 pts  Entry window: 09:23–15:05  Force-close: 15:08
2026-09-25 15:16:40,887  [INFO]  [2026-09-25 15:16:40] SQUARE-OFF TIME — no open positions.
2026-09-25 15:16:40,887  [INFO]  Session ended. Exiting strategy.
2026-09-25 15:16:43,155  [INFO]  Logging to console and to file: logs\strategy_2026-09-25.log
2026-09-25 15:16:43,156  [INFO]  Found cached Groww access token for today. Verifying token...
2026-09-25 15:16:43,354  [INFO]  Cached Groww access token verified successfully. Skipping auth endpoint.
2026-09-25 15:16:45,300  [INFO]  Selected BankNifty monthly expiry: 2026-09-29
2026-09-25 15:16:45,406  [INFO]  Using BANKNIFTY futures symbol for candle data: BANKNIFTY26SEPFUT (groww_symbol=NSE-BANKNIFTY-29Sep26-FUT)
2026-09-25 15:16:45,406  [INFO]  Strategy started.  Underlying: BANKNIFTY  Monthly expiry: 2026-09-29  Supertrend(20, 1.8)  Exit threshold: ±111 pts  Entry window: 09:23–15:05  Force-close: 15:08
2026-09-25 15:16:45,407  [INFO]  [2026-09-25 15:16:45] SQUARE-OFF TIME — no open positions.
2026-09-25 15:16:45,407  [INFO]  Session ended. Exiting strategy.
2026-09-25 15:16:47,511  [INFO]  Logging to console and to file: logs\strategy_2026-09-25.log
2026-09-25 15:16:47,512  [INFO]  Found cached Groww access token for today. Verifying token...
2026-09-25 15:16:47,711  [INFO]  Cached Groww access token verified successfully. Skipping auth endpoint.
2026-09-25 15:16:49,350  [INFO]  Selected BankNifty monthly expiry: 2026-09-29
2026-09-25 15:16:49,447  [INFO]  Using BANKNIFTY futures symbol for candle data: BANKNIFTY26SEPFUT (groww_symbol=NSE-BANKNIFTY-29Sep26-FUT)
2026-09-25 15:16:49,447  [INFO]  Strategy started.  Underlying: BANKNIFTY  Monthly expiry: 2026-09-29  Supertrend(20, 1.8)  Exit threshold: ±111 pts  Entry window: 09:23–15:05  Force-close: 15:08
2026-09-25 15:16:49,447  [INFO]  [2026-09-25 15:16:49] SQUARE-OFF TIME — no open positions.
2026-09-25 15:16:49,448  [INFO]  Session ended. Exiting strategy.
2026-09-25 15:16:51,936  [INFO]  Logging to console and to file: logs\strategy_2026-09-25.log
2026-09-25 15:16:51,937  [INFO]  Found cached Groww access token for today. Verifying token...
2026-09-25 15:16:52,146  [INFO]  Cached Groww access token verified successfully. Skipping auth endpoint.
2026-09-25 15:16:53,831  [INFO]  Selected BankNifty monthly expiry: 2026-09-29
2026-09-25 15:16:53,928  [INFO]  Using BANKNIFTY futures symbol for candle data: BANKNIFTY26SEPFUT (groww_symbol=NSE-BANKNIFTY-29Sep26-FUT)
2026-09-25 15:16:53,928  [INFO]  Strategy started.  Underlying: BANKNIFTY  Monthly expiry: 2026-09-29  Supertrend(20, 1.8)  Exit threshold: ±111 pts  Entry window: 09:23–15:05  Force-close: 15:08
2026-09-25 15:16:53,928  [INFO]  [2026-09-25 15:16:53] SQUARE-OFF TIME — no open positions.
2026-09-25 15:16:53,928  [INFO]  Session ended. Exiting strategy.
2026-09-25 15:16:56,238  [INFO]  Logging to console and to file: logs\strategy_2026-09-25.log
2026-09-25 15:16:56,239  [INFO]  Found cached Groww access token for today. Verifying token...
2026-09-25 15:16:56,446  [INFO]  Cached Groww access token verified successfully. Skipping auth endpoint.
2026-09-25 15:16:58,282  [INFO]  Selected BankNifty monthly expiry: 2026-09-29
2026-09-25 15:16:58,391  [INFO]  Using BANKNIFTY futures symbol for candle data: BANKNIFTY26SEPFUT (groww_symbol=NSE-BANKNIFTY-29Sep26-FUT)
2026-09-25 15:16:58,391  [INFO]  Strategy started.  Underlying: BANKNIFTY  Monthly expiry: 2026-09-29  Supertrend(20, 1.8)  Exit threshold: ±111 pts  Entry window: 09:23–15:05  Force-close: 15:08
2026-09-25 15:16:58,392  [INFO]  [2026-09-25 15:16:58] SQUARE-OFF TIME — no open positions.
2026-09-25 15:16:58,392  [INFO]  Session ended. Exiting strategy.
2026-09-25 15:17:00,638  [INFO]  Logging to console and to file: logs\strategy_2026-09-25.log
2026-09-25 15:17:00,639  [INFO]  Found cached Groww access token for today. Verifying token...
2026-09-25 15:17:00,865  [INFO]  Cached Groww access token verified successfully. Skipping auth endpoint.
2026-09-25 15:17:02,927  [INFO]  Selected BankNifty monthly expiry: 2026-09-29
2026-09-25 15:17:03,026  [INFO]  Using BANKNIFTY futures symbol for candle data: BANKNIFTY26SEPFUT (groww_symbol=NSE-BANKNIFTY-29Sep26-FUT)
2026-09-25 15:17:03,026  [INFO]  Strategy started.  Underlying: BANKNIFTY  Monthly expiry: 2026-09-29  Supertrend(20, 1.8)  Exit threshold: ±111 pts  Entry window: 09:23–15:05  Force-close: 15:08
2026-09-25 15:17:03,026  [INFO]  [2026-09-25 15:17:03] SQUARE-OFF TIME — no open positions.
2026-09-25 15:17:03,026  [INFO]  Session ended. Exiting strategy.
2026-09-25 15:17:05,149  [INFO]  Logging to console and to file: logs\strategy_2026-09-25.log
2026-09-25 15:17:05,150  [INFO]  Found cached Groww access token for today. Verifying token...
2026-09-25 15:17:05,362  [INFO]  Cached Groww access token verified successfully. Skipping auth endpoint.
2026-09-25 15:17:07,720  [INFO]  Selected BankNifty monthly expiry: 2026-09-29
2026-09-25 15:17:07,839  [INFO]  Using BANKNIFTY futures symbol for candle data: BANKNIFTY26SEPFUT (groww_symbol=NSE-BANKNIFTY-29Sep26-FUT)
2026-09-25 15:17:07,840  [INFO]  Strategy started.  Underlying: BANKNIFTY  Monthly expiry: 2026-09-29  Supertrend(20, 1.8)  Exit threshold: ±111 pts  Entry window: 09:23–15:05  Force-close: 15:08
2026-09-25 15:17:07,840  [INFO]  [2026-09-25 15:17:07] SQUARE-OFF TIME — no open positions.
2026-09-25 15:17:07,840  [INFO]  Session ended. Exiting strategy.
2026-09-25 15:17:09,977  [INFO]  Logging to console and to file: logs\strategy_2026-09-25.log
2026-09-25 15:17:09,978  [INFO]  Found cached Groww access token for today. Verifying token...
2026-09-25 15:17:10,436  [INFO]  Cached Groww access token verified successfully. Skipping auth endpoint.
2026-09-25 15:17:12,849  [INFO]  Selected BankNifty monthly expiry: 2026-09-29
2026-09-25 15:17:12,947  [INFO]  Using BANKNIFTY futures symbol for candle data: BANKNIFTY26SEPFUT (groww_symbol=NSE-BANKNIFTY-29Sep26-FUT)
2026-09-25 15:17:12,947  [INFO]  Strategy started.  Underlying: BANKNIFTY  Monthly expiry: 2026-09-29  Supertrend(20, 1.8)  Exit threshold: ±111 pts  Entry window: 09:23–15:05  Force-close: 15:08
2026-09-25 15:17:12,947  [INFO]  [2026-09-25 15:17:12] SQUARE-OFF TIME — no open positions.
2026-09-25 15:17:12,947  [INFO]  Session ended. Exiting strategy.
2026-09-25 15:17:15,144  [INFO]  Logging to console and to file: logs\strategy_2026-09-25.log
2026-09-25 15:17:15,146  [INFO]  Found cached Groww access token for today. Verifying token...
2026-09-25 15:17:15,432  [INFO]  Cached Groww access token verified successfully. Skipping auth endpoint.
2026-09-25 15:17:18,642  [INFO]  Selected BankNifty monthly expiry: 2026-09-29
2026-09-25 15:17:18,747  [INFO]  Using BANKNIFTY futures symbol for candle data: BANKNIFTY26SEPFUT (groww_symbol=NSE-BANKNIFTY-29Sep26-FUT)
2026-09-25 15:17:18,747  [INFO]  Strategy started.  Underlying: BANKNIFTY  Monthly expiry: 2026-09-29  Supertrend(20, 1.8)  Exit threshold: ±111 pts  Entry window: 09:23–15:05  Force-close: 15:08
2026-09-25 15:17:18,747  [INFO]  [2026-09-25 15:17:18] SQUARE-OFF TIME — no open positions.
2026-09-25 15:17:18,747  [INFO]  Session ended. Exiting strategy.
2026-09-25 15:17:20,829  [INFO]  Logging to console and to file: logs\strategy_2026-09-25.log
2026-09-25 15:17:20,829  [INFO]  Found cached Groww access token for today. Verifying token...
2026-09-25 15:17:21,141  [INFO]  Cached Groww access token verified successfully. Skipping auth endpoint.
2026-09-25 15:17:23,825  [INFO]  Selected BankNifty monthly expiry: 2026-09-29
2026-09-25 15:17:23,922  [INFO]  Using BANKNIFTY futures symbol for candle data: BANKNIFTY26SEPFUT (groww_symbol=NSE-BANKNIFTY-29Sep26-FUT)
2026-09-25 15:17:23,922  [INFO]  Strategy started.  Underlying: BANKNIFTY  Monthly expiry: 2026-09-29  Supertrend(20, 1.8)  Exit threshold: ±111 pts  Entry window: 09:23–15:05  Force-close: 15:08
2026-09-25 15:17:23,922  [INFO]  [2026-09-25 15:17:23] SQUARE-OFF TIME — no open positions.
2026-09-25 15:17:23,922  [INFO]  Session ended. Exiting strategy.
2026-09-25 15:17:26,094  [INFO]  Logging to console and to file: logs\strategy_2026-09-25.log
2026-09-25 15:17:26,095  [INFO]  Found cached Groww access token for today. Verifying token...
2026-09-25 15:17:26,322  [INFO]  Cached Groww access token verified successfully. Skipping auth endpoint.
2026-09-25 15:17:28,327  [INFO]  Selected BankNifty monthly expiry: 2026-09-29
2026-09-25 15:17:28,424  [INFO]  Using BANKNIFTY futures symbol for candle data: BANKNIFTY26SEPFUT (groww_symbol=NSE-BANKNIFTY-29Sep26-FUT)
2026-09-25 15:17:28,424  [INFO]  Strategy started.  Underlying: BANKNIFTY  Monthly expiry: 2026-09-29  Supertrend(20, 1.8)  Exit threshold: ±111 pts  Entry window: 09:23–15:05  Force-close: 15:08
2026-09-25 15:17:28,424  [INFO]  [2026-09-25 15:17:28] SQUARE-OFF TIME — no open positions.
2026-09-25 15:17:28,425  [INFO]  Session ended. Exiting strategy.
2026-09-25 15:17:30,610  [INFO]  Logging to console and to file: logs\strategy_2026-09-25.log
2026-09-25 15:17:30,611  [INFO]  Found cached Groww access token for today. Verifying token...
2026-09-25 15:17:30,819  [INFO]  Cached Groww access token verified successfully. Skipping auth endpoint.
2026-09-25 15:17:32,667  [INFO]  Selected BankNifty monthly expiry: 2026-09-29
2026-09-25 15:17:32,766  [INFO]  Using BANKNIFTY futures symbol for candle data: BANKNIFTY26SEPFUT (groww_symbol=NSE-BANKNIFTY-29Sep26-FUT)
2026-09-25 15:17:32,766  [INFO]  Strategy started.  Underlying: BANKNIFTY  Monthly expiry: 2026-09-29  Supertrend(20, 1.8)  Exit threshold: ±111 pts  Entry window: 09:23–15:05  Force-close: 15:08
2026-09-25 15:17:32,767  [INFO]  [2026-09-25 15:17:32] SQUARE-OFF TIME — no open positions.
2026-09-25 15:17:32,767  [INFO]  Session ended. Exiting strategy.
2026-09-25 15:17:34,845  [INFO]  Logging to console and to file: logs\strategy_2026-09-25.log
2026-09-25 15:17:34,846  [INFO]  Found cached Groww access token for today. Verifying token...
2026-09-25 15:17:35,062  [INFO]  Cached Groww access token verified successfully. Skipping auth endpoint.
2026-09-25 15:17:36,903  [INFO]  Selected BankNifty monthly expiry: 2026-09-29
2026-09-25 15:17:37,004  [INFO]  Using BANKNIFTY futures symbol for candle data: BANKNIFTY26SEPFUT (groww_symbol=NSE-BANKNIFTY-29Sep26-FUT)
2026-09-25 15:17:37,004  [INFO]  Strategy started.  Underlying: BANKNIFTY  Monthly expiry: 2026-09-29  Supertrend(20, 1.8)  Exit threshold: ±111 pts  Entry window: 09:23–15:05  Force-close: 15:08
2026-09-25 15:17:37,004  [INFO]  [2026-09-25 15:17:37] SQUARE-OFF TIME — no open positions.
2026-09-25 15:17:37,004  [INFO]  Session ended. Exiting strategy.
2026-09-25 15:17:39,246  [INFO]  Logging to console and to file: logs\strategy_2026-09-25.log
2026-09-25 15:17:39,247  [INFO]  Found cached Groww access token for today. Verifying token...
2026-09-25 15:17:39,450  [INFO]  Cached Groww access token verified successfully. Skipping auth endpoint.
2026-09-25 15:17:41,118  [INFO]  Selected BankNifty monthly expiry: 2026-09-29
2026-09-25 15:17:41,218  [INFO]  Using BANKNIFTY futures symbol for candle data: BANKNIFTY26SEPFUT (groww_symbol=NSE-BANKNIFTY-29Sep26-FUT)
2026-09-25 15:17:41,218  [INFO]  Strategy started.  Underlying: BANKNIFTY  Monthly expiry: 2026-09-29  Supertrend(20, 1.8)  Exit threshold: ±111 pts  Entry window: 09:23–15:05  Force-close: 15:08
2026-09-25 15:17:41,218  [INFO]  [2026-09-25 15:17:41] SQUARE-OFF TIME — no open positions.
2026-09-25 15:17:41,218  [INFO]  Session ended. Exiting strategy.
2026-09-25 15:17:43,433  [INFO]  Logging to console and to file: logs\strategy_2026-09-25.log
2026-09-25 15:17:43,434  [INFO]  Found cached Groww access token for today. Verifying token...
2026-09-25 15:17:43,641  [INFO]  Cached Groww access token verified successfully. Skipping auth endpoint.
2026-09-25 15:17:45,414  [INFO]  Selected BankNifty monthly expiry: 2026-09-29
2026-09-25 15:17:45,511  [INFO]  Using BANKNIFTY futures symbol for candle data: BANKNIFTY26SEPFUT (groww_symbol=NSE-BANKNIFTY-29Sep26-FUT)
2026-09-25 15:17:45,511  [INFO]  Strategy started.  Underlying: BANKNIFTY  Monthly expiry: 2026-09-29  Supertrend(20, 1.8)  Exit threshold: ±111 pts  Entry window: 09:23–15:05  Force-close: 15:08
2026-09-25 15:17:45,512  [INFO]  [2026-09-25 15:17:45] SQUARE-OFF TIME — no open positions.
2026-09-25 15:17:45,512  [INFO]  Session ended. Exiting strategy.
2026-09-25 15:17:47,804  [INFO]  Logging to console and to file: logs\strategy_2026-09-25.log
2026-09-25 15:17:47,805  [INFO]  Found cached Groww access token for today. Verifying token...
2026-09-25 15:17:48,015  [INFO]  Cached Groww access token verified successfully. Skipping auth endpoint.
2026-09-25 15:17:49,662  [INFO]  Selected BankNifty monthly expiry: 2026-09-29
2026-09-25 15:17:49,760  [INFO]  Using BANKNIFTY futures symbol for candle data: BANKNIFTY26SEPFUT (groww_symbol=NSE-BANKNIFTY-29Sep26-FUT)
2026-09-25 15:17:49,761  [INFO]  Strategy started.  Underlying: BANKNIFTY  Monthly expiry: 2026-09-29  Supertrend(20, 1.8)  Exit threshold: ±111 pts  Entry window: 09:23–15:05  Force-close: 15:08
2026-09-25 15:17:49,761  [INFO]  [2026-09-25 15:17:49] SQUARE-OFF TIME — no open positions.
2026-09-25 15:17:49,761  [INFO]  Session ended. Exiting strategy.
2026-09-25 15:17:52,019  [INFO]  Logging to console and to file: logs\strategy_2026-09-25.log
2026-09-25 15:17:52,021  [INFO]  Found cached Groww access token for today. Verifying token...
2026-09-25 15:17:52,242  [INFO]  Cached Groww access token verified successfully. Skipping auth endpoint.
2026-09-25 15:17:54,541  [INFO]  Selected BankNifty monthly expiry: 2026-09-29
2026-09-25 15:17:54,639  [INFO]  Using BANKNIFTY futures symbol for candle data: BANKNIFTY26SEPFUT (groww_symbol=NSE-BANKNIFTY-29Sep26-FUT)
2026-09-25 15:17:54,639  [INFO]  Strategy started.  Underlying: BANKNIFTY  Monthly expiry: 2026-09-29  Supertrend(20, 1.8)  Exit threshold: ±111 pts  Entry window: 09:23–15:05  Force-close: 15:08
2026-09-25 15:17:54,639  [INFO]  [2026-09-25 15:17:54] SQUARE-OFF TIME — no open positions.
2026-09-25 15:17:54,639  [INFO]  Session ended. Exiting strategy.
2026-09-25 15:17:56,938  [INFO]  Logging to console and to file: logs\strategy_2026-09-25.log
2026-09-25 15:17:56,939  [INFO]  Found cached Groww access token for today. Verifying token...
2026-09-25 15:17:57,126  [INFO]  Cached Groww access token verified successfully. Skipping auth endpoint.
2026-09-25 15:17:58,758  [INFO]  Selected BankNifty monthly expiry: 2026-09-29
2026-09-25 15:17:58,877  [INFO]  Using BANKNIFTY futures symbol for candle data: BANKNIFTY26SEPFUT (groww_symbol=NSE-BANKNIFTY-29Sep26-FUT)
2026-09-25 15:17:58,877  [INFO]  Strategy started.  Underlying: BANKNIFTY  Monthly expiry: 2026-09-29  Supertrend(20, 1.8)  Exit threshold: ±111 pts  Entry window: 09:23–15:05  Force-close: 15:08
2026-09-25 15:17:58,877  [INFO]  [2026-09-25 15:17:58] SQUARE-OFF TIME — no open positions.
2026-09-25 15:17:58,878  [INFO]  Session ended. Exiting strategy.
2026-09-25 15:18:01,155  [INFO]  Logging to console and to file: logs\strategy_2026-09-25.log
2026-09-25 15:18:01,156  [INFO]  Found cached Groww access token for today. Verifying token...
2026-09-25 15:18:01,387  [INFO]  Cached Groww access token verified successfully. Skipping auth endpoint.
2026-09-25 15:18:03,447  [INFO]  Selected BankNifty monthly expiry: 2026-09-29
2026-09-25 15:18:03,565  [INFO]  Using BANKNIFTY futures symbol for candle data: BANKNIFTY26SEPFUT (groww_symbol=NSE-BANKNIFTY-29Sep26-FUT)
2026-09-25 15:18:03,565  [INFO]  Strategy started.  Underlying: BANKNIFTY  Monthly expiry: 2026-09-29  Supertrend(20, 1.8)  Exit threshold: ±111 pts  Entry window: 09:23–15:05  Force-close: 15:08
2026-09-25 15:18:03,565  [INFO]  [2026-09-25 15:18:03] SQUARE-OFF TIME — no open positions.
2026-09-25 15:18:03,565  [INFO]  Session ended. Exiting strategy.
2026-09-25 15:18:05,786  [INFO]  Logging to console and to file: logs\strategy_2026-09-25.log
2026-09-25 15:18:05,787  [INFO]  Found cached Groww access token for today. Verifying token...
2026-09-25 15:18:05,986  [INFO]  Cached Groww access token verified successfully. Skipping auth endpoint.
2026-09-25 15:18:07,941  [INFO]  Selected BankNifty monthly expiry: 2026-09-29
2026-09-25 15:18:08,051  [INFO]  Using BANKNIFTY futures symbol for candle data: BANKNIFTY26SEPFUT (groww_symbol=NSE-BANKNIFTY-29Sep26-FUT)
2026-09-25 15:18:08,052  [INFO]  Strategy started.  Underlying: BANKNIFTY  Monthly expiry: 2026-09-29  Supertrend(20, 1.8)  Exit threshold: ±111 pts  Entry window: 09:23–15:05  Force-close: 15:08
2026-09-25 15:18:08,052  [INFO]  [2026-09-25 15:18:08] SQUARE-OFF TIME — no open positions.
2026-09-25 15:18:08,052  [INFO]  Session ended. Exiting strategy.
2026-09-25 15:18:10,288  [INFO]  Logging to console and to file: logs\strategy_2026-09-25.log
2026-09-25 15:18:10,289  [INFO]  Found cached Groww access token for today. Verifying token...
2026-09-25 15:18:10,489  [INFO]  Cached Groww access token verified successfully. Skipping auth endpoint.
2026-09-25 15:18:12,146  [INFO]  Selected BankNifty monthly expiry: 2026-09-29
2026-09-25 15:18:12,247  [INFO]  Using BANKNIFTY futures symbol for candle data: BANKNIFTY26SEPFUT (groww_symbol=NSE-BANKNIFTY-29Sep26-FUT)
2026-09-25 15:18:12,247  [INFO]  Strategy started.  Underlying: BANKNIFTY  Monthly expiry: 2026-09-29  Supertrend(20, 1.8)  Exit threshold: ±111 pts  Entry window: 09:23–15:05  Force-close: 15:08
2026-09-25 15:18:12,247  [INFO]  [2026-09-25 15:18:12] SQUARE-OFF TIME — no open positions.
2026-09-25 15:18:12,248  [INFO]  Session ended. Exiting strategy.
2026-09-25 15:18:14,452  [INFO]  Logging to console and to file: logs\strategy_2026-09-25.log
2026-09-25 15:18:14,453  [INFO]  Found cached Groww access token for today. Verifying token...
2026-09-25 15:18:14,715  [INFO]  Cached Groww access token verified successfully. Skipping auth endpoint.
2026-09-25 15:18:16,517  [INFO]  Selected BankNifty monthly expiry: 2026-09-29
2026-09-25 15:18:16,614  [INFO]  Using BANKNIFTY futures symbol for candle data: BANKNIFTY26SEPFUT (groww_symbol=NSE-BANKNIFTY-29Sep26-FUT)
2026-09-25 15:18:16,614  [INFO]  Strategy started.  Underlying: BANKNIFTY  Monthly expiry: 2026-09-29  Supertrend(20, 1.8)  Exit threshold: ±111 pts  Entry window: 09:23–15:05  Force-close: 15:08
2026-09-25 15:18:16,615  [INFO]  [2026-09-25 15:18:16] SQUARE-OFF TIME — no open positions.
2026-09-25 15:18:16,615  [INFO]  Session ended. Exiting strategy.
2026-09-25 15:18:18,853  [INFO]  Logging to console and to file: logs\strategy_2026-09-25.log
2026-09-25 15:18:18,854  [INFO]  Found cached Groww access token for today. Verifying token...
2026-09-25 15:18:19,080  [INFO]  Cached Groww access token verified successfully. Skipping auth endpoint.
2026-09-25 15:18:20,685  [INFO]  Selected BankNifty monthly expiry: 2026-09-29
2026-09-25 15:18:20,789  [INFO]  Using BANKNIFTY futures symbol for candle data: BANKNIFTY26SEPFUT (groww_symbol=NSE-BANKNIFTY-29Sep26-FUT)
2026-09-25 15:18:20,790  [INFO]  Strategy started.  Underlying: BANKNIFTY  Monthly expiry: 2026-09-29  Supertrend(20, 1.8)  Exit threshold: ±111 pts  Entry window: 09:23–15:05  Force-close: 15:08
2026-09-25 15:18:20,790  [INFO]  [2026-09-25 15:18:20] SQUARE-OFF TIME — no open positions.
2026-09-25 15:18:20,790  [INFO]  Session ended. Exiting strategy.
2026-09-25 15:18:22,873  [INFO]  Logging to console and to file: logs\strategy_2026-09-25.log
2026-09-25 15:18:22,874  [INFO]  Found cached Groww access token for today. Verifying token...
2026-09-25 15:18:23,063  [INFO]  Cached Groww access token verified successfully. Skipping auth endpoint.
2026-09-25 15:18:24,830  [INFO]  Selected BankNifty monthly expiry: 2026-09-29
2026-09-25 15:18:24,932  [INFO]  Using BANKNIFTY futures symbol for candle data: BANKNIFTY26SEPFUT (groww_symbol=NSE-BANKNIFTY-29Sep26-FUT)
2026-09-25 15:18:24,932  [INFO]  Strategy started.  Underlying: BANKNIFTY  Monthly expiry: 2026-09-29  Supertrend(20, 1.8)  Exit threshold: ±111 pts  Entry window: 09:23–15:05  Force-close: 15:08
2026-09-25 15:18:24,932  [INFO]  [2026-09-25 15:18:24] SQUARE-OFF TIME — no open positions.
2026-09-25 15:18:24,932  [INFO]  Session ended. Exiting strategy.
2026-09-25 15:18:26,995  [INFO]  Logging to console and to file: logs\strategy_2026-09-25.log
2026-09-25 15:18:26,995  [INFO]  Found cached Groww access token for today. Verifying token...
2026-09-25 15:18:27,182  [INFO]  Cached Groww access token verified successfully. Skipping auth endpoint.
2026-09-25 15:18:28,772  [INFO]  Selected BankNifty monthly expiry: 2026-09-29
2026-09-25 15:18:28,871  [INFO]  Using BANKNIFTY futures symbol for candle data: BANKNIFTY26SEPFUT (groww_symbol=NSE-BANKNIFTY-29Sep26-FUT)
2026-09-25 15:18:28,871  [INFO]  Strategy started.  Underlying: BANKNIFTY  Monthly expiry: 2026-09-29  Supertrend(20, 1.8)  Exit threshold: ±111 pts  Entry window: 09:23–15:05  Force-close: 15:08
2026-09-25 15:18:28,871  [INFO]  [2026-09-25 15:18:28] SQUARE-OFF TIME — no open positions.
2026-09-25 15:18:28,872  [INFO]  Session ended. Exiting strategy.
2026-09-25 15:18:30,987  [INFO]  Logging to console and to file: logs\strategy_2026-09-25.log
2026-09-25 15:18:30,988  [INFO]  Found cached Groww access token for today. Verifying token...
2026-09-25 15:18:31,195  [INFO]  Cached Groww access token verified successfully. Skipping auth endpoint.
2026-09-25 15:18:32,865  [INFO]  Selected BankNifty monthly expiry: 2026-09-29
2026-09-25 15:18:32,965  [INFO]  Using BANKNIFTY futures symbol for candle data: BANKNIFTY26SEPFUT (groww_symbol=NSE-BANKNIFTY-29Sep26-FUT)
2026-09-25 15:18:32,966  [INFO]  Strategy started.  Underlying: BANKNIFTY  Monthly expiry: 2026-09-29  Supertrend(20, 1.8)  Exit threshold: ±111 pts  Entry window: 09:23–15:05  Force-close: 15:08
2026-09-25 15:18:32,966  [INFO]  [2026-09-25 15:18:32] SQUARE-OFF TIME — no open positions.
2026-09-25 15:18:32,966  [INFO]  Session ended. Exiting strategy.
2026-09-25 15:18:35,218  [INFO]  Logging to console and to file: logs\strategy_2026-09-25.log
2026-09-25 15:18:35,219  [INFO]  Found cached Groww access token for today. Verifying token...
2026-09-25 15:18:35,422  [INFO]  Cached Groww access token verified successfully. Skipping auth endpoint.
2026-09-25 15:18:37,085  [INFO]  Selected BankNifty monthly expiry: 2026-09-29
2026-09-25 15:18:37,187  [INFO]  Using BANKNIFTY futures symbol for candle data: BANKNIFTY26SEPFUT (groww_symbol=NSE-BANKNIFTY-29Sep26-FUT)
2026-09-25 15:18:37,187  [INFO]  Strategy started.  Underlying: BANKNIFTY  Monthly expiry: 2026-09-29  Supertrend(20, 1.8)  Exit threshold: ±111 pts  Entry window: 09:23–15:05  Force-close: 15:08
2026-09-25 15:18:37,187  [INFO]  [2026-09-25 15:18:37] SQUARE-OFF TIME — no open positions.
2026-09-25 15:18:37,187  [INFO]  Session ended. Exiting strategy.
2026-09-25 15:18:39,314  [INFO]  Logging to console and to file: logs\strategy_2026-09-25.log
2026-09-25 15:18:39,314  [INFO]  Found cached Groww access token for today. Verifying token...
2026-09-25 15:18:39,524  [INFO]  Cached Groww access token verified successfully. Skipping auth endpoint.
2026-09-25 15:18:42,339  [INFO]  Selected BankNifty monthly expiry: 2026-09-29
2026-09-25 15:18:42,440  [INFO]  Using BANKNIFTY futures symbol for candle data: BANKNIFTY26SEPFUT (groww_symbol=NSE-BANKNIFTY-29Sep26-FUT)
2026-09-25 15:18:42,440  [INFO]  Strategy started.  Underlying: BANKNIFTY  Monthly expiry: 2026-09-29  Supertrend(20, 1.8)  Exit threshold: ±111 pts  Entry window: 09:23–15:05  Force-close: 15:08
2026-09-25 15:18:42,440  [INFO]  [2026-09-25 15:18:42] SQUARE-OFF TIME — no open positions.
2026-09-25 15:18:42,441  [INFO]  Session ended. Exiting strategy.
2026-09-25 15:18:44,663  [INFO]  Logging to console and to file: logs\strategy_2026-09-25.log
2026-09-25 15:18:44,665  [INFO]  Found cached Groww access token for today. Verifying token...
2026-09-25 15:18:44,869  [INFO]  Cached Groww access token verified successfully. Skipping auth endpoint.
2026-09-25 15:18:46,525  [INFO]  Selected BankNifty monthly expiry: 2026-09-29
2026-09-25 15:18:46,632  [INFO]  Using BANKNIFTY futures symbol for candle data: BANKNIFTY26SEPFUT (groww_symbol=NSE-BANKNIFTY-29Sep26-FUT)
2026-09-25 15:18:46,633  [INFO]  Strategy started.  Underlying: BANKNIFTY  Monthly expiry: 2026-09-29  Supertrend(20, 1.8)  Exit threshold: ±111 pts  Entry window: 09:23–15:05  Force-close: 15:08
2026-09-25 15:18:46,633  [INFO]  [2026-09-25 15:18:46] SQUARE-OFF TIME — no open positions.
2026-09-25 15:18:46,633  [INFO]  Session ended. Exiting strategy.
2026-09-25 15:18:48,763  [INFO]  Logging to console and to file: logs\strategy_2026-09-25.log
2026-09-25 15:18:48,764  [INFO]  Found cached Groww access token for today. Verifying token...
2026-09-25 15:18:48,977  [INFO]  Cached Groww access token verified successfully. Skipping auth endpoint.
2026-09-25 15:18:50,663  [INFO]  Selected BankNifty monthly expiry: 2026-09-29
2026-09-25 15:18:50,760  [INFO]  Using BANKNIFTY futures symbol for candle data: BANKNIFTY26SEPFUT (groww_symbol=NSE-BANKNIFTY-29Sep26-FUT)
2026-09-25 15:18:50,760  [INFO]  Strategy started.  Underlying: BANKNIFTY  Monthly expiry: 2026-09-29  Supertrend(20, 1.8)  Exit threshold: ±111 pts  Entry window: 09:23–15:05  Force-close: 15:08
2026-09-25 15:18:50,760  [INFO]  [2026-09-25 15:18:50] SQUARE-OFF TIME — no open positions.
2026-09-25 15:18:50,760  [INFO]  Session ended. Exiting strategy.
2026-09-25 15:18:52,931  [INFO]  Logging to console and to file: logs\strategy_2026-09-25.log
2026-09-25 15:18:52,932  [INFO]  Found cached Groww access token for today. Verifying token...
2026-09-25 15:18:53,141  [INFO]  Cached Groww access token verified successfully. Skipping auth endpoint.
2026-09-25 15:18:55,268  [INFO]  Selected BankNifty monthly expiry: 2026-09-29
2026-09-25 15:18:55,373  [INFO]  Using BANKNIFTY futures symbol for candle data: BANKNIFTY26SEPFUT (groww_symbol=NSE-BANKNIFTY-29Sep26-FUT)
2026-09-25 15:18:55,373  [INFO]  Strategy started.  Underlying: BANKNIFTY  Monthly expiry: 2026-09-29  Supertrend(20, 1.8)  Exit threshold: ±111 pts  Entry window: 09:23–15:05  Force-close: 15:08
2026-09-25 15:18:55,373  [INFO]  [2026-09-25 15:18:55] SQUARE-OFF TIME — no open positions.
2026-09-25 15:18:55,373  [INFO]  Session ended. Exiting strategy.
2026-09-25 15:18:57,630  [INFO]  Logging to console and to file: logs\strategy_2026-09-25.log
2026-09-25 15:18:57,631  [INFO]  Found cached Groww access token for today. Verifying token...
2026-09-25 15:18:57,834  [INFO]  Cached Groww access token verified successfully. Skipping auth endpoint.
2026-09-25 15:18:59,564  [INFO]  Selected BankNifty monthly expiry: 2026-09-29
2026-09-25 15:18:59,662  [INFO]  Using BANKNIFTY futures symbol for candle data: BANKNIFTY26SEPFUT (groww_symbol=NSE-BANKNIFTY-29Sep26-FUT)
2026-09-25 15:18:59,662  [INFO]  Strategy started.  Underlying: BANKNIFTY  Monthly expiry: 2026-09-29  Supertrend(20, 1.8)  Exit threshold: ±111 pts  Entry window: 09:23–15:05  Force-close: 15:08
2026-09-25 15:18:59,662  [INFO]  [2026-09-25 15:18:59] SQUARE-OFF TIME — no open positions.
2026-09-25 15:18:59,663  [INFO]  Session ended. Exiting strategy.
2026-09-25 15:19:01,887  [INFO]  Logging to console and to file: logs\strategy_2026-09-25.log
2026-09-25 15:19:01,888  [INFO]  Found cached Groww access token for today. Verifying token...
2026-09-25 15:19:02,130  [INFO]  Cached Groww access token verified successfully. Skipping auth endpoint.
2026-09-25 15:19:03,789  [INFO]  Selected BankNifty monthly expiry: 2026-09-29
2026-09-25 15:19:03,907  [INFO]  Using BANKNIFTY futures symbol for candle data: BANKNIFTY26SEPFUT (groww_symbol=NSE-BANKNIFTY-29Sep26-FUT)
2026-09-25 15:19:03,907  [INFO]  Strategy started.  Underlying: BANKNIFTY  Monthly expiry: 2026-09-29  Supertrend(20, 1.8)  Exit threshold: ±111 pts  Entry window: 09:23–15:05  Force-close: 15:08
2026-09-25 15:19:03,907  [INFO]  [2026-09-25 15:19:03] SQUARE-OFF TIME — no open positions.
2026-09-25 15:19:03,908  [INFO]  Session ended. Exiting strategy.
2026-09-25 15:19:06,173  [INFO]  Logging to console and to file: logs\strategy_2026-09-25.log
2026-09-25 15:19:06,175  [INFO]  Found cached Groww access token for today. Verifying token...
2026-09-25 15:19:06,366  [INFO]  Cached Groww access token verified successfully. Skipping auth endpoint.
2026-09-25 15:19:08,051  [INFO]  Selected BankNifty monthly expiry: 2026-09-29
2026-09-25 15:19:08,147  [INFO]  Using BANKNIFTY futures symbol for candle data: BANKNIFTY26SEPFUT (groww_symbol=NSE-BANKNIFTY-29Sep26-FUT)
2026-09-25 15:19:08,148  [INFO]  Strategy started.  Underlying: BANKNIFTY  Monthly expiry: 2026-09-29  Supertrend(20, 1.8)  Exit threshold: ±111 pts  Entry window: 09:23–15:05  Force-close: 15:08
2026-09-25 15:19:08,148  [INFO]  [2026-09-25 15:19:08] SQUARE-OFF TIME — no open positions.
2026-09-25 15:19:08,148  [INFO]  Session ended. Exiting strategy.
2026-09-25 15:19:10,353  [INFO]  Logging to console and to file: logs\strategy_2026-09-25.log
2026-09-25 15:19:10,354  [INFO]  Found cached Groww access token for today. Verifying token...
2026-09-25 15:19:10,546  [INFO]  Cached Groww access token verified successfully. Skipping auth endpoint.
2026-09-25 15:19:12,166  [INFO]  Selected BankNifty monthly expiry: 2026-09-29
2026-09-25 15:19:12,264  [INFO]  Using BANKNIFTY futures symbol for candle data: BANKNIFTY26SEPFUT (groww_symbol=NSE-BANKNIFTY-29Sep26-FUT)
2026-09-25 15:19:12,264  [INFO]  Strategy started.  Underlying: BANKNIFTY  Monthly expiry: 2026-09-29  Supertrend(20, 1.8)  Exit threshold: ±111 pts  Entry window: 09:23–15:05  Force-close: 15:08
2026-09-25 15:19:12,264  [INFO]  [2026-09-25 15:19:12] SQUARE-OFF TIME — no open positions.
2026-09-25 15:19:12,264  [INFO]  Session ended. Exiting strategy.
2026-09-25 15:19:14,482  [INFO]  Logging to console and to file: logs\strategy_2026-09-25.log
2026-09-25 15:19:14,483  [INFO]  Found cached Groww access token for today. Verifying token...
2026-09-25 15:19:14,715  [INFO]  Cached Groww access token verified successfully. Skipping auth endpoint.
2026-09-25 15:19:16,920  [INFO]  Selected BankNifty monthly expiry: 2026-09-29
2026-09-25 15:19:17,018  [INFO]  Using BANKNIFTY futures symbol for candle data: BANKNIFTY26SEPFUT (groww_symbol=NSE-BANKNIFTY-29Sep26-FUT)
2026-09-25 15:19:17,018  [INFO]  Strategy started.  Underlying: BANKNIFTY  Monthly expiry: 2026-09-29  Supertrend(20, 1.8)  Exit threshold: ±111 pts  Entry window: 09:23–15:05  Force-close: 15:08
2026-09-25 15:19:17,018  [INFO]  [2026-09-25 15:19:17] SQUARE-OFF TIME — no open positions.
2026-09-25 15:19:17,019  [INFO]  Session ended. Exiting strategy.
2026-09-25 15:19:19,254  [INFO]  Logging to console and to file: logs\strategy_2026-09-25.log
2026-09-25 15:19:19,255  [INFO]  Found cached Groww access token for today. Verifying token...
2026-09-25 15:19:19,483  [INFO]  Cached Groww access token verified successfully. Skipping auth endpoint.
2026-09-25 15:19:21,119  [INFO]  Selected BankNifty monthly expiry: 2026-09-29
2026-09-25 15:19:21,218  [INFO]  Using BANKNIFTY futures symbol for candle data: BANKNIFTY26SEPFUT (groww_symbol=NSE-BANKNIFTY-29Sep26-FUT)
2026-09-25 15:19:21,218  [INFO]  Strategy started.  Underlying: BANKNIFTY  Monthly expiry: 2026-09-29  Supertrend(20, 1.8)  Exit threshold: ±111 pts  Entry window: 09:23–15:05  Force-close: 15:08
2026-09-25 15:19:21,218  [INFO]  [2026-09-25 15:19:21] SQUARE-OFF TIME — no open positions.
2026-09-25 15:19:21,218  [INFO]  Session ended. Exiting strategy.
2026-09-25 15:19:23,310  [INFO]  Logging to console and to file: logs\strategy_2026-09-25.log
2026-09-25 15:19:23,311  [INFO]  Found cached Groww access token for today. Verifying token...
2026-09-25 15:19:23,512  [INFO]  Cached Groww access token verified successfully. Skipping auth endpoint.
2026-09-25 15:19:25,452  [INFO]  Selected BankNifty monthly expiry: 2026-09-29
2026-09-25 15:19:25,561  [INFO]  Using BANKNIFTY futures symbol for candle data: BANKNIFTY26SEPFUT (groww_symbol=NSE-BANKNIFTY-29Sep26-FUT)
2026-09-25 15:19:25,561  [INFO]  Strategy started.  Underlying: BANKNIFTY  Monthly expiry: 2026-09-29  Supertrend(20, 1.8)  Exit threshold: ±111 pts  Entry window: 09:23–15:05  Force-close: 15:08
2026-09-25 15:19:25,561  [INFO]  [2026-09-25 15:19:25] SQUARE-OFF TIME — no open positions.
2026-09-25 15:19:25,561  [INFO]  Session ended. Exiting strategy.
2026-09-25 15:19:27,589  [INFO]  Logging to console and to file: logs\strategy_2026-09-25.log
2026-09-25 15:19:27,590  [INFO]  Found cached Groww access token for today. Verifying token...
2026-09-25 15:19:27,793  [INFO]  Cached Groww access token verified successfully. Skipping auth endpoint.
2026-09-25 15:19:29,483  [INFO]  Selected BankNifty monthly expiry: 2026-09-29
2026-09-25 15:19:29,579  [INFO]  Using BANKNIFTY futures symbol for candle data: BANKNIFTY26SEPFUT (groww_symbol=NSE-BANKNIFTY-29Sep26-FUT)
2026-09-25 15:19:29,579  [INFO]  Strategy started.  Underlying: BANKNIFTY  Monthly expiry: 2026-09-29  Supertrend(20, 1.8)  Exit threshold: ±111 pts  Entry window: 09:23–15:05  Force-close: 15:08
2026-09-25 15:19:29,580  [INFO]  [2026-09-25 15:19:29] SQUARE-OFF TIME — no open positions.
2026-09-25 15:19:29,580  [INFO]  Session ended. Exiting strategy.
2026-09-25 15:19:31,699  [INFO]  Logging to console and to file: logs\strategy_2026-09-25.log
2026-09-25 15:19:31,700  [INFO]  Found cached Groww access token for today. Verifying token...
2026-09-25 15:19:31,905  [INFO]  Cached Groww access token verified successfully. Skipping auth endpoint.
2026-09-25 15:19:33,500  [INFO]  Selected BankNifty monthly expiry: 2026-09-29
2026-09-25 15:19:33,596  [INFO]  Using BANKNIFTY futures symbol for candle data: BANKNIFTY26SEPFUT (groww_symbol=NSE-BANKNIFTY-29Sep26-FUT)
2026-09-25 15:19:33,596  [INFO]  Strategy started.  Underlying: BANKNIFTY  Monthly expiry: 2026-09-29  Supertrend(20, 1.8)  Exit threshold: ±111 pts  Entry window: 09:23–15:05  Force-close: 15:08
2026-09-25 15:19:33,596  [INFO]  [2026-09-25 15:19:33] SQUARE-OFF TIME — no open positions.
2026-09-25 15:19:33,596  [INFO]  Session ended. Exiting strategy.
2026-09-25 15:19:35,790  [INFO]  Logging to console and to file: logs\strategy_2026-09-25.log
2026-09-25 15:19:35,790  [INFO]  Found cached Groww access token for today. Verifying token...
2026-09-25 15:19:35,978  [INFO]  Cached Groww access token verified successfully. Skipping auth endpoint.
2026-09-25 15:19:37,577  [INFO]  Selected BankNifty monthly expiry: 2026-09-29
2026-09-25 15:19:37,680  [INFO]  Using BANKNIFTY futures symbol for candle data: BANKNIFTY26SEPFUT (groww_symbol=NSE-BANKNIFTY-29Sep26-FUT)
2026-09-25 15:19:37,680  [INFO]  Strategy started.  Underlying: BANKNIFTY  Monthly expiry: 2026-09-29  Supertrend(20, 1.8)  Exit threshold: ±111 pts  Entry window: 09:23–15:05  Force-close: 15:08
2026-09-25 15:19:37,680  [INFO]  [2026-09-25 15:19:37] SQUARE-OFF TIME — no open positions.
2026-09-25 15:19:37,681  [INFO]  Session ended. Exiting strategy.
2026-09-25 15:19:39,780  [INFO]  Logging to console and to file: logs\strategy_2026-09-25.log
2026-09-25 15:19:39,781  [INFO]  Found cached Groww access token for today. Verifying token...
2026-09-25 15:19:39,992  [INFO]  Cached Groww access token verified successfully. Skipping auth endpoint.
2026-09-25 15:19:41,695  [INFO]  Selected BankNifty monthly expiry: 2026-09-29
2026-09-25 15:19:41,791  [INFO]  Using BANKNIFTY futures symbol for candle data: BANKNIFTY26SEPFUT (groww_symbol=NSE-BANKNIFTY-29Sep26-FUT)
2026-09-25 15:19:41,791  [INFO]  Strategy started.  Underlying: BANKNIFTY  Monthly expiry: 2026-09-29  Supertrend(20, 1.8)  Exit threshold: ±111 pts  Entry window: 09:23–15:05  Force-close: 15:08
2026-09-25 15:19:41,792  [INFO]  [2026-09-25 15:19:41] SQUARE-OFF TIME — no open positions.
2026-09-25 15:19:41,792  [INFO]  Session ended. Exiting strategy.
2026-09-25 15:19:43,976  [INFO]  Logging to console and to file: logs\strategy_2026-09-25.log
2026-09-25 15:19:43,977  [INFO]  Found cached Groww access token for today. Verifying token...
2026-09-25 15:19:44,169  [INFO]  Cached Groww access token verified successfully. Skipping auth endpoint.
2026-09-25 15:19:45,782  [INFO]  Selected BankNifty monthly expiry: 2026-09-29
2026-09-25 15:19:45,878  [INFO]  Using BANKNIFTY futures symbol for candle data: BANKNIFTY26SEPFUT (groww_symbol=NSE-BANKNIFTY-29Sep26-FUT)
2026-09-25 15:19:45,878  [INFO]  Strategy started.  Underlying: BANKNIFTY  Monthly expiry: 2026-09-29  Supertrend(20, 1.8)  Exit threshold: ±111 pts  Entry window: 09:23–15:05  Force-close: 15:08
2026-09-25 15:19:45,878  [INFO]  [2026-09-25 15:19:45] SQUARE-OFF TIME — no open positions.
2026-09-25 15:19:45,878  [INFO]  Session ended. Exiting strategy.
2026-09-25 15:19:47,963  [INFO]  Logging to console and to file: logs\strategy_2026-09-25.log
2026-09-25 15:19:47,964  [INFO]  Found cached Groww access token for today. Verifying token...
2026-09-25 15:19:48,158  [INFO]  Cached Groww access token verified successfully. Skipping auth endpoint.
2026-09-25 15:19:49,760  [INFO]  Selected BankNifty monthly expiry: 2026-09-29
2026-09-25 15:19:49,869  [INFO]  Using BANKNIFTY futures symbol for candle data: BANKNIFTY26SEPFUT (groww_symbol=NSE-BANKNIFTY-29Sep26-FUT)
2026-09-25 15:19:49,870  [INFO]  Strategy started.  Underlying: BANKNIFTY  Monthly expiry: 2026-09-29  Supertrend(20, 1.8)  Exit threshold: ±111 pts  Entry window: 09:23–15:05  Force-close: 15:08
2026-09-25 15:19:49,870  [INFO]  [2026-09-25 15:19:49] SQUARE-OFF TIME — no open positions.
2026-09-25 15:19:49,870  [INFO]  Session ended. Exiting strategy.
2026-09-25 15:19:52,023  [INFO]  Logging to console and to file: logs\strategy_2026-09-25.log
2026-09-25 15:19:52,024  [INFO]  Found cached Groww access token for today. Verifying token...
2026-09-25 15:19:52,236  [INFO]  Cached Groww access token verified successfully. Skipping auth endpoint.
2026-09-25 15:19:53,902  [INFO]  Selected BankNifty monthly expiry: 2026-09-29
2026-09-25 15:19:54,001  [INFO]  Using BANKNIFTY futures symbol for candle data: BANKNIFTY26SEPFUT (groww_symbol=NSE-BANKNIFTY-29Sep26-FUT)
2026-09-25 15:19:54,002  [INFO]  Strategy started.  Underlying: BANKNIFTY  Monthly expiry: 2026-09-29  Supertrend(20, 1.8)  Exit threshold: ±111 pts  Entry window: 09:23–15:05  Force-close: 15:08
2026-09-25 15:19:54,002  [INFO]  [2026-09-25 15:19:54] SQUARE-OFF TIME — no open positions.
2026-09-25 15:19:54,002  [INFO]  Session ended. Exiting strategy.
2026-09-25 15:19:56,148  [INFO]  Logging to console and to file: logs\strategy_2026-09-25.log
2026-09-25 15:19:56,149  [INFO]  Found cached Groww access token for today. Verifying token...
2026-09-25 15:19:56,356  [INFO]  Cached Groww access token verified successfully. Skipping auth endpoint.
2026-09-25 15:19:57,985  [INFO]  Selected BankNifty monthly expiry: 2026-09-29
2026-09-25 15:19:58,107  [INFO]  Using BANKNIFTY futures symbol for candle data: BANKNIFTY26SEPFUT (groww_symbol=NSE-BANKNIFTY-29Sep26-FUT)
2026-09-25 15:19:58,107  [INFO]  Strategy started.  Underlying: BANKNIFTY  Monthly expiry: 2026-09-29  Supertrend(20, 1.8)  Exit threshold: ±111 pts  Entry window: 09:23–15:05  Force-close: 15:08
2026-09-25 15:19:58,107  [INFO]  [2026-09-25 15:19:58] SQUARE-OFF TIME — no open positions.
2026-09-25 15:19:58,108  [INFO]  Session ended. Exiting strategy.
2026-09-25 15:20:00,160  [INFO]  Logging to console and to file: logs\strategy_2026-09-25.log
2026-09-25 15:20:00,161  [INFO]  Found cached Groww access token for today. Verifying token...
2026-09-25 15:20:00,368  [INFO]  Cached Groww access token verified successfully. Skipping auth endpoint.
2026-09-25 15:20:02,242  [INFO]  Selected BankNifty monthly expiry: 2026-09-29
2026-09-25 15:20:02,352  [INFO]  Using BANKNIFTY futures symbol for candle data: BANKNIFTY26SEPFUT (groww_symbol=NSE-BANKNIFTY-29Sep26-FUT)
2026-09-25 15:20:02,352  [INFO]  Strategy started.  Underlying: BANKNIFTY  Monthly expiry: 2026-09-29  Supertrend(20, 1.8)  Exit threshold: ±111 pts  Entry window: 09:23–15:05  Force-close: 15:08
2026-09-25 15:20:02,352  [INFO]  [2026-09-25 15:20:02] SQUARE-OFF TIME — no open positions.
2026-09-25 15:20:02,352  [INFO]  Session ended. Exiting strategy.
2026-09-25 15:20:04,609  [INFO]  Logging to console and to file: logs\strategy_2026-09-25.log
2026-09-25 15:20:04,610  [INFO]  Found cached Groww access token for today. Verifying token...
2026-09-25 15:20:04,804  [INFO]  Cached Groww access token verified successfully. Skipping auth endpoint.
2026-09-25 15:20:06,661  [INFO]  Selected BankNifty monthly expiry: 2026-09-29
2026-09-25 15:20:06,764  [INFO]  Using BANKNIFTY futures symbol for candle data: BANKNIFTY26SEPFUT (groww_symbol=NSE-BANKNIFTY-29Sep26-FUT)
2026-09-25 15:20:06,765  [INFO]  Strategy started.  Underlying: BANKNIFTY  Monthly expiry: 2026-09-29  Supertrend(20, 1.8)  Exit threshold: ±111 pts  Entry window: 09:23–15:05  Force-close: 15:08
2026-09-25 15:20:06,765  [INFO]  [2026-09-25 15:20:06] SQUARE-OFF TIME — no open positions.
2026-09-25 15:20:06,765  [INFO]  Session ended. Exiting strategy.
2026-09-25 15:20:08,919  [INFO]  Logging to console and to file: logs\strategy_2026-09-25.log
2026-09-25 15:20:08,920  [INFO]  Found cached Groww access token for today. Verifying token...
2026-09-25 15:20:09,105  [INFO]  Cached Groww access token verified successfully. Skipping auth endpoint.
2026-09-25 15:20:10,873  [INFO]  Selected BankNifty monthly expiry: 2026-09-29
2026-09-25 15:20:10,978  [INFO]  Using BANKNIFTY futures symbol for candle data: BANKNIFTY26SEPFUT (groww_symbol=NSE-BANKNIFTY-29Sep26-FUT)
2026-09-25 15:20:10,978  [INFO]  Strategy started.  Underlying: BANKNIFTY  Monthly expiry: 2026-09-29  Supertrend(20, 1.8)  Exit threshold: ±111 pts  Entry window: 09:23–15:05  Force-close: 15:08
2026-09-25 15:20:10,979  [INFO]  [2026-09-25 15:20:10] SQUARE-OFF TIME — no open positions.
2026-09-25 15:20:10,979  [INFO]  Session ended. Exiting strategy.
2026-09-25 15:20:13,184  [INFO]  Logging to console and to file: logs\strategy_2026-09-25.log
2026-09-25 15:20:13,186  [INFO]  Found cached Groww access token for today. Verifying token...
2026-09-25 15:20:13,385  [INFO]  Cached Groww access token verified successfully. Skipping auth endpoint.
2026-09-25 15:20:15,235  [INFO]  Selected BankNifty monthly expiry: 2026-09-29
2026-09-25 15:20:15,333  [INFO]  Using BANKNIFTY futures symbol for candle data: BANKNIFTY26SEPFUT (groww_symbol=NSE-BANKNIFTY-29Sep26-FUT)
2026-09-25 15:20:15,333  [INFO]  Strategy started.  Underlying: BANKNIFTY  Monthly expiry: 2026-09-29  Supertrend(20, 1.8)  Exit threshold: ±111 pts  Entry window: 09:23–15:05  Force-close: 15:08
2026-09-25 15:20:15,333  [INFO]  [2026-09-25 15:20:15] SQUARE-OFF TIME — no open positions.
2026-09-25 15:20:15,333  [INFO]  Session ended. Exiting strategy.
2026-09-25 15:20:17,582  [INFO]  Logging to console and to file: logs\strategy_2026-09-25.log
2026-09-25 15:20:17,583  [INFO]  Found cached Groww access token for today. Verifying token...
2026-09-25 15:20:17,782  [INFO]  Cached Groww access token verified successfully. Skipping auth endpoint.
2026-09-25 15:20:19,720  [INFO]  Selected BankNifty monthly expiry: 2026-09-29
2026-09-25 15:20:19,817  [INFO]  Using BANKNIFTY futures symbol for candle data: BANKNIFTY26SEPFUT (groww_symbol=NSE-BANKNIFTY-29Sep26-FUT)
2026-09-25 15:20:19,817  [INFO]  Strategy started.  Underlying: BANKNIFTY  Monthly expiry: 2026-09-29  Supertrend(20, 1.8)  Exit threshold: ±111 pts  Entry window: 09:23–15:05  Force-close: 15:08
2026-09-25 15:20:19,817  [INFO]  [2026-09-25 15:20:19] SQUARE-OFF TIME — no open positions.
2026-09-25 15:20:19,817  [INFO]  Session ended. Exiting strategy.
2026-09-25 15:20:21,925  [INFO]  Logging to console and to file: logs\strategy_2026-09-25.log
2026-09-25 15:20:21,926  [INFO]  Found cached Groww access token for today. Verifying token...
2026-09-25 15:20:22,117  [INFO]  Cached Groww access token verified successfully. Skipping auth endpoint.
2026-09-25 15:20:23,911  [INFO]  Selected BankNifty monthly expiry: 2026-09-29
2026-09-25 15:20:24,008  [INFO]  Using BANKNIFTY futures symbol for candle data: BANKNIFTY26SEPFUT (groww_symbol=NSE-BANKNIFTY-29Sep26-FUT)
2026-09-25 15:20:24,008  [INFO]  Strategy started.  Underlying: BANKNIFTY  Monthly expiry: 2026-09-29  Supertrend(20, 1.8)  Exit threshold: ±111 pts  Entry window: 09:23–15:05  Force-close: 15:08
2026-09-25 15:20:24,009  [INFO]  [2026-09-25 15:20:24] SQUARE-OFF TIME — no open positions.
2026-09-25 15:20:24,009  [INFO]  Session ended. Exiting strategy.
2026-09-25 15:20:26,072  [INFO]  Logging to console and to file: logs\strategy_2026-09-25.log
2026-09-25 15:20:26,072  [INFO]  Found cached Groww access token for today. Verifying token...
2026-09-25 15:20:26,282  [INFO]  Cached Groww access token verified successfully. Skipping auth endpoint.
2026-09-25 15:20:27,944  [INFO]  Selected BankNifty monthly expiry: 2026-09-29
2026-09-25 15:20:28,043  [INFO]  Using BANKNIFTY futures symbol for candle data: BANKNIFTY26SEPFUT (groww_symbol=NSE-BANKNIFTY-29Sep26-FUT)
2026-09-25 15:20:28,044  [INFO]  Strategy started.  Underlying: BANKNIFTY  Monthly expiry: 2026-09-29  Supertrend(20, 1.8)  Exit threshold: ±111 pts  Entry window: 09:23–15:05  Force-close: 15:08
2026-09-25 15:20:28,044  [INFO]  [2026-09-25 15:20:28] SQUARE-OFF TIME — no open positions.
2026-09-25 15:20:28,044  [INFO]  Session ended. Exiting strategy.
2026-09-25 15:20:30,227  [INFO]  Logging to console and to file: logs\strategy_2026-09-25.log
2026-09-25 15:20:30,228  [INFO]  Found cached Groww access token for today. Verifying token...
2026-09-25 15:20:30,435  [INFO]  Cached Groww access token verified successfully. Skipping auth endpoint.
2026-09-25 15:20:32,084  [INFO]  Selected BankNifty monthly expiry: 2026-09-29
2026-09-25 15:20:32,182  [INFO]  Using BANKNIFTY futures symbol for candle data: BANKNIFTY26SEPFUT (groww_symbol=NSE-BANKNIFTY-29Sep26-FUT)
2026-09-25 15:20:32,182  [INFO]  Strategy started.  Underlying: BANKNIFTY  Monthly expiry: 2026-09-29  Supertrend(20, 1.8)  Exit threshold: ±111 pts  Entry window: 09:23–15:05  Force-close: 15:08
2026-09-25 15:20:32,182  [INFO]  [2026-09-25 15:20:32] SQUARE-OFF TIME — no open positions.
2026-09-25 15:20:32,182  [INFO]  Session ended. Exiting strategy.
2026-09-25 15:20:34,357  [INFO]  Logging to console and to file: logs\strategy_2026-09-25.log
2026-09-25 15:20:34,359  [INFO]  Found cached Groww access token for today. Verifying token...
2026-09-25 15:20:34,571  [INFO]  Cached Groww access token verified successfully. Skipping auth endpoint.
2026-09-25 15:20:36,233  [INFO]  Selected BankNifty monthly expiry: 2026-09-29
2026-09-25 15:20:36,329  [INFO]  Using BANKNIFTY futures symbol for candle data: BANKNIFTY26SEPFUT (groww_symbol=NSE-BANKNIFTY-29Sep26-FUT)
2026-09-25 15:20:36,329  [INFO]  Strategy started.  Underlying: BANKNIFTY  Monthly expiry: 2026-09-29  Supertrend(20, 1.8)  Exit threshold: ±111 pts  Entry window: 09:23–15:05  Force-close: 15:08
2026-09-25 15:20:36,330  [INFO]  [2026-09-25 15:20:36] SQUARE-OFF TIME — no open positions.
2026-09-25 15:20:36,330  [INFO]  Session ended. Exiting strategy.
2026-09-25 15:20:38,456  [INFO]  Logging to console and to file: logs\strategy_2026-09-25.log
2026-09-25 15:20:38,457  [INFO]  Found cached Groww access token for today. Verifying token...
2026-09-25 15:20:38,656  [INFO]  Cached Groww access token verified successfully. Skipping auth endpoint.
2026-09-25 15:20:46,451  [INFO]  Selected BankNifty monthly expiry: 2026-09-29
2026-09-25 15:20:46,548  [INFO]  Using BANKNIFTY futures symbol for candle data: BANKNIFTY26SEPFUT (groww_symbol=NSE-BANKNIFTY-29Sep26-FUT)
2026-09-25 15:20:46,548  [INFO]  Strategy started.  Underlying: BANKNIFTY  Monthly expiry: 2026-09-29  Supertrend(20, 1.8)  Exit threshold: ±111 pts  Entry window: 09:23–15:05  Force-close: 15:08
2026-09-25 15:20:46,548  [INFO]  [2026-09-25 15:20:46] SQUARE-OFF TIME — no open positions.
2026-09-25 15:20:46,548  [INFO]  Session ended. Exiting strategy.
2026-09-25 15:20:48,714  [INFO]  Logging to console and to file: logs\strategy_2026-09-25.log
2026-09-25 15:20:48,715  [INFO]  Found cached Groww access token for today. Verifying token...
2026-09-25 15:20:48,942  [INFO]  Cached Groww access token verified successfully. Skipping auth endpoint.
2026-09-25 15:20:50,598  [INFO]  Selected BankNifty monthly expiry: 2026-09-29
2026-09-25 15:20:50,715  [INFO]  Using BANKNIFTY futures symbol for candle data: BANKNIFTY26SEPFUT (groww_symbol=NSE-BANKNIFTY-29Sep26-FUT)
2026-09-25 15:20:50,716  [INFO]  Strategy started.  Underlying: BANKNIFTY  Monthly expiry: 2026-09-29  Supertrend(20, 1.8)  Exit threshold: ±111 pts  Entry window: 09:23–15:05  Force-close: 15:08
2026-09-25 15:20:50,716  [INFO]  [2026-09-25 15:20:50] SQUARE-OFF TIME — no open positions.
2026-09-25 15:20:50,716  [INFO]  Session ended. Exiting strategy.
2026-09-25 15:20:53,013  [INFO]  Logging to console and to file: logs\strategy_2026-09-25.log
2026-09-25 15:20:53,014  [INFO]  Found cached Groww access token for today. Verifying token...
2026-09-25 15:20:53,230  [INFO]  Cached Groww access token verified successfully. Skipping auth endpoint.
2026-09-25 15:20:54,918  [INFO]  Selected BankNifty monthly expiry: 2026-09-29
2026-09-25 15:20:55,015  [INFO]  Using BANKNIFTY futures symbol for candle data: BANKNIFTY26SEPFUT (groww_symbol=NSE-BANKNIFTY-29Sep26-FUT)
2026-09-25 15:20:55,016  [INFO]  Strategy started.  Underlying: BANKNIFTY  Monthly expiry: 2026-09-29  Supertrend(20, 1.8)  Exit threshold: ±111 pts  Entry window: 09:23–15:05  Force-close: 15:08
2026-09-25 15:20:55,016  [INFO]  [2026-09-25 15:20:55] SQUARE-OFF TIME — no open positions.
2026-09-25 15:20:55,016  [INFO]  Session ended. Exiting strategy.
2026-09-25 15:20:57,246  [INFO]  Logging to console and to file: logs\strategy_2026-09-25.log
2026-09-25 15:20:57,247  [INFO]  Found cached Groww access token for today. Verifying token...
2026-09-25 15:20:57,434  [INFO]  Cached Groww access token verified successfully. Skipping auth endpoint.
2026-09-25 15:20:59,074  [INFO]  Selected BankNifty monthly expiry: 2026-09-29
2026-09-25 15:20:59,190  [INFO]  Using BANKNIFTY futures symbol for candle data: BANKNIFTY26SEPFUT (groww_symbol=NSE-BANKNIFTY-29Sep26-FUT)
2026-09-25 15:20:59,190  [INFO]  Strategy started.  Underlying: BANKNIFTY  Monthly expiry: 2026-09-29  Supertrend(20, 1.8)  Exit threshold: ±111 pts  Entry window: 09:23–15:05  Force-close: 15:08
2026-09-25 15:20:59,190  [INFO]  [2026-09-25 15:20:59] SQUARE-OFF TIME — no open positions.
2026-09-25 15:20:59,190  [INFO]  Session ended. Exiting strategy.
2026-09-25 15:21:01,321  [INFO]  Logging to console and to file: logs\strategy_2026-09-25.log
2026-09-25 15:21:01,322  [INFO]  Found cached Groww access token for today. Verifying token...
2026-09-25 15:21:01,549  [INFO]  Cached Groww access token verified successfully. Skipping auth endpoint.
2026-09-25 15:21:03,204  [INFO]  Selected BankNifty monthly expiry: 2026-09-29
2026-09-25 15:21:03,301  [INFO]  Using BANKNIFTY futures symbol for candle data: BANKNIFTY26SEPFUT (groww_symbol=NSE-BANKNIFTY-29Sep26-FUT)
2026-09-25 15:21:03,302  [INFO]  Strategy started.  Underlying: BANKNIFTY  Monthly expiry: 2026-09-29  Supertrend(20, 1.8)  Exit threshold: ±111 pts  Entry window: 09:23–15:05  Force-close: 15:08
2026-09-25 15:21:03,302  [INFO]  [2026-09-25 15:21:03] SQUARE-OFF TIME — no open positions.
2026-09-25 15:21:03,302  [INFO]  Session ended. Exiting strategy.
2026-09-25 15:21:05,458  [INFO]  Logging to console and to file: logs\strategy_2026-09-25.log
2026-09-25 15:21:05,459  [INFO]  Found cached Groww access token for today. Verifying token...
2026-09-25 15:21:05,680  [INFO]  Cached Groww access token verified successfully. Skipping auth endpoint.
2026-09-25 15:21:07,422  [INFO]  Selected BankNifty monthly expiry: 2026-09-29
2026-09-25 15:21:07,523  [INFO]  Using BANKNIFTY futures symbol for candle data: BANKNIFTY26SEPFUT (groww_symbol=NSE-BANKNIFTY-29Sep26-FUT)
2026-09-25 15:21:07,523  [INFO]  Strategy started.  Underlying: BANKNIFTY  Monthly expiry: 2026-09-29  Supertrend(20, 1.8)  Exit threshold: ±111 pts  Entry window: 09:23–15:05  Force-close: 15:08
2026-09-25 15:21:07,523  [INFO]  [2026-09-25 15:21:07] SQUARE-OFF TIME — no open positions.
2026-09-25 15:21:07,523  [INFO]  Session ended. Exiting strategy.
2026-09-25 15:21:09,745  [INFO]  Logging to console and to file: logs\strategy_2026-09-25.log
2026-09-25 15:21:09,746  [INFO]  Found cached Groww access token for today. Verifying token...
2026-09-25 15:21:09,941  [INFO]  Cached Groww access token verified successfully. Skipping auth endpoint.
2026-09-25 15:21:11,610  [INFO]  Selected BankNifty monthly expiry: 2026-09-29
2026-09-25 15:21:11,710  [INFO]  Using BANKNIFTY futures symbol for candle data: BANKNIFTY26SEPFUT (groww_symbol=NSE-BANKNIFTY-29Sep26-FUT)
2026-09-25 15:21:11,710  [INFO]  Strategy started.  Underlying: BANKNIFTY  Monthly expiry: 2026-09-29  Supertrend(20, 1.8)  Exit threshold: ±111 pts  Entry window: 09:23–15:05  Force-close: 15:08
2026-09-25 15:21:11,710  [INFO]  [2026-09-25 15:21:11] SQUARE-OFF TIME — no open positions.
2026-09-25 15:21:11,710  [INFO]  Session ended. Exiting strategy.
2026-09-25 15:21:13,935  [INFO]  Logging to console and to file: logs\strategy_2026-09-25.log
2026-09-25 15:21:13,936  [INFO]  Found cached Groww access token for today. Verifying token...
2026-09-25 15:21:14,149  [INFO]  Cached Groww access token verified successfully. Skipping auth endpoint.
2026-09-25 15:21:16,141  [INFO]  Selected BankNifty monthly expiry: 2026-09-29
2026-09-25 15:21:16,259  [INFO]  Using BANKNIFTY futures symbol for candle data: BANKNIFTY26SEPFUT (groww_symbol=NSE-BANKNIFTY-29Sep26-FUT)
2026-09-25 15:21:16,259  [INFO]  Strategy started.  Underlying: BANKNIFTY  Monthly expiry: 2026-09-29  Supertrend(20, 1.8)  Exit threshold: ±111 pts  Entry window: 09:23–15:05  Force-close: 15:08
2026-09-25 15:21:16,260  [INFO]  [2026-09-25 15:21:16] SQUARE-OFF TIME — no open positions.
2026-09-25 15:21:16,260  [INFO]  Session ended. Exiting strategy.
2026-09-25 15:21:18,488  [INFO]  Logging to console and to file: logs\strategy_2026-09-25.log
2026-09-25 15:21:18,490  [INFO]  Found cached Groww access token for today. Verifying token...
2026-09-25 15:21:18,693  [INFO]  Cached Groww access token verified successfully. Skipping auth endpoint.
2026-09-25 15:21:20,416  [INFO]  Selected BankNifty monthly expiry: 2026-09-29
2026-09-25 15:21:20,522  [INFO]  Using BANKNIFTY futures symbol for candle data: BANKNIFTY26SEPFUT (groww_symbol=NSE-BANKNIFTY-29Sep26-FUT)
2026-09-25 15:21:20,523  [INFO]  Strategy started.  Underlying: BANKNIFTY  Monthly expiry: 2026-09-29  Supertrend(20, 1.8)  Exit threshold: ±111 pts  Entry window: 09:23–15:05  Force-close: 15:08
2026-09-25 15:21:20,523  [INFO]  [2026-09-25 15:21:20] SQUARE-OFF TIME — no open positions.
2026-09-25 15:21:20,523  [INFO]  Session ended. Exiting strategy.
2026-09-25 15:21:22,586  [INFO]  Logging to console and to file: logs\strategy_2026-09-25.log
2026-09-25 15:21:22,587  [INFO]  Found cached Groww access token for today. Verifying token...
2026-09-25 15:21:22,788  [INFO]  Cached Groww access token verified successfully. Skipping auth endpoint.
2026-09-25 15:21:24,943  [INFO]  Selected BankNifty monthly expiry: 2026-09-29
2026-09-25 15:21:25,047  [INFO]  Using BANKNIFTY futures symbol for candle data: BANKNIFTY26SEPFUT (groww_symbol=NSE-BANKNIFTY-29Sep26-FUT)
2026-09-25 15:21:25,047  [INFO]  Strategy started.  Underlying: BANKNIFTY  Monthly expiry: 2026-09-29  Supertrend(20, 1.8)  Exit threshold: ±111 pts  Entry window: 09:23–15:05  Force-close: 15:08
2026-09-25 15:21:25,047  [INFO]  [2026-09-25 15:21:25] SQUARE-OFF TIME — no open positions.
2026-09-25 15:21:25,047  [INFO]  Session ended. Exiting strategy.
2026-09-25 15:21:27,269  [INFO]  Logging to console and to file: logs\strategy_2026-09-25.log
2026-09-25 15:21:27,270  [INFO]  Found cached Groww access token for today. Verifying token...
2026-09-25 15:21:27,487  [INFO]  Cached Groww access token verified successfully. Skipping auth endpoint.
2026-09-25 15:21:29,323  [INFO]  Selected BankNifty monthly expiry: 2026-09-29
2026-09-25 15:21:29,432  [INFO]  Using BANKNIFTY futures symbol for candle data: BANKNIFTY26SEPFUT (groww_symbol=NSE-BANKNIFTY-29Sep26-FUT)
2026-09-25 15:21:29,432  [INFO]  Strategy started.  Underlying: BANKNIFTY  Monthly expiry: 2026-09-29  Supertrend(20, 1.8)  Exit threshold: ±111 pts  Entry window: 09:23–15:05  Force-close: 15:08
2026-09-25 15:21:29,432  [INFO]  [2026-09-25 15:21:29] SQUARE-OFF TIME — no open positions.
2026-09-25 15:21:29,433  [INFO]  Session ended. Exiting strategy.
2026-09-25 15:21:31,632  [INFO]  Logging to console and to file: logs\strategy_2026-09-25.log
2026-09-25 15:21:31,633  [INFO]  Found cached Groww access token for today. Verifying token...
2026-09-25 15:21:31,829  [INFO]  Cached Groww access token verified successfully. Skipping auth endpoint.
2026-09-25 15:21:33,499  [INFO]  Selected BankNifty monthly expiry: 2026-09-29
2026-09-25 15:21:33,596  [INFO]  Using BANKNIFTY futures symbol for candle data: BANKNIFTY26SEPFUT (groww_symbol=NSE-BANKNIFTY-29Sep26-FUT)
2026-09-25 15:21:33,596  [INFO]  Strategy started.  Underlying: BANKNIFTY  Monthly expiry: 2026-09-29  Supertrend(20, 1.8)  Exit threshold: ±111 pts  Entry window: 09:23–15:05  Force-close: 15:08
2026-09-25 15:21:33,596  [INFO]  [2026-09-25 15:21:33] SQUARE-OFF TIME — no open positions.
2026-09-25 15:21:33,596  [INFO]  Session ended. Exiting strategy.
2026-09-25 15:21:35,714  [INFO]  Logging to console and to file: logs\strategy_2026-09-25.log
2026-09-25 15:21:35,714  [INFO]  Found cached Groww access token for today. Verifying token...
2026-09-25 15:21:35,907  [INFO]  Cached Groww access token verified successfully. Skipping auth endpoint.
2026-09-25 15:21:37,877  [INFO]  Selected BankNifty monthly expiry: 2026-09-29
2026-09-25 15:21:37,973  [INFO]  Using BANKNIFTY futures symbol for candle data: BANKNIFTY26SEPFUT (groww_symbol=NSE-BANKNIFTY-29Sep26-FUT)
2026-09-25 15:21:37,973  [INFO]  Strategy started.  Underlying: BANKNIFTY  Monthly expiry: 2026-09-29  Supertrend(20, 1.8)  Exit threshold: ±111 pts  Entry window: 09:23–15:05  Force-close: 15:08
2026-09-25 15:21:37,973  [INFO]  [2026-09-25 15:21:37] SQUARE-OFF TIME — no open positions.
2026-09-25 15:21:37,973  [INFO]  Session ended. Exiting strategy.
2026-09-25 15:21:40,023  [INFO]  Logging to console and to file: logs\strategy_2026-09-25.log
2026-09-25 15:21:40,024  [INFO]  Found cached Groww access token for today. Verifying token...
2026-09-25 15:21:40,214  [INFO]  Cached Groww access token verified successfully. Skipping auth endpoint.
2026-09-25 15:21:41,963  [INFO]  Selected BankNifty monthly expiry: 2026-09-29
2026-09-25 15:21:42,058  [INFO]  Using BANKNIFTY futures symbol for candle data: BANKNIFTY26SEPFUT (groww_symbol=NSE-BANKNIFTY-29Sep26-FUT)
2026-09-25 15:21:42,058  [INFO]  Strategy started.  Underlying: BANKNIFTY  Monthly expiry: 2026-09-29  Supertrend(20, 1.8)  Exit threshold: ±111 pts  Entry window: 09:23–15:05  Force-close: 15:08
2026-09-25 15:21:42,058  [INFO]  [2026-09-25 15:21:42] SQUARE-OFF TIME — no open positions.
2026-09-25 15:21:42,058  [INFO]  Session ended. Exiting strategy.
2026-09-25 15:21:44,143  [INFO]  Logging to console and to file: logs\strategy_2026-09-25.log
2026-09-25 15:21:44,144  [INFO]  Found cached Groww access token for today. Verifying token...
2026-09-25 15:21:44,340  [INFO]  Cached Groww access token verified successfully. Skipping auth endpoint.
2026-09-25 15:21:45,933  [INFO]  Selected BankNifty monthly expiry: 2026-09-29
2026-09-25 15:21:46,029  [INFO]  Using BANKNIFTY futures symbol for candle data: BANKNIFTY26SEPFUT (groww_symbol=NSE-BANKNIFTY-29Sep26-FUT)
2026-09-25 15:21:46,030  [INFO]  Strategy started.  Underlying: BANKNIFTY  Monthly expiry: 2026-09-29  Supertrend(20, 1.8)  Exit threshold: ±111 pts  Entry window: 09:23–15:05  Force-close: 15:08
2026-09-25 15:21:46,030  [INFO]  [2026-09-25 15:21:46] SQUARE-OFF TIME — no open positions.
2026-09-25 15:21:46,030  [INFO]  Session ended. Exiting strategy.
2026-09-25 15:21:48,084  [INFO]  Logging to console and to file: logs\strategy_2026-09-25.log
2026-09-25 15:21:48,085  [INFO]  Found cached Groww access token for today. Verifying token...
2026-09-25 15:21:48,277  [INFO]  Cached Groww access token verified successfully. Skipping auth endpoint.
2026-09-25 15:21:49,958  [INFO]  Selected BankNifty monthly expiry: 2026-09-29
2026-09-25 15:21:50,067  [INFO]  Using BANKNIFTY futures symbol for candle data: BANKNIFTY26SEPFUT (groww_symbol=NSE-BANKNIFTY-29Sep26-FUT)
2026-09-25 15:21:50,067  [INFO]  Strategy started.  Underlying: BANKNIFTY  Monthly expiry: 2026-09-29  Supertrend(20, 1.8)  Exit threshold: ±111 pts  Entry window: 09:23–15:05  Force-close: 15:08
2026-09-25 15:21:50,068  [INFO]  [2026-09-25 15:21:50] SQUARE-OFF TIME — no open positions.
2026-09-25 15:21:50,068  [INFO]  Session ended. Exiting strategy.
2026-09-25 15:21:52,379  [INFO]  Logging to console and to file: logs\strategy_2026-09-25.log
2026-09-25 15:21:52,380  [INFO]  Found cached Groww access token for today. Verifying token...
2026-09-25 15:21:52,598  [INFO]  Cached Groww access token verified successfully. Skipping auth endpoint.
2026-09-25 15:21:54,673  [INFO]  Selected BankNifty monthly expiry: 2026-09-29
2026-09-25 15:21:54,769  [INFO]  Using BANKNIFTY futures symbol for candle data: BANKNIFTY26SEPFUT (groww_symbol=NSE-BANKNIFTY-29Sep26-FUT)
2026-09-25 15:21:54,769  [INFO]  Strategy started.  Underlying: BANKNIFTY  Monthly expiry: 2026-09-29  Supertrend(20, 1.8)  Exit threshold: ±111 pts  Entry window: 09:23–15:05  Force-close: 15:08
2026-09-25 15:21:54,770  [INFO]  [2026-09-25 15:21:54] SQUARE-OFF TIME — no open positions.
2026-09-25 15:21:54,770  [INFO]  Session ended. Exiting strategy.
2026-09-25 15:21:57,022  [INFO]  Logging to console and to file: logs\strategy_2026-09-25.log
2026-09-25 15:21:57,023  [INFO]  Found cached Groww access token for today. Verifying token...
2026-09-25 15:21:57,216  [INFO]  Cached Groww access token verified successfully. Skipping auth endpoint.
2026-09-25 15:21:58,946  [INFO]  Selected BankNifty monthly expiry: 2026-09-29
2026-09-25 15:21:59,054  [INFO]  Using BANKNIFTY futures symbol for candle data: BANKNIFTY26SEPFUT (groww_symbol=NSE-BANKNIFTY-29Sep26-FUT)
2026-09-25 15:21:59,055  [INFO]  Strategy started.  Underlying: BANKNIFTY  Monthly expiry: 2026-09-29  Supertrend(20, 1.8)  Exit threshold: ±111 pts  Entry window: 09:23–15:05  Force-close: 15:08
2026-09-25 15:21:59,055  [INFO]  [2026-09-25 15:21:59] SQUARE-OFF TIME — no open positions.
2026-09-25 15:21:59,055  [INFO]  Session ended. Exiting strategy.
2026-09-25 15:22:01,202  [INFO]  Logging to console and to file: logs\strategy_2026-09-25.log
2026-09-25 15:22:01,203  [INFO]  Found cached Groww access token for today. Verifying token...
2026-09-25 15:22:01,420  [INFO]  Cached Groww access token verified successfully. Skipping auth endpoint.
2026-09-25 15:22:03,136  [INFO]  Selected BankNifty monthly expiry: 2026-09-29
2026-09-25 15:22:03,245  [INFO]  Using BANKNIFTY futures symbol for candle data: BANKNIFTY26SEPFUT (groww_symbol=NSE-BANKNIFTY-29Sep26-FUT)
2026-09-25 15:22:03,245  [INFO]  Strategy started.  Underlying: BANKNIFTY  Monthly expiry: 2026-09-29  Supertrend(20, 1.8)  Exit threshold: ±111 pts  Entry window: 09:23–15:05  Force-close: 15:08
2026-09-25 15:22:03,246  [INFO]  [2026-09-25 15:22:03] SQUARE-OFF TIME — no open positions.
2026-09-25 15:22:03,246  [INFO]  Session ended. Exiting strategy.
2026-09-25 15:22:05,534  [INFO]  Logging to console and to file: logs\strategy_2026-09-25.log
2026-09-25 15:22:05,535  [INFO]  Found cached Groww access token for today. Verifying token...
2026-09-25 15:22:05,763  [INFO]  Cached Groww access token verified successfully. Skipping auth endpoint.
2026-09-25 15:22:07,733  [INFO]  Selected BankNifty monthly expiry: 2026-09-29
2026-09-25 15:22:07,828  [INFO]  Using BANKNIFTY futures symbol for candle data: BANKNIFTY26SEPFUT (groww_symbol=NSE-BANKNIFTY-29Sep26-FUT)
2026-09-25 15:22:07,829  [INFO]  Strategy started.  Underlying: BANKNIFTY  Monthly expiry: 2026-09-29  Supertrend(20, 1.8)  Exit threshold: ±111 pts  Entry window: 09:23–15:05  Force-close: 15:08
2026-09-25 15:22:07,829  [INFO]  [2026-09-25 15:22:07] SQUARE-OFF TIME — no open positions.
2026-09-25 15:22:07,829  [INFO]  Session ended. Exiting strategy.
2026-09-25 15:22:10,254  [INFO]  Logging to console and to file: logs\strategy_2026-09-25.log
2026-09-25 15:22:10,255  [INFO]  Found cached Groww access token for today. Verifying token...
2026-09-25 15:22:10,495  [INFO]  Cached Groww access token verified successfully. Skipping auth endpoint.
2026-09-25 15:22:12,130  [INFO]  Selected BankNifty monthly expiry: 2026-09-29
2026-09-25 15:22:12,227  [INFO]  Using BANKNIFTY futures symbol for candle data: BANKNIFTY26SEPFUT (groww_symbol=NSE-BANKNIFTY-29Sep26-FUT)
2026-09-25 15:22:12,227  [INFO]  Strategy started.  Underlying: BANKNIFTY  Monthly expiry: 2026-09-29  Supertrend(20, 1.8)  Exit threshold: ±111 pts  Entry window: 09:23–15:05  Force-close: 15:08
2026-09-25 15:22:12,227  [INFO]  [2026-09-25 15:22:12] SQUARE-OFF TIME — no open positions.
2026-09-25 15:22:12,228  [INFO]  Session ended. Exiting strategy.
2026-09-25 15:22:14,464  [INFO]  Logging to console and to file: logs\strategy_2026-09-25.log
2026-09-25 15:22:14,464  [INFO]  Found cached Groww access token for today. Verifying token...
2026-09-25 15:22:14,672  [INFO]  Cached Groww access token verified successfully. Skipping auth endpoint.
2026-09-25 15:22:16,401  [INFO]  Selected BankNifty monthly expiry: 2026-09-29
2026-09-25 15:22:16,502  [INFO]  Using BANKNIFTY futures symbol for candle data: BANKNIFTY26SEPFUT (groww_symbol=NSE-BANKNIFTY-29Sep26-FUT)
2026-09-25 15:22:16,502  [INFO]  Strategy started.  Underlying: BANKNIFTY  Monthly expiry: 2026-09-29  Supertrend(20, 1.8)  Exit threshold: ±111 pts  Entry window: 09:23–15:05  Force-close: 15:08
2026-09-25 15:22:16,502  [INFO]  [2026-09-25 15:22:16] SQUARE-OFF TIME — no open positions.
2026-09-25 15:22:16,502  [INFO]  Session ended. Exiting strategy.
2026-09-25 15:22:18,522  [INFO]  Logging to console and to file: logs\strategy_2026-09-25.log
2026-09-25 15:22:18,523  [INFO]  Found cached Groww access token for today. Verifying token...
2026-09-25 15:22:18,738  [INFO]  Cached Groww access token verified successfully. Skipping auth endpoint.
2026-09-25 15:22:20,322  [INFO]  Selected BankNifty monthly expiry: 2026-09-29
2026-09-25 15:22:20,433  [INFO]  Using BANKNIFTY futures symbol for candle data: BANKNIFTY26SEPFUT (groww_symbol=NSE-BANKNIFTY-29Sep26-FUT)
2026-09-25 15:22:20,433  [INFO]  Strategy started.  Underlying: BANKNIFTY  Monthly expiry: 2026-09-29  Supertrend(20, 1.8)  Exit threshold: ±111 pts  Entry window: 09:23–15:05  Force-close: 15:08
2026-09-25 15:22:20,433  [INFO]  [2026-09-25 15:22:20] SQUARE-OFF TIME — no open positions.
2026-09-25 15:22:20,434  [INFO]  Session ended. Exiting strategy.
2026-09-25 15:22:22,563  [INFO]  Logging to console and to file: logs\strategy_2026-09-25.log
2026-09-25 15:22:22,564  [INFO]  Found cached Groww access token for today. Verifying token...
2026-09-25 15:22:22,775  [INFO]  Cached Groww access token verified successfully. Skipping auth endpoint.
2026-09-25 15:22:24,614  [INFO]  Selected BankNifty monthly expiry: 2026-09-29
2026-09-25 15:22:24,710  [INFO]  Using BANKNIFTY futures symbol for candle data: BANKNIFTY26SEPFUT (groww_symbol=NSE-BANKNIFTY-29Sep26-FUT)
2026-09-25 15:22:24,710  [INFO]  Strategy started.  Underlying: BANKNIFTY  Monthly expiry: 2026-09-29  Supertrend(20, 1.8)  Exit threshold: ±111 pts  Entry window: 09:23–15:05  Force-close: 15:08
2026-09-25 15:22:24,710  [INFO]  [2026-09-25 15:22:24] SQUARE-OFF TIME — no open positions.
2026-09-25 15:22:24,710  [INFO]  Session ended. Exiting strategy.
2026-09-25 15:22:26,934  [INFO]  Logging to console and to file: logs\strategy_2026-09-25.log
2026-09-25 15:22:26,936  [INFO]  Found cached Groww access token for today. Verifying token...
2026-09-25 15:22:27,142  [INFO]  Cached Groww access token verified successfully. Skipping auth endpoint.
2026-09-25 15:22:28,778  [INFO]  Selected BankNifty monthly expiry: 2026-09-29
2026-09-25 15:22:28,874  [INFO]  Using BANKNIFTY futures symbol for candle data: BANKNIFTY26SEPFUT (groww_symbol=NSE-BANKNIFTY-29Sep26-FUT)
2026-09-25 15:22:28,874  [INFO]  Strategy started.  Underlying: BANKNIFTY  Monthly expiry: 2026-09-29  Supertrend(20, 1.8)  Exit threshold: ±111 pts  Entry window: 09:23–15:05  Force-close: 15:08
2026-09-25 15:22:28,874  [INFO]  [2026-09-25 15:22:28] SQUARE-OFF TIME — no open positions.
2026-09-25 15:22:28,875  [INFO]  Session ended. Exiting strategy.
2026-09-25 15:22:31,076  [INFO]  Logging to console and to file: logs\strategy_2026-09-25.log
2026-09-25 15:22:31,077  [INFO]  Found cached Groww access token for today. Verifying token...
2026-09-25 15:22:31,281  [INFO]  Cached Groww access token verified successfully. Skipping auth endpoint.
2026-09-25 15:22:33,333  [INFO]  Selected BankNifty monthly expiry: 2026-09-29
2026-09-25 15:22:33,437  [INFO]  Using BANKNIFTY futures symbol for candle data: BANKNIFTY26SEPFUT (groww_symbol=NSE-BANKNIFTY-29Sep26-FUT)
2026-09-25 15:22:33,437  [INFO]  Strategy started.  Underlying: BANKNIFTY  Monthly expiry: 2026-09-29  Supertrend(20, 1.8)  Exit threshold: ±111 pts  Entry window: 09:23–15:05  Force-close: 15:08
2026-09-25 15:22:33,438  [INFO]  [2026-09-25 15:22:33] SQUARE-OFF TIME — no open positions.
2026-09-25 15:22:33,438  [INFO]  Session ended. Exiting strategy.
2026-09-25 15:22:35,641  [INFO]  Logging to console and to file: logs\strategy_2026-09-25.log
2026-09-25 15:22:35,642  [INFO]  Found cached Groww access token for today. Verifying token...
2026-09-25 15:22:35,845  [INFO]  Cached Groww access token verified successfully. Skipping auth endpoint.
2026-09-25 15:22:37,484  [INFO]  Selected BankNifty monthly expiry: 2026-09-29
2026-09-25 15:22:37,585  [INFO]  Using BANKNIFTY futures symbol for candle data: BANKNIFTY26SEPFUT (groww_symbol=NSE-BANKNIFTY-29Sep26-FUT)
2026-09-25 15:22:37,585  [INFO]  Strategy started.  Underlying: BANKNIFTY  Monthly expiry: 2026-09-29  Supertrend(20, 1.8)  Exit threshold: ±111 pts  Entry window: 09:23–15:05  Force-close: 15:08
2026-09-25 15:22:37,585  [INFO]  [2026-09-25 15:22:37] SQUARE-OFF TIME — no open positions.
2026-09-25 15:22:37,585  [INFO]  Session ended. Exiting strategy.
2026-09-25 15:22:39,785  [INFO]  Logging to console and to file: logs\strategy_2026-09-25.log
2026-09-25 15:22:39,786  [INFO]  Found cached Groww access token for today. Verifying token...
2026-09-25 15:22:39,966  [INFO]  Cached Groww access token verified successfully. Skipping auth endpoint.
2026-09-25 15:22:41,628  [INFO]  Selected BankNifty monthly expiry: 2026-09-29
2026-09-25 15:22:41,745  [INFO]  Using BANKNIFTY futures symbol for candle data: BANKNIFTY26SEPFUT (groww_symbol=NSE-BANKNIFTY-29Sep26-FUT)
2026-09-25 15:22:41,746  [INFO]  Strategy started.  Underlying: BANKNIFTY  Monthly expiry: 2026-09-29  Supertrend(20, 1.8)  Exit threshold: ±111 pts  Entry window: 09:23–15:05  Force-close: 15:08
2026-09-25 15:22:41,746  [INFO]  [2026-09-25 15:22:41] SQUARE-OFF TIME — no open positions.
2026-09-25 15:22:41,746  [INFO]  Session ended. Exiting strategy.
2026-09-25 15:22:43,957  [INFO]  Logging to console and to file: logs\strategy_2026-09-25.log
2026-09-25 15:22:43,958  [INFO]  Found cached Groww access token for today. Verifying token...
2026-09-25 15:22:44,188  [INFO]  Cached Groww access token verified successfully. Skipping auth endpoint.
2026-09-25 15:22:46,022  [INFO]  Selected BankNifty monthly expiry: 2026-09-29
2026-09-25 15:22:46,120  [INFO]  Using BANKNIFTY futures symbol for candle data: BANKNIFTY26SEPFUT (groww_symbol=NSE-BANKNIFTY-29Sep26-FUT)
2026-09-25 15:22:46,120  [INFO]  Strategy started.  Underlying: BANKNIFTY  Monthly expiry: 2026-09-29  Supertrend(20, 1.8)  Exit threshold: ±111 pts  Entry window: 09:23–15:05  Force-close: 15:08
2026-09-25 15:22:46,120  [INFO]  [2026-09-25 15:22:46] SQUARE-OFF TIME — no open positions.
2026-09-25 15:22:46,121  [INFO]  Session ended. Exiting strategy.
2026-09-25 15:22:48,254  [INFO]  Logging to console and to file: logs\strategy_2026-09-25.log
2026-09-25 15:22:48,255  [INFO]  Found cached Groww access token for today. Verifying token...
2026-09-25 15:22:48,458  [INFO]  Cached Groww access token verified successfully. Skipping auth endpoint.
2026-09-25 15:22:50,195  [INFO]  Selected BankNifty monthly expiry: 2026-09-29
2026-09-25 15:22:50,291  [INFO]  Using BANKNIFTY futures symbol for candle data: BANKNIFTY26SEPFUT (groww_symbol=NSE-BANKNIFTY-29Sep26-FUT)
2026-09-25 15:22:50,292  [INFO]  Strategy started.  Underlying: BANKNIFTY  Monthly expiry: 2026-09-29  Supertrend(20, 1.8)  Exit threshold: ±111 pts  Entry window: 09:23–15:05  Force-close: 15:08
2026-09-25 15:22:50,292  [INFO]  [2026-09-25 15:22:50] SQUARE-OFF TIME — no open positions.
2026-09-25 15:22:50,292  [INFO]  Session ended. Exiting strategy.
2026-09-25 15:22:52,603  [INFO]  Logging to console and to file: logs\strategy_2026-09-25.log
2026-09-25 15:22:52,604  [INFO]  Found cached Groww access token for today. Verifying token...
2026-09-25 15:22:52,828  [INFO]  Cached Groww access token verified successfully. Skipping auth endpoint.
2026-09-25 15:22:54,621  [INFO]  Selected BankNifty monthly expiry: 2026-09-29
2026-09-25 15:22:54,727  [INFO]  Using BANKNIFTY futures symbol for candle data: BANKNIFTY26SEPFUT (groww_symbol=NSE-BANKNIFTY-29Sep26-FUT)
2026-09-25 15:22:54,728  [INFO]  Strategy started.  Underlying: BANKNIFTY  Monthly expiry: 2026-09-29  Supertrend(20, 1.8)  Exit threshold: ±111 pts  Entry window: 09:23–15:05  Force-close: 15:08
2026-09-25 15:22:54,728  [INFO]  [2026-09-25 15:22:54] SQUARE-OFF TIME — no open positions.
2026-09-25 15:22:54,728  [INFO]  Session ended. Exiting strategy.
2026-09-25 15:22:56,852  [INFO]  Logging to console and to file: logs\strategy_2026-09-25.log
2026-09-25 15:22:56,853  [INFO]  Found cached Groww access token for today. Verifying token...
2026-09-25 15:22:57,071  [INFO]  Cached Groww access token verified successfully. Skipping auth endpoint.
2026-09-25 15:22:58,740  [INFO]  Selected BankNifty monthly expiry: 2026-09-29
2026-09-25 15:22:58,858  [INFO]  Using BANKNIFTY futures symbol for candle data: BANKNIFTY26SEPFUT (groww_symbol=NSE-BANKNIFTY-29Sep26-FUT)
2026-09-25 15:22:58,858  [INFO]  Strategy started.  Underlying: BANKNIFTY  Monthly expiry: 2026-09-29  Supertrend(20, 1.8)  Exit threshold: ±111 pts  Entry window: 09:23–15:05  Force-close: 15:08
2026-09-25 15:22:58,858  [INFO]  [2026-09-25 15:22:58] SQUARE-OFF TIME — no open positions.
2026-09-25 15:22:58,858  [INFO]  Session ended. Exiting strategy.
2026-09-25 15:23:01,396  [INFO]  Logging to console and to file: logs\strategy_2026-09-25.log
2026-09-25 15:23:01,402  [INFO]  Found cached Groww access token for today. Verifying token...
2026-09-25 15:23:01,613  [INFO]  Cached Groww access token verified successfully. Skipping auth endpoint.
2026-09-25 15:23:03,619  [INFO]  Selected BankNifty monthly expiry: 2026-09-29
2026-09-25 15:23:03,729  [INFO]  Using BANKNIFTY futures symbol for candle data: BANKNIFTY26SEPFUT (groww_symbol=NSE-BANKNIFTY-29Sep26-FUT)
2026-09-25 15:23:03,730  [INFO]  Strategy started.  Underlying: BANKNIFTY  Monthly expiry: 2026-09-29  Supertrend(20, 1.8)  Exit threshold: ±111 pts  Entry window: 09:23–15:05  Force-close: 15:08
2026-09-25 15:23:03,730  [INFO]  [2026-09-25 15:23:03] SQUARE-OFF TIME — no open positions.
2026-09-25 15:23:03,730  [INFO]  Session ended. Exiting strategy.
2026-09-25 15:23:05,960  [INFO]  Logging to console and to file: logs\strategy_2026-09-25.log
2026-09-25 15:23:05,961  [INFO]  Found cached Groww access token for today. Verifying token...
2026-09-25 15:23:06,156  [INFO]  Cached Groww access token verified successfully. Skipping auth endpoint.
2026-09-25 15:23:07,879  [INFO]  Selected BankNifty monthly expiry: 2026-09-29
2026-09-25 15:23:07,985  [INFO]  Using BANKNIFTY futures symbol for candle data: BANKNIFTY26SEPFUT (groww_symbol=NSE-BANKNIFTY-29Sep26-FUT)
2026-09-25 15:23:07,985  [INFO]  Strategy started.  Underlying: BANKNIFTY  Monthly expiry: 2026-09-29  Supertrend(20, 1.8)  Exit threshold: ±111 pts  Entry window: 09:23–15:05  Force-close: 15:08
2026-09-25 15:23:07,985  [INFO]  [2026-09-25 15:23:07] SQUARE-OFF TIME — no open positions.
2026-09-25 15:23:07,985  [INFO]  Session ended. Exiting strategy.
2026-09-25 15:23:10,223  [INFO]  Logging to console and to file: logs\strategy_2026-09-25.log
2026-09-25 15:23:10,224  [INFO]  Found cached Groww access token for today. Verifying token...
2026-09-25 15:23:10,432  [INFO]  Cached Groww access token verified successfully. Skipping auth endpoint.
2026-09-25 15:23:12,198  [INFO]  Selected BankNifty monthly expiry: 2026-09-29
2026-09-25 15:23:12,295  [INFO]  Using BANKNIFTY futures symbol for candle data: BANKNIFTY26SEPFUT (groww_symbol=NSE-BANKNIFTY-29Sep26-FUT)
2026-09-25 15:23:12,295  [INFO]  Strategy started.  Underlying: BANKNIFTY  Monthly expiry: 2026-09-29  Supertrend(20, 1.8)  Exit threshold: ±111 pts  Entry window: 09:23–15:05  Force-close: 15:08
2026-09-25 15:23:12,296  [INFO]  [2026-09-25 15:23:12] SQUARE-OFF TIME — no open positions.
2026-09-25 15:23:12,296  [INFO]  Session ended. Exiting strategy.
2026-09-25 15:23:14,484  [INFO]  Logging to console and to file: logs\strategy_2026-09-25.log
2026-09-25 15:23:14,485  [INFO]  Found cached Groww access token for today. Verifying token...
2026-09-25 15:23:14,703  [INFO]  Cached Groww access token verified successfully. Skipping auth endpoint.
2026-09-25 15:23:16,429  [INFO]  Selected BankNifty monthly expiry: 2026-09-29
2026-09-25 15:23:16,527  [INFO]  Using BANKNIFTY futures symbol for candle data: BANKNIFTY26SEPFUT (groww_symbol=NSE-BANKNIFTY-29Sep26-FUT)
2026-09-25 15:23:16,527  [INFO]  Strategy started.  Underlying: BANKNIFTY  Monthly expiry: 2026-09-29  Supertrend(20, 1.8)  Exit threshold: ±111 pts  Entry window: 09:23–15:05  Force-close: 15:08
2026-09-25 15:23:16,528  [INFO]  [2026-09-25 15:23:16] SQUARE-OFF TIME — no open positions.
2026-09-25 15:23:16,528  [INFO]  Session ended. Exiting strategy.
2026-09-25 15:23:18,722  [INFO]  Logging to console and to file: logs\strategy_2026-09-25.log
2026-09-25 15:23:18,723  [INFO]  Found cached Groww access token for today. Verifying token...
2026-09-25 15:23:18,946  [INFO]  Cached Groww access token verified successfully. Skipping auth endpoint.
2026-09-25 15:23:20,569  [INFO]  Selected BankNifty monthly expiry: 2026-09-29
2026-09-25 15:23:20,668  [INFO]  Using BANKNIFTY futures symbol for candle data: BANKNIFTY26SEPFUT (groww_symbol=NSE-BANKNIFTY-29Sep26-FUT)
2026-09-25 15:23:20,669  [INFO]  Strategy started.  Underlying: BANKNIFTY  Monthly expiry: 2026-09-29  Supertrend(20, 1.8)  Exit threshold: ±111 pts  Entry window: 09:23–15:05  Force-close: 15:08
2026-09-25 15:23:20,669  [INFO]  [2026-09-25 15:23:20] SQUARE-OFF TIME — no open positions.
2026-09-25 15:23:20,669  [INFO]  Session ended. Exiting strategy.
2026-09-25 15:23:22,850  [INFO]  Logging to console and to file: logs\strategy_2026-09-25.log
2026-09-25 15:23:22,850  [INFO]  Found cached Groww access token for today. Verifying token...
2026-09-25 15:23:23,079  [INFO]  Cached Groww access token verified successfully. Skipping auth endpoint.
2026-09-25 15:23:24,802  [INFO]  Selected BankNifty monthly expiry: 2026-09-29
2026-09-25 15:23:24,900  [INFO]  Using BANKNIFTY futures symbol for candle data: BANKNIFTY26SEPFUT (groww_symbol=NSE-BANKNIFTY-29Sep26-FUT)
2026-09-25 15:23:24,900  [INFO]  Strategy started.  Underlying: BANKNIFTY  Monthly expiry: 2026-09-29  Supertrend(20, 1.8)  Exit threshold: ±111 pts  Entry window: 09:23–15:05  Force-close: 15:08
2026-09-25 15:23:24,900  [INFO]  [2026-09-25 15:23:24] SQUARE-OFF TIME — no open positions.
2026-09-25 15:23:24,900  [INFO]  Session ended. Exiting strategy.
2026-09-25 15:23:27,194  [INFO]  Logging to console and to file: logs\strategy_2026-09-25.log
2026-09-25 15:23:27,195  [INFO]  Found cached Groww access token for today. Verifying token...
2026-09-25 15:23:27,396  [INFO]  Cached Groww access token verified successfully. Skipping auth endpoint.
2026-09-25 15:23:29,539  [INFO]  Selected BankNifty monthly expiry: 2026-09-29
2026-09-25 15:23:29,667  [INFO]  Using BANKNIFTY futures symbol for candle data: BANKNIFTY26SEPFUT (groww_symbol=NSE-BANKNIFTY-29Sep26-FUT)
2026-09-25 15:23:29,667  [INFO]  Strategy started.  Underlying: BANKNIFTY  Monthly expiry: 2026-09-29  Supertrend(20, 1.8)  Exit threshold: ±111 pts  Entry window: 09:23–15:05  Force-close: 15:08
2026-09-25 15:23:29,667  [INFO]  [2026-09-25 15:23:29] SQUARE-OFF TIME — no open positions.
2026-09-25 15:23:29,668  [INFO]  Session ended. Exiting strategy.
2026-09-25 15:23:31,808  [INFO]  Logging to console and to file: logs\strategy_2026-09-25.log
2026-09-25 15:23:31,809  [INFO]  Found cached Groww access token for today. Verifying token...
2026-09-25 15:23:32,007  [INFO]  Cached Groww access token verified successfully. Skipping auth endpoint.
2026-09-25 15:23:33,641  [INFO]  Selected BankNifty monthly expiry: 2026-09-29
2026-09-25 15:23:33,737  [INFO]  Using BANKNIFTY futures symbol for candle data: BANKNIFTY26SEPFUT (groww_symbol=NSE-BANKNIFTY-29Sep26-FUT)
2026-09-25 15:23:33,737  [INFO]  Strategy started.  Underlying: BANKNIFTY  Monthly expiry: 2026-09-29  Supertrend(20, 1.8)  Exit threshold: ±111 pts  Entry window: 09:23–15:05  Force-close: 15:08
2026-09-25 15:23:33,738  [INFO]  [2026-09-25 15:23:33] SQUARE-OFF TIME — no open positions.
2026-09-25 15:23:33,738  [INFO]  Session ended. Exiting strategy.
2026-09-25 15:23:35,759  [INFO]  Logging to console and to file: logs\strategy_2026-09-25.log
2026-09-25 15:23:35,760  [INFO]  Found cached Groww access token for today. Verifying token...
2026-09-25 15:23:35,960  [INFO]  Cached Groww access token verified successfully. Skipping auth endpoint.
2026-09-25 15:23:37,781  [INFO]  Selected BankNifty monthly expiry: 2026-09-29
2026-09-25 15:23:37,877  [INFO]  Using BANKNIFTY futures symbol for candle data: BANKNIFTY26SEPFUT (groww_symbol=NSE-BANKNIFTY-29Sep26-FUT)
2026-09-25 15:23:37,878  [INFO]  Strategy started.  Underlying: BANKNIFTY  Monthly expiry: 2026-09-29  Supertrend(20, 1.8)  Exit threshold: ±111 pts  Entry window: 09:23–15:05  Force-close: 15:08
2026-09-25 15:23:37,878  [INFO]  [2026-09-25 15:23:37] SQUARE-OFF TIME — no open positions.
2026-09-25 15:23:37,878  [INFO]  Session ended. Exiting strategy.
2026-09-25 15:23:40,089  [INFO]  Logging to console and to file: logs\strategy_2026-09-25.log
2026-09-25 15:23:40,090  [INFO]  Found cached Groww access token for today. Verifying token...
2026-09-25 15:23:40,291  [INFO]  Cached Groww access token verified successfully. Skipping auth endpoint.
2026-09-25 15:23:42,422  [INFO]  Selected BankNifty monthly expiry: 2026-09-29
2026-09-25 15:23:42,523  [INFO]  Using BANKNIFTY futures symbol for candle data: BANKNIFTY26SEPFUT (groww_symbol=NSE-BANKNIFTY-29Sep26-FUT)
2026-09-25 15:23:42,523  [INFO]  Strategy started.  Underlying: BANKNIFTY  Monthly expiry: 2026-09-29  Supertrend(20, 1.8)  Exit threshold: ±111 pts  Entry window: 09:23–15:05  Force-close: 15:08
2026-09-25 15:23:42,523  [INFO]  [2026-09-25 15:23:42] SQUARE-OFF TIME — no open positions.
2026-09-25 15:23:42,523  [INFO]  Session ended. Exiting strategy.
2026-09-25 15:23:44,635  [INFO]  Logging to console and to file: logs\strategy_2026-09-25.log
2026-09-25 15:23:44,636  [INFO]  Found cached Groww access token for today. Verifying token...
2026-09-25 15:23:44,844  [INFO]  Cached Groww access token verified successfully. Skipping auth endpoint.
2026-09-25 15:23:46,922  [INFO]  Selected BankNifty monthly expiry: 2026-09-29
2026-09-25 15:23:47,045  [INFO]  Using BANKNIFTY futures symbol for candle data: BANKNIFTY26SEPFUT (groww_symbol=NSE-BANKNIFTY-29Sep26-FUT)
2026-09-25 15:23:47,045  [INFO]  Strategy started.  Underlying: BANKNIFTY  Monthly expiry: 2026-09-29  Supertrend(20, 1.8)  Exit threshold: ±111 pts  Entry window: 09:23–15:05  Force-close: 15:08
2026-09-25 15:23:47,045  [INFO]  [2026-09-25 15:23:47] SQUARE-OFF TIME — no open positions.
2026-09-25 15:23:47,045  [INFO]  Session ended. Exiting strategy.
2026-09-25 15:23:49,178  [INFO]  Logging to console and to file: logs\strategy_2026-09-25.log
2026-09-25 15:23:49,179  [INFO]  Found cached Groww access token for today. Verifying token...
2026-09-25 15:23:49,374  [INFO]  Cached Groww access token verified successfully. Skipping auth endpoint.
2026-09-25 15:23:51,117  [INFO]  Selected BankNifty monthly expiry: 2026-09-29
2026-09-25 15:23:51,217  [INFO]  Using BANKNIFTY futures symbol for candle data: BANKNIFTY26SEPFUT (groww_symbol=NSE-BANKNIFTY-29Sep26-FUT)
2026-09-25 15:23:51,218  [INFO]  Strategy started.  Underlying: BANKNIFTY  Monthly expiry: 2026-09-29  Supertrend(20, 1.8)  Exit threshold: ±111 pts  Entry window: 09:23–15:05  Force-close: 15:08
2026-09-25 15:23:51,218  [INFO]  [2026-09-25 15:23:51] SQUARE-OFF TIME — no open positions.
2026-09-25 15:23:51,218  [INFO]  Session ended. Exiting strategy.
2026-09-25 15:23:53,498  [INFO]  Logging to console and to file: logs\strategy_2026-09-25.log
2026-09-25 15:23:53,499  [INFO]  Found cached Groww access token for today. Verifying token...
2026-09-25 15:23:53,720  [INFO]  Cached Groww access token verified successfully. Skipping auth endpoint.
2026-09-25 15:23:55,504  [INFO]  Selected BankNifty monthly expiry: 2026-09-29
2026-09-25 15:23:55,601  [INFO]  Using BANKNIFTY futures symbol for candle data: BANKNIFTY26SEPFUT (groww_symbol=NSE-BANKNIFTY-29Sep26-FUT)
2026-09-25 15:23:55,601  [INFO]  Strategy started.  Underlying: BANKNIFTY  Monthly expiry: 2026-09-29  Supertrend(20, 1.8)  Exit threshold: ±111 pts  Entry window: 09:23–15:05  Force-close: 15:08
2026-09-25 15:23:55,601  [INFO]  [2026-09-25 15:23:55] SQUARE-OFF TIME — no open positions.
2026-09-25 15:23:55,601  [INFO]  Session ended. Exiting strategy.
2026-09-25 15:23:57,694  [INFO]  Logging to console and to file: logs\strategy_2026-09-25.log
2026-09-25 15:23:57,694  [INFO]  Found cached Groww access token for today. Verifying token...
2026-09-25 15:23:57,900  [INFO]  Cached Groww access token verified successfully. Skipping auth endpoint.
2026-09-25 15:24:00,074  [INFO]  Selected BankNifty monthly expiry: 2026-09-29
2026-09-25 15:24:00,173  [INFO]  Using BANKNIFTY futures symbol for candle data: BANKNIFTY26SEPFUT (groww_symbol=NSE-BANKNIFTY-29Sep26-FUT)
2026-09-25 15:24:00,174  [INFO]  Strategy started.  Underlying: BANKNIFTY  Monthly expiry: 2026-09-29  Supertrend(20, 1.8)  Exit threshold: ±111 pts  Entry window: 09:23–15:05  Force-close: 15:08
2026-09-25 15:24:00,174  [INFO]  [2026-09-25 15:24:00] SQUARE-OFF TIME — no open positions.
2026-09-25 15:24:00,174  [INFO]  Session ended. Exiting strategy.
2026-09-25 15:24:02,463  [INFO]  Logging to console and to file: logs\strategy_2026-09-25.log
2026-09-25 15:24:02,464  [INFO]  Found cached Groww access token for today. Verifying token...
2026-09-25 15:24:02,664  [INFO]  Cached Groww access token verified successfully. Skipping auth endpoint.
2026-09-25 15:24:04,642  [INFO]  Selected BankNifty monthly expiry: 2026-09-29
2026-09-25 15:24:04,749  [INFO]  Using BANKNIFTY futures symbol for candle data: BANKNIFTY26SEPFUT (groww_symbol=NSE-BANKNIFTY-29Sep26-FUT)
2026-09-25 15:24:04,749  [INFO]  Strategy started.  Underlying: BANKNIFTY  Monthly expiry: 2026-09-29  Supertrend(20, 1.8)  Exit threshold: ±111 pts  Entry window: 09:23–15:05  Force-close: 15:08
2026-09-25 15:24:04,749  [INFO]  [2026-09-25 15:24:04] SQUARE-OFF TIME — no open positions.
2026-09-25 15:24:04,750  [INFO]  Session ended. Exiting strategy.
2026-09-25 15:24:06,980  [INFO]  Logging to console and to file: logs\strategy_2026-09-25.log
2026-09-25 15:24:06,981  [INFO]  Found cached Groww access token for today. Verifying token...
2026-09-25 15:24:07,186  [INFO]  Cached Groww access token verified successfully. Skipping auth endpoint.
2026-09-25 15:24:09,063  [INFO]  Selected BankNifty monthly expiry: 2026-09-29
2026-09-25 15:24:09,166  [INFO]  Using BANKNIFTY futures symbol for candle data: BANKNIFTY26SEPFUT (groww_symbol=NSE-BANKNIFTY-29Sep26-FUT)
2026-09-25 15:24:09,166  [INFO]  Strategy started.  Underlying: BANKNIFTY  Monthly expiry: 2026-09-29  Supertrend(20, 1.8)  Exit threshold: ±111 pts  Entry window: 09:23–15:05  Force-close: 15:08
2026-09-25 15:24:09,166  [INFO]  [2026-09-25 15:24:09] SQUARE-OFF TIME — no open positions.
2026-09-25 15:24:09,166  [INFO]  Session ended. Exiting strategy.
2026-09-25 15:24:11,559  [INFO]  Logging to console and to file: logs\strategy_2026-09-25.log
2026-09-25 15:24:11,560  [INFO]  Found cached Groww access token for today. Verifying token...
2026-09-25 15:24:11,780  [INFO]  Cached Groww access token verified successfully. Skipping auth endpoint.
2026-09-25 15:24:13,630  [INFO]  Selected BankNifty monthly expiry: 2026-09-29
2026-09-25 15:24:13,758  [INFO]  Using BANKNIFTY futures symbol for candle data: BANKNIFTY26SEPFUT (groww_symbol=NSE-BANKNIFTY-29Sep26-FUT)
2026-09-25 15:24:13,759  [INFO]  Strategy started.  Underlying: BANKNIFTY  Monthly expiry: 2026-09-29  Supertrend(20, 1.8)  Exit threshold: ±111 pts  Entry window: 09:23–15:05  Force-close: 15:08
2026-09-25 15:24:13,759  [INFO]  [2026-09-25 15:24:13] SQUARE-OFF TIME — no open positions.
2026-09-25 15:24:13,759  [INFO]  Session ended. Exiting strategy.
2026-09-25 15:24:15,951  [INFO]  Logging to console and to file: logs\strategy_2026-09-25.log
2026-09-25 15:24:15,952  [INFO]  Found cached Groww access token for today. Verifying token...
2026-09-25 15:24:16,174  [INFO]  Cached Groww access token verified successfully. Skipping auth endpoint.
2026-09-25 15:24:17,960  [INFO]  Selected BankNifty monthly expiry: 2026-09-29
2026-09-25 15:24:18,061  [INFO]  Using BANKNIFTY futures symbol for candle data: BANKNIFTY26SEPFUT (groww_symbol=NSE-BANKNIFTY-29Sep26-FUT)
2026-09-25 15:24:18,061  [INFO]  Strategy started.  Underlying: BANKNIFTY  Monthly expiry: 2026-09-29  Supertrend(20, 1.8)  Exit threshold: ±111 pts  Entry window: 09:23–15:05  Force-close: 15:08
2026-09-25 15:24:18,061  [INFO]  [2026-09-25 15:24:18] SQUARE-OFF TIME — no open positions.
2026-09-25 15:24:18,061  [INFO]  Session ended. Exiting strategy.
2026-09-25 15:24:20,292  [INFO]  Logging to console and to file: logs\strategy_2026-09-25.log
2026-09-25 15:24:20,293  [INFO]  Found cached Groww access token for today. Verifying token...
2026-09-25 15:24:20,499  [INFO]  Cached Groww access token verified successfully. Skipping auth endpoint.
2026-09-25 15:24:22,101  [INFO]  Selected BankNifty monthly expiry: 2026-09-29
2026-09-25 15:24:22,200  [INFO]  Using BANKNIFTY futures symbol for candle data: BANKNIFTY26SEPFUT (groww_symbol=NSE-BANKNIFTY-29Sep26-FUT)
2026-09-25 15:24:22,200  [INFO]  Strategy started.  Underlying: BANKNIFTY  Monthly expiry: 2026-09-29  Supertrend(20, 1.8)  Exit threshold: ±111 pts  Entry window: 09:23–15:05  Force-close: 15:08
2026-09-25 15:24:22,200  [INFO]  [2026-09-25 15:24:22] SQUARE-OFF TIME — no open positions.
2026-09-25 15:24:22,200  [INFO]  Session ended. Exiting strategy.
2026-09-25 15:24:24,214  [INFO]  Logging to console and to file: logs\strategy_2026-09-25.log
2026-09-25 15:24:24,215  [INFO]  Found cached Groww access token for today. Verifying token...
2026-09-25 15:24:24,411  [INFO]  Cached Groww access token verified successfully. Skipping auth endpoint.
2026-09-25 15:24:26,014  [INFO]  Selected BankNifty monthly expiry: 2026-09-29
2026-09-25 15:24:26,111  [INFO]  Using BANKNIFTY futures symbol for candle data: BANKNIFTY26SEPFUT (groww_symbol=NSE-BANKNIFTY-29Sep26-FUT)
2026-09-25 15:24:26,111  [INFO]  Strategy started.  Underlying: BANKNIFTY  Monthly expiry: 2026-09-29  Supertrend(20, 1.8)  Exit threshold: ±111 pts  Entry window: 09:23–15:05  Force-close: 15:08
2026-09-25 15:24:26,111  [INFO]  [2026-09-25 15:24:26] SQUARE-OFF TIME — no open positions.
2026-09-25 15:24:26,111  [INFO]  Session ended. Exiting strategy.
2026-09-25 15:24:28,367  [INFO]  Logging to console and to file: logs\strategy_2026-09-25.log
2026-09-25 15:24:28,368  [INFO]  Found cached Groww access token for today. Verifying token...
2026-09-25 15:24:28,587  [INFO]  Cached Groww access token verified successfully. Skipping auth endpoint.
2026-09-25 15:24:30,238  [INFO]  Selected BankNifty monthly expiry: 2026-09-29
2026-09-25 15:24:30,333  [INFO]  Using BANKNIFTY futures symbol for candle data: BANKNIFTY26SEPFUT (groww_symbol=NSE-BANKNIFTY-29Sep26-FUT)
2026-09-25 15:24:30,333  [INFO]  Strategy started.  Underlying: BANKNIFTY  Monthly expiry: 2026-09-29  Supertrend(20, 1.8)  Exit threshold: ±111 pts  Entry window: 09:23–15:05  Force-close: 15:08
2026-09-25 15:24:30,334  [INFO]  [2026-09-25 15:24:30] SQUARE-OFF TIME — no open positions.
2026-09-25 15:24:30,334  [INFO]  Session ended. Exiting strategy.
2026-09-25 15:24:32,523  [INFO]  Logging to console and to file: logs\strategy_2026-09-25.log
2026-09-25 15:24:32,523  [INFO]  Found cached Groww access token for today. Verifying token...
2026-09-25 15:24:32,742  [INFO]  Cached Groww access token verified successfully. Skipping auth endpoint.
2026-09-25 15:24:34,326  [INFO]  Selected BankNifty monthly expiry: 2026-09-29
2026-09-25 15:24:34,423  [INFO]  Using BANKNIFTY futures symbol for candle data: BANKNIFTY26SEPFUT (groww_symbol=NSE-BANKNIFTY-29Sep26-FUT)
2026-09-25 15:24:34,423  [INFO]  Strategy started.  Underlying: BANKNIFTY  Monthly expiry: 2026-09-29  Supertrend(20, 1.8)  Exit threshold: ±111 pts  Entry window: 09:23–15:05  Force-close: 15:08
2026-09-25 15:24:34,424  [INFO]  [2026-09-25 15:24:34] SQUARE-OFF TIME — no open positions.
2026-09-25 15:24:34,424  [INFO]  Session ended. Exiting strategy.
2026-09-25 15:24:36,586  [INFO]  Logging to console and to file: logs\strategy_2026-09-25.log
2026-09-25 15:24:36,587  [INFO]  Found cached Groww access token for today. Verifying token...
2026-09-25 15:24:36,772  [INFO]  Cached Groww access token verified successfully. Skipping auth endpoint.
2026-09-25 15:24:38,487  [INFO]  Selected BankNifty monthly expiry: 2026-09-29
2026-09-25 15:24:38,588  [INFO]  Using BANKNIFTY futures symbol for candle data: BANKNIFTY26SEPFUT (groww_symbol=NSE-BANKNIFTY-29Sep26-FUT)
2026-09-25 15:24:38,588  [INFO]  Strategy started.  Underlying: BANKNIFTY  Monthly expiry: 2026-09-29  Supertrend(20, 1.8)  Exit threshold: ±111 pts  Entry window: 09:23–15:05  Force-close: 15:08
2026-09-25 15:24:38,588  [INFO]  [2026-09-25 15:24:38] SQUARE-OFF TIME — no open positions.
2026-09-25 15:24:38,589  [INFO]  Session ended. Exiting strategy.
2026-09-25 15:24:40,753  [INFO]  Logging to console and to file: logs\strategy_2026-09-25.log
2026-09-25 15:24:40,754  [INFO]  Found cached Groww access token for today. Verifying token...
2026-09-25 15:24:40,971  [INFO]  Cached Groww access token verified successfully. Skipping auth endpoint.
2026-09-25 15:24:42,717  [INFO]  Selected BankNifty monthly expiry: 2026-09-29
2026-09-25 15:24:42,814  [INFO]  Using BANKNIFTY futures symbol for candle data: BANKNIFTY26SEPFUT (groww_symbol=NSE-BANKNIFTY-29Sep26-FUT)
2026-09-25 15:24:42,814  [INFO]  Strategy started.  Underlying: BANKNIFTY  Monthly expiry: 2026-09-29  Supertrend(20, 1.8)  Exit threshold: ±111 pts  Entry window: 09:23–15:05  Force-close: 15:08
2026-09-25 15:24:42,814  [INFO]  [2026-09-25 15:24:42] SQUARE-OFF TIME — no open positions.
2026-09-25 15:24:42,814  [INFO]  Session ended. Exiting strategy.
2026-09-25 15:24:44,985  [INFO]  Logging to console and to file: logs\strategy_2026-09-25.log
2026-09-25 15:24:44,986  [INFO]  Found cached Groww access token for today. Verifying token...
2026-09-25 15:24:45,206  [INFO]  Cached Groww access token verified successfully. Skipping auth endpoint.
2026-09-25 15:24:47,044  [INFO]  Selected BankNifty monthly expiry: 2026-09-29
2026-09-25 15:24:47,141  [INFO]  Using BANKNIFTY futures symbol for candle data: BANKNIFTY26SEPFUT (groww_symbol=NSE-BANKNIFTY-29Sep26-FUT)
2026-09-25 15:24:47,141  [INFO]  Strategy started.  Underlying: BANKNIFTY  Monthly expiry: 2026-09-29  Supertrend(20, 1.8)  Exit threshold: ±111 pts  Entry window: 09:23–15:05  Force-close: 15:08
2026-09-25 15:24:47,142  [INFO]  [2026-09-25 15:24:47] SQUARE-OFF TIME — no open positions.
2026-09-25 15:24:47,142  [INFO]  Session ended. Exiting strategy.
2026-09-25 15:24:49,319  [INFO]  Logging to console and to file: logs\strategy_2026-09-25.log
2026-09-25 15:24:49,321  [INFO]  Found cached Groww access token for today. Verifying token...
2026-09-25 15:24:49,512  [INFO]  Cached Groww access token verified successfully. Skipping auth endpoint.
2026-09-25 15:24:51,128  [INFO]  Selected BankNifty monthly expiry: 2026-09-29
2026-09-25 15:24:51,231  [INFO]  Using BANKNIFTY futures symbol for candle data: BANKNIFTY26SEPFUT (groww_symbol=NSE-BANKNIFTY-29Sep26-FUT)
2026-09-25 15:24:51,231  [INFO]  Strategy started.  Underlying: BANKNIFTY  Monthly expiry: 2026-09-29  Supertrend(20, 1.8)  Exit threshold: ±111 pts  Entry window: 09:23–15:05  Force-close: 15:08
2026-09-25 15:24:51,231  [INFO]  [2026-09-25 15:24:51] SQUARE-OFF TIME — no open positions.
2026-09-25 15:24:51,231  [INFO]  Session ended. Exiting strategy.
2026-09-25 15:24:53,296  [INFO]  Logging to console and to file: logs\strategy_2026-09-25.log
2026-09-25 15:24:53,297  [INFO]  Found cached Groww access token for today. Verifying token...
2026-09-25 15:24:53,487  [INFO]  Cached Groww access token verified successfully. Skipping auth endpoint.
2026-09-25 15:24:55,053  [INFO]  Selected BankNifty monthly expiry: 2026-09-29
2026-09-25 15:24:55,161  [INFO]  Using BANKNIFTY futures symbol for candle data: BANKNIFTY26SEPFUT (groww_symbol=NSE-BANKNIFTY-29Sep26-FUT)
2026-09-25 15:24:55,162  [INFO]  Strategy started.  Underlying: BANKNIFTY  Monthly expiry: 2026-09-29  Supertrend(20, 1.8)  Exit threshold: ±111 pts  Entry window: 09:23–15:05  Force-close: 15:08
2026-09-25 15:24:55,162  [INFO]  [2026-09-25 15:24:55] SQUARE-OFF TIME — no open positions.
2026-09-25 15:24:55,162  [INFO]  Session ended. Exiting strategy.
2026-09-25 15:24:57,190  [INFO]  Logging to console and to file: logs\strategy_2026-09-25.log
2026-09-25 15:24:57,191  [INFO]  Found cached Groww access token for today. Verifying token...
2026-09-25 15:24:57,393  [INFO]  Cached Groww access token verified successfully. Skipping auth endpoint.
2026-09-25 15:24:58,972  [INFO]  Selected BankNifty monthly expiry: 2026-09-29
2026-09-25 15:24:59,068  [INFO]  Using BANKNIFTY futures symbol for candle data: BANKNIFTY26SEPFUT (groww_symbol=NSE-BANKNIFTY-29Sep26-FUT)
2026-09-25 15:24:59,068  [INFO]  Strategy started.  Underlying: BANKNIFTY  Monthly expiry: 2026-09-29  Supertrend(20, 1.8)  Exit threshold: ±111 pts  Entry window: 09:23–15:05  Force-close: 15:08
2026-09-25 15:24:59,068  [INFO]  [2026-09-25 15:24:59] SQUARE-OFF TIME — no open positions.
2026-09-25 15:24:59,069  [INFO]  Session ended. Exiting strategy.
2026-09-25 15:25:01,223  [INFO]  Logging to console and to file: logs\strategy_2026-09-25.log
2026-09-25 15:25:01,224  [INFO]  Found cached Groww access token for today. Verifying token...
2026-09-25 15:25:01,435  [INFO]  Cached Groww access token verified successfully. Skipping auth endpoint.
2026-09-25 15:25:03,061  [INFO]  Selected BankNifty monthly expiry: 2026-09-29
2026-09-25 15:25:03,156  [INFO]  Using BANKNIFTY futures symbol for candle data: BANKNIFTY26SEPFUT (groww_symbol=NSE-BANKNIFTY-29Sep26-FUT)
2026-09-25 15:25:03,156  [INFO]  Strategy started.  Underlying: BANKNIFTY  Monthly expiry: 2026-09-29  Supertrend(20, 1.8)  Exit threshold: ±111 pts  Entry window: 09:23–15:05  Force-close: 15:08
2026-09-25 15:25:03,157  [INFO]  [2026-09-25 15:25:03] SQUARE-OFF TIME — no open positions.
2026-09-25 15:25:03,157  [INFO]  Session ended. Exiting strategy.
2026-09-25 15:25:05,198  [INFO]  Logging to console and to file: logs\strategy_2026-09-25.log
2026-09-25 15:25:05,199  [INFO]  Found cached Groww access token for today. Verifying token...
2026-09-25 15:25:05,407  [INFO]  Cached Groww access token verified successfully. Skipping auth endpoint.
2026-09-25 15:25:07,024  [INFO]  Selected BankNifty monthly expiry: 2026-09-29
2026-09-25 15:25:07,127  [INFO]  Using BANKNIFTY futures symbol for candle data: BANKNIFTY26SEPFUT (groww_symbol=NSE-BANKNIFTY-29Sep26-FUT)
2026-09-25 15:25:07,127  [INFO]  Strategy started.  Underlying: BANKNIFTY  Monthly expiry: 2026-09-29  Supertrend(20, 1.8)  Exit threshold: ±111 pts  Entry window: 09:23–15:05  Force-close: 15:08
2026-09-25 15:25:07,127  [INFO]  [2026-09-25 15:25:07] SQUARE-OFF TIME — no open positions.
2026-09-25 15:25:07,128  [INFO]  Session ended. Exiting strategy.
2026-09-25 15:25:09,121  [INFO]  Logging to console and to file: logs\strategy_2026-09-25.log
2026-09-25 15:25:09,122  [INFO]  Found cached Groww access token for today. Verifying token...
2026-09-25 15:25:09,334  [INFO]  Cached Groww access token verified successfully. Skipping auth endpoint.
2026-09-25 15:25:10,964  [INFO]  Selected BankNifty monthly expiry: 2026-09-29
2026-09-25 15:25:11,061  [INFO]  Using BANKNIFTY futures symbol for candle data: BANKNIFTY26SEPFUT (groww_symbol=NSE-BANKNIFTY-29Sep26-FUT)
2026-09-25 15:25:11,061  [INFO]  Strategy started.  Underlying: BANKNIFTY  Monthly expiry: 2026-09-29  Supertrend(20, 1.8)  Exit threshold: ±111 pts  Entry window: 09:23–15:05  Force-close: 15:08
2026-09-25 15:25:11,062  [INFO]  [2026-09-25 15:25:11] SQUARE-OFF TIME — no open positions.
2026-09-25 15:25:11,062  [INFO]  Session ended. Exiting strategy.
2026-09-25 15:25:13,136  [INFO]  Logging to console and to file: logs\strategy_2026-09-25.log
2026-09-25 15:25:13,137  [INFO]  Found cached Groww access token for today. Verifying token...
2026-09-25 15:25:13,369  [INFO]  Cached Groww access token verified successfully. Skipping auth endpoint.
2026-09-25 15:25:14,994  [INFO]  Selected BankNifty monthly expiry: 2026-09-29
2026-09-25 15:25:15,095  [INFO]  Using BANKNIFTY futures symbol for candle data: BANKNIFTY26SEPFUT (groww_symbol=NSE-BANKNIFTY-29Sep26-FUT)
2026-09-25 15:25:15,095  [INFO]  Strategy started.  Underlying: BANKNIFTY  Monthly expiry: 2026-09-29  Supertrend(20, 1.8)  Exit threshold: ±111 pts  Entry window: 09:23–15:05  Force-close: 15:08
2026-09-25 15:25:15,095  [INFO]  [2026-09-25 15:25:15] SQUARE-OFF TIME — no open positions.
2026-09-25 15:25:15,095  [INFO]  Session ended. Exiting strategy.
2026-09-25 15:25:17,220  [INFO]  Logging to console and to file: logs\strategy_2026-09-25.log
2026-09-25 15:25:17,221  [INFO]  Found cached Groww access token for today. Verifying token...
2026-09-25 15:25:17,435  [INFO]  Cached Groww access token verified successfully. Skipping auth endpoint.
2026-09-25 15:25:19,116  [INFO]  Selected BankNifty monthly expiry: 2026-09-29
2026-09-25 15:25:19,215  [INFO]  Using BANKNIFTY futures symbol for candle data: BANKNIFTY26SEPFUT (groww_symbol=NSE-BANKNIFTY-29Sep26-FUT)
2026-09-25 15:25:19,216  [INFO]  Strategy started.  Underlying: BANKNIFTY  Monthly expiry: 2026-09-29  Supertrend(20, 1.8)  Exit threshold: ±111 pts  Entry window: 09:23–15:05  Force-close: 15:08
2026-09-25 15:25:19,216  [INFO]  [2026-09-25 15:25:19] SQUARE-OFF TIME — no open positions.
2026-09-25 15:25:19,216  [INFO]  Session ended. Exiting strategy.
2026-09-25 15:25:21,353  [INFO]  Logging to console and to file: logs\strategy_2026-09-25.log
2026-09-25 15:25:21,354  [INFO]  Found cached Groww access token for today. Verifying token...
2026-09-25 15:25:21,570  [INFO]  Cached Groww access token verified successfully. Skipping auth endpoint.
2026-09-25 15:25:23,203  [INFO]  Selected BankNifty monthly expiry: 2026-09-29
2026-09-25 15:25:23,315  [INFO]  Using BANKNIFTY futures symbol for candle data: BANKNIFTY26SEPFUT (groww_symbol=NSE-BANKNIFTY-29Sep26-FUT)
2026-09-25 15:25:23,315  [INFO]  Strategy started.  Underlying: BANKNIFTY  Monthly expiry: 2026-09-29  Supertrend(20, 1.8)  Exit threshold: ±111 pts  Entry window: 09:23–15:05  Force-close: 15:08
2026-09-25 15:25:23,315  [INFO]  [2026-09-25 15:25:23] SQUARE-OFF TIME — no open positions.
2026-09-25 15:25:23,315  [INFO]  Session ended. Exiting strategy.
2026-09-25 15:25:25,476  [INFO]  Logging to console and to file: logs\strategy_2026-09-25.log
2026-09-25 15:25:25,477  [INFO]  Found cached Groww access token for today. Verifying token...
2026-09-25 15:25:25,683  [INFO]  Cached Groww access token verified successfully. Skipping auth endpoint.
2026-09-25 15:25:27,372  [INFO]  Selected BankNifty monthly expiry: 2026-09-29
2026-09-25 15:25:27,471  [INFO]  Using BANKNIFTY futures symbol for candle data: BANKNIFTY26SEPFUT (groww_symbol=NSE-BANKNIFTY-29Sep26-FUT)
2026-09-25 15:25:27,471  [INFO]  Strategy started.  Underlying: BANKNIFTY  Monthly expiry: 2026-09-29  Supertrend(20, 1.8)  Exit threshold: ±111 pts  Entry window: 09:23–15:05  Force-close: 15:08
2026-09-25 15:25:27,472  [INFO]  [2026-09-25 15:25:27] SQUARE-OFF TIME — no open positions.
2026-09-25 15:25:27,472  [INFO]  Session ended. Exiting strategy.
2026-09-25 15:25:29,575  [INFO]  Logging to console and to file: logs\strategy_2026-09-25.log
2026-09-25 15:25:29,576  [INFO]  Found cached Groww access token for today. Verifying token...
2026-09-25 15:25:29,763  [INFO]  Cached Groww access token verified successfully. Skipping auth endpoint.
2026-09-25 15:25:31,454  [INFO]  Selected BankNifty monthly expiry: 2026-09-29
2026-09-25 15:25:31,551  [INFO]  Using BANKNIFTY futures symbol for candle data: BANKNIFTY26SEPFUT (groww_symbol=NSE-BANKNIFTY-29Sep26-FUT)
2026-09-25 15:25:31,552  [INFO]  Strategy started.  Underlying: BANKNIFTY  Monthly expiry: 2026-09-29  Supertrend(20, 1.8)  Exit threshold: ±111 pts  Entry window: 09:23–15:05  Force-close: 15:08
2026-09-25 15:25:31,552  [INFO]  [2026-09-25 15:25:31] SQUARE-OFF TIME — no open positions.
2026-09-25 15:25:31,552  [INFO]  Session ended. Exiting strategy.
2026-09-25 15:25:33,656  [INFO]  Logging to console and to file: logs\strategy_2026-09-25.log
2026-09-25 15:25:33,657  [INFO]  Found cached Groww access token for today. Verifying token...
2026-09-25 15:25:33,864  [INFO]  Cached Groww access token verified successfully. Skipping auth endpoint.
2026-09-25 15:25:35,457  [INFO]  Selected BankNifty monthly expiry: 2026-09-29
2026-09-25 15:25:35,560  [INFO]  Using BANKNIFTY futures symbol for candle data: BANKNIFTY26SEPFUT (groww_symbol=NSE-BANKNIFTY-29Sep26-FUT)
2026-09-25 15:25:35,561  [INFO]  Strategy started.  Underlying: BANKNIFTY  Monthly expiry: 2026-09-29  Supertrend(20, 1.8)  Exit threshold: ±111 pts  Entry window: 09:23–15:05  Force-close: 15:08
2026-09-25 15:25:35,561  [INFO]  [2026-09-25 15:25:35] SQUARE-OFF TIME — no open positions.
2026-09-25 15:25:35,561  [INFO]  Session ended. Exiting strategy.
2026-09-25 15:25:37,695  [INFO]  Logging to console and to file: logs\strategy_2026-09-25.log
2026-09-25 15:25:37,696  [INFO]  Found cached Groww access token for today. Verifying token...
2026-09-25 15:25:37,902  [INFO]  Cached Groww access token verified successfully. Skipping auth endpoint.
2026-09-25 15:25:39,553  [INFO]  Selected BankNifty monthly expiry: 2026-09-29
2026-09-25 15:25:39,648  [INFO]  Using BANKNIFTY futures symbol for candle data: BANKNIFTY26SEPFUT (groww_symbol=NSE-BANKNIFTY-29Sep26-FUT)
2026-09-25 15:25:39,649  [INFO]  Strategy started.  Underlying: BANKNIFTY  Monthly expiry: 2026-09-29  Supertrend(20, 1.8)  Exit threshold: ±111 pts  Entry window: 09:23–15:05  Force-close: 15:08
2026-09-25 15:25:39,649  [INFO]  [2026-09-25 15:25:39] SQUARE-OFF TIME — no open positions.
2026-09-25 15:25:39,649  [INFO]  Session ended. Exiting strategy.
2026-09-25 15:25:41,736  [INFO]  Logging to console and to file: logs\strategy_2026-09-25.log
2026-09-25 15:25:41,737  [INFO]  Found cached Groww access token for today. Verifying token...
2026-09-25 15:25:41,940  [INFO]  Cached Groww access token verified successfully. Skipping auth endpoint.
2026-09-25 15:25:43,688  [INFO]  Selected BankNifty monthly expiry: 2026-09-29
2026-09-25 15:25:43,783  [INFO]  Using BANKNIFTY futures symbol for candle data: BANKNIFTY26SEPFUT (groww_symbol=NSE-BANKNIFTY-29Sep26-FUT)
2026-09-25 15:25:43,784  [INFO]  Strategy started.  Underlying: BANKNIFTY  Monthly expiry: 2026-09-29  Supertrend(20, 1.8)  Exit threshold: ±111 pts  Entry window: 09:23–15:05  Force-close: 15:08
2026-09-25 15:25:43,784  [INFO]  [2026-09-25 15:25:43] SQUARE-OFF TIME — no open positions.
2026-09-25 15:25:43,784  [INFO]  Session ended. Exiting strategy.
2026-09-25 15:25:45,985  [INFO]  Logging to console and to file: logs\strategy_2026-09-25.log
2026-09-25 15:25:45,986  [INFO]  Found cached Groww access token for today. Verifying token...
2026-09-25 15:25:46,201  [INFO]  Cached Groww access token verified successfully. Skipping auth endpoint.
2026-09-25 15:25:48,197  [INFO]  Selected BankNifty monthly expiry: 2026-09-29
2026-09-25 15:25:48,322  [INFO]  Using BANKNIFTY futures symbol for candle data: BANKNIFTY26SEPFUT (groww_symbol=NSE-BANKNIFTY-29Sep26-FUT)
2026-09-25 15:25:48,322  [INFO]  Strategy started.  Underlying: BANKNIFTY  Monthly expiry: 2026-09-29  Supertrend(20, 1.8)  Exit threshold: ±111 pts  Entry window: 09:23–15:05  Force-close: 15:08
2026-09-25 15:25:48,322  [INFO]  [2026-09-25 15:25:48] SQUARE-OFF TIME — no open positions.
2026-09-25 15:25:48,322  [INFO]  Session ended. Exiting strategy.
2026-09-25 15:25:50,548  [INFO]  Logging to console and to file: logs\strategy_2026-09-25.log
2026-09-25 15:25:50,549  [INFO]  Found cached Groww access token for today. Verifying token...
2026-09-25 15:25:50,746  [INFO]  Cached Groww access token verified successfully. Skipping auth endpoint.
2026-09-25 15:25:52,761  [INFO]  Selected BankNifty monthly expiry: 2026-09-29
2026-09-25 15:25:52,906  [INFO]  Using BANKNIFTY futures symbol for candle data: BANKNIFTY26SEPFUT (groww_symbol=NSE-BANKNIFTY-29Sep26-FUT)
2026-09-25 15:25:53,303  [INFO]  Strategy started.  Underlying: BANKNIFTY  Monthly expiry: 2026-09-29  Supertrend(20, 1.8)  Exit threshold: ±111 pts  Entry window: 09:23–15:05  Force-close: 15:08
2026-09-25 15:25:53,305  [INFO]  [2026-09-25 15:25:53] SQUARE-OFF TIME — no open positions.
2026-09-25 15:25:53,305  [INFO]  Session ended. Exiting strategy.
2026-09-25 15:25:55,441  [INFO]  Logging to console and to file: logs\strategy_2026-09-25.log
2026-09-25 15:25:55,443  [INFO]  Found cached Groww access token for today. Verifying token...
2026-09-25 15:25:55,674  [INFO]  Cached Groww access token verified successfully. Skipping auth endpoint.
2026-09-25 15:25:58,089  [INFO]  Selected BankNifty monthly expiry: 2026-09-29
2026-09-25 15:25:58,186  [INFO]  Using BANKNIFTY futures symbol for candle data: BANKNIFTY26SEPFUT (groww_symbol=NSE-BANKNIFTY-29Sep26-FUT)
2026-09-25 15:25:58,187  [INFO]  Strategy started.  Underlying: BANKNIFTY  Monthly expiry: 2026-09-29  Supertrend(20, 1.8)  Exit threshold: ±111 pts  Entry window: 09:23–15:05  Force-close: 15:08
2026-09-25 15:25:58,187  [INFO]  [2026-09-25 15:25:58] SQUARE-OFF TIME — no open positions.
2026-09-25 15:25:58,187  [INFO]  Session ended. Exiting strategy.
2026-09-25 15:26:00,420  [INFO]  Logging to console and to file: logs\strategy_2026-09-25.log
2026-09-25 15:26:00,421  [INFO]  Found cached Groww access token for today. Verifying token...
2026-09-25 15:26:00,630  [INFO]  Cached Groww access token verified successfully. Skipping auth endpoint.
2026-09-25 15:26:02,291  [INFO]  Selected BankNifty monthly expiry: 2026-09-29
2026-09-25 15:26:02,385  [INFO]  Using BANKNIFTY futures symbol for candle data: BANKNIFTY26SEPFUT (groww_symbol=NSE-BANKNIFTY-29Sep26-FUT)
2026-09-25 15:26:02,385  [INFO]  Strategy started.  Underlying: BANKNIFTY  Monthly expiry: 2026-09-29  Supertrend(20, 1.8)  Exit threshold: ±111 pts  Entry window: 09:23–15:05  Force-close: 15:08
2026-09-25 15:26:02,386  [INFO]  [2026-09-25 15:26:02] SQUARE-OFF TIME — no open positions.
2026-09-25 15:26:02,386  [INFO]  Session ended. Exiting strategy.
2026-09-25 15:26:04,562  [INFO]  Logging to console and to file: logs\strategy_2026-09-25.log
2026-09-25 15:26:04,563  [INFO]  Found cached Groww access token for today. Verifying token...
2026-09-25 15:26:04,769  [INFO]  Cached Groww access token verified successfully. Skipping auth endpoint.
2026-09-25 15:26:06,423  [INFO]  Selected BankNifty monthly expiry: 2026-09-29
2026-09-25 15:26:06,541  [INFO]  Using BANKNIFTY futures symbol for candle data: BANKNIFTY26SEPFUT (groww_symbol=NSE-BANKNIFTY-29Sep26-FUT)
2026-09-25 15:26:06,541  [INFO]  Strategy started.  Underlying: BANKNIFTY  Monthly expiry: 2026-09-29  Supertrend(20, 1.8)  Exit threshold: ±111 pts  Entry window: 09:23–15:05  Force-close: 15:08
2026-09-25 15:26:06,541  [INFO]  [2026-09-25 15:26:06] SQUARE-OFF TIME — no open positions.
2026-09-25 15:26:06,541  [INFO]  Session ended. Exiting strategy.
2026-09-25 15:26:08,781  [INFO]  Logging to console and to file: logs\strategy_2026-09-25.log
2026-09-25 15:26:08,782  [INFO]  Found cached Groww access token for today. Verifying token...
2026-09-25 15:26:08,991  [INFO]  Cached Groww access token verified successfully. Skipping auth endpoint.
2026-09-25 15:26:10,497  [INFO]  Selected BankNifty monthly expiry: 2026-09-29
2026-09-25 15:26:10,610  [INFO]  Using BANKNIFTY futures symbol for candle data: BANKNIFTY26SEPFUT (groww_symbol=NSE-BANKNIFTY-29Sep26-FUT)
2026-09-25 15:26:10,610  [INFO]  Strategy started.  Underlying: BANKNIFTY  Monthly expiry: 2026-09-29  Supertrend(20, 1.8)  Exit threshold: ±111 pts  Entry window: 09:23–15:05  Force-close: 15:08
2026-09-25 15:26:10,610  [INFO]  [2026-09-25 15:26:10] SQUARE-OFF TIME — no open positions.
2026-09-25 15:26:10,611  [INFO]  Session ended. Exiting strategy.
2026-09-25 15:26:12,776  [INFO]  Logging to console and to file: logs\strategy_2026-09-25.log
2026-09-25 15:26:12,777  [INFO]  Found cached Groww access token for today. Verifying token...
2026-09-25 15:26:12,978  [INFO]  Cached Groww access token verified successfully. Skipping auth endpoint.
2026-09-25 15:26:14,704  [INFO]  Selected BankNifty monthly expiry: 2026-09-29
2026-09-25 15:26:14,798  [INFO]  Using BANKNIFTY futures symbol for candle data: BANKNIFTY26SEPFUT (groww_symbol=NSE-BANKNIFTY-29Sep26-FUT)
2026-09-25 15:26:14,798  [INFO]  Strategy started.  Underlying: BANKNIFTY  Monthly expiry: 2026-09-29  Supertrend(20, 1.8)  Exit threshold: ±111 pts  Entry window: 09:23–15:05  Force-close: 15:08
2026-09-25 15:26:14,799  [INFO]  [2026-09-25 15:26:14] SQUARE-OFF TIME — no open positions.
2026-09-25 15:26:14,799  [INFO]  Session ended. Exiting strategy.
2026-09-25 15:26:16,837  [INFO]  Logging to console and to file: logs\strategy_2026-09-25.log
2026-09-25 15:26:16,838  [INFO]  Found cached Groww access token for today. Verifying token...
2026-09-25 15:26:17,049  [INFO]  Cached Groww access token verified successfully. Skipping auth endpoint.
2026-09-25 15:26:18,658  [INFO]  Selected BankNifty monthly expiry: 2026-09-29
2026-09-25 15:26:18,752  [INFO]  Using BANKNIFTY futures symbol for candle data: BANKNIFTY26SEPFUT (groww_symbol=NSE-BANKNIFTY-29Sep26-FUT)
2026-09-25 15:26:18,752  [INFO]  Strategy started.  Underlying: BANKNIFTY  Monthly expiry: 2026-09-29  Supertrend(20, 1.8)  Exit threshold: ±111 pts  Entry window: 09:23–15:05  Force-close: 15:08
2026-09-25 15:26:18,752  [INFO]  [2026-09-25 15:26:18] SQUARE-OFF TIME — no open positions.
2026-09-25 15:26:18,752  [INFO]  Session ended. Exiting strategy.
2026-09-25 15:26:20,840  [INFO]  Logging to console and to file: logs\strategy_2026-09-25.log
2026-09-25 15:26:20,841  [INFO]  Found cached Groww access token for today. Verifying token...
2026-09-25 15:26:21,059  [INFO]  Cached Groww access token verified successfully. Skipping auth endpoint.
2026-09-25 15:26:22,723  [INFO]  Selected BankNifty monthly expiry: 2026-09-29
2026-09-25 15:26:22,828  [INFO]  Using BANKNIFTY futures symbol for candle data: BANKNIFTY26SEPFUT (groww_symbol=NSE-BANKNIFTY-29Sep26-FUT)
2026-09-25 15:26:22,828  [INFO]  Strategy started.  Underlying: BANKNIFTY  Monthly expiry: 2026-09-29  Supertrend(20, 1.8)  Exit threshold: ±111 pts  Entry window: 09:23–15:05  Force-close: 15:08
2026-09-25 15:26:22,829  [INFO]  [2026-09-25 15:26:22] SQUARE-OFF TIME — no open positions.
2026-09-25 15:26:22,829  [INFO]  Session ended. Exiting strategy.
2026-09-25 15:26:24,913  [INFO]  Logging to console and to file: logs\strategy_2026-09-25.log
2026-09-25 15:26:24,914  [INFO]  Found cached Groww access token for today. Verifying token...
2026-09-25 15:26:25,113  [INFO]  Cached Groww access token verified successfully. Skipping auth endpoint.
2026-09-25 15:26:26,968  [INFO]  Selected BankNifty monthly expiry: 2026-09-29
2026-09-25 15:26:27,109  [INFO]  Using BANKNIFTY futures symbol for candle data: BANKNIFTY26SEPFUT (groww_symbol=NSE-BANKNIFTY-29Sep26-FUT)
2026-09-25 15:26:27,109  [INFO]  Strategy started.  Underlying: BANKNIFTY  Monthly expiry: 2026-09-29  Supertrend(20, 1.8)  Exit threshold: ±111 pts  Entry window: 09:23–15:05  Force-close: 15:08
2026-09-25 15:26:27,109  [INFO]  [2026-09-25 15:26:27] SQUARE-OFF TIME — no open positions.
2026-09-25 15:26:27,109  [INFO]  Session ended. Exiting strategy.
2026-09-25 15:26:29,413  [INFO]  Logging to console and to file: logs\strategy_2026-09-25.log
2026-09-25 15:26:29,414  [INFO]  Found cached Groww access token for today. Verifying token...
2026-09-25 15:26:29,599  [INFO]  Cached Groww access token verified successfully. Skipping auth endpoint.
2026-09-25 15:26:31,210  [INFO]  Selected BankNifty monthly expiry: 2026-09-29
2026-09-25 15:26:31,316  [INFO]  Using BANKNIFTY futures symbol for candle data: BANKNIFTY26SEPFUT (groww_symbol=NSE-BANKNIFTY-29Sep26-FUT)
2026-09-25 15:26:31,317  [INFO]  Strategy started.  Underlying: BANKNIFTY  Monthly expiry: 2026-09-29  Supertrend(20, 1.8)  Exit threshold: ±111 pts  Entry window: 09:23–15:05  Force-close: 15:08
2026-09-25 15:26:31,317  [INFO]  [2026-09-25 15:26:31] SQUARE-OFF TIME — no open positions.
2026-09-25 15:26:31,317  [INFO]  Session ended. Exiting strategy.
2026-09-25 15:26:33,507  [INFO]  Logging to console and to file: logs\strategy_2026-09-25.log
2026-09-25 15:26:33,508  [INFO]  Found cached Groww access token for today. Verifying token...
2026-09-25 15:26:33,705  [INFO]  Cached Groww access token verified successfully. Skipping auth endpoint.
2026-09-25 15:26:35,422  [INFO]  Selected BankNifty monthly expiry: 2026-09-29
2026-09-25 15:26:35,518  [INFO]  Using BANKNIFTY futures symbol for candle data: BANKNIFTY26SEPFUT (groww_symbol=NSE-BANKNIFTY-29Sep26-FUT)
2026-09-25 15:26:35,518  [INFO]  Strategy started.  Underlying: BANKNIFTY  Monthly expiry: 2026-09-29  Supertrend(20, 1.8)  Exit threshold: ±111 pts  Entry window: 09:23–15:05  Force-close: 15:08
2026-09-25 15:26:35,518  [INFO]  [2026-09-25 15:26:35] SQUARE-OFF TIME — no open positions.
2026-09-25 15:26:35,519  [INFO]  Session ended. Exiting strategy.
2026-09-25 15:26:37,747  [INFO]  Logging to console and to file: logs\strategy_2026-09-25.log
2026-09-25 15:26:37,748  [INFO]  Found cached Groww access token for today. Verifying token...
2026-09-25 15:26:37,953  [INFO]  Cached Groww access token verified successfully. Skipping auth endpoint.
2026-09-25 15:26:39,614  [INFO]  Selected BankNifty monthly expiry: 2026-09-29
2026-09-25 15:26:39,709  [INFO]  Using BANKNIFTY futures symbol for candle data: BANKNIFTY26SEPFUT (groww_symbol=NSE-BANKNIFTY-29Sep26-FUT)
2026-09-25 15:26:39,710  [INFO]  Strategy started.  Underlying: BANKNIFTY  Monthly expiry: 2026-09-29  Supertrend(20, 1.8)  Exit threshold: ±111 pts  Entry window: 09:23–15:05  Force-close: 15:08
2026-09-25 15:26:39,710  [INFO]  [2026-09-25 15:26:39] SQUARE-OFF TIME — no open positions.
2026-09-25 15:26:39,710  [INFO]  Session ended. Exiting strategy.
2026-09-25 15:26:41,827  [INFO]  Logging to console and to file: logs\strategy_2026-09-25.log
2026-09-25 15:26:41,828  [INFO]  Found cached Groww access token for today. Verifying token...
2026-09-25 15:26:42,029  [INFO]  Cached Groww access token verified successfully. Skipping auth endpoint.
2026-09-25 15:26:43,750  [INFO]  Selected BankNifty monthly expiry: 2026-09-29
2026-09-25 15:26:43,847  [INFO]  Using BANKNIFTY futures symbol for candle data: BANKNIFTY26SEPFUT (groww_symbol=NSE-BANKNIFTY-29Sep26-FUT)
2026-09-25 15:26:43,848  [INFO]  Strategy started.  Underlying: BANKNIFTY  Monthly expiry: 2026-09-29  Supertrend(20, 1.8)  Exit threshold: ±111 pts  Entry window: 09:23–15:05  Force-close: 15:08
2026-09-25 15:26:43,848  [INFO]  [2026-09-25 15:26:43] SQUARE-OFF TIME — no open positions.
2026-09-25 15:26:43,848  [INFO]  Session ended. Exiting strategy.
2026-09-25 15:26:46,048  [INFO]  Logging to console and to file: logs\strategy_2026-09-25.log
2026-09-25 15:26:46,049  [INFO]  Found cached Groww access token for today. Verifying token...
2026-09-25 15:26:46,262  [INFO]  Cached Groww access token verified successfully. Skipping auth endpoint.
2026-09-25 15:26:47,965  [INFO]  Selected BankNifty monthly expiry: 2026-09-29
2026-09-25 15:26:48,063  [INFO]  Using BANKNIFTY futures symbol for candle data: BANKNIFTY26SEPFUT (groww_symbol=NSE-BANKNIFTY-29Sep26-FUT)
2026-09-25 15:26:48,064  [INFO]  Strategy started.  Underlying: BANKNIFTY  Monthly expiry: 2026-09-29  Supertrend(20, 1.8)  Exit threshold: ±111 pts  Entry window: 09:23–15:05  Force-close: 15:08
2026-09-25 15:26:48,064  [INFO]  [2026-09-25 15:26:48] SQUARE-OFF TIME — no open positions.
2026-09-25 15:26:48,064  [INFO]  Session ended. Exiting strategy.
2026-09-25 15:26:50,311  [INFO]  Logging to console and to file: logs\strategy_2026-09-25.log
2026-09-25 15:26:50,312  [INFO]  Found cached Groww access token for today. Verifying token...
2026-09-25 15:26:50,520  [INFO]  Cached Groww access token verified successfully. Skipping auth endpoint.
2026-09-25 15:26:52,127  [INFO]  Selected BankNifty monthly expiry: 2026-09-29
2026-09-25 15:26:52,227  [INFO]  Using BANKNIFTY futures symbol for candle data: BANKNIFTY26SEPFUT (groww_symbol=NSE-BANKNIFTY-29Sep26-FUT)
2026-09-25 15:26:52,227  [INFO]  Strategy started.  Underlying: BANKNIFTY  Monthly expiry: 2026-09-29  Supertrend(20, 1.8)  Exit threshold: ±111 pts  Entry window: 09:23–15:05  Force-close: 15:08
2026-09-25 15:26:52,227  [INFO]  [2026-09-25 15:26:52] SQUARE-OFF TIME — no open positions.
2026-09-25 15:26:52,227  [INFO]  Session ended. Exiting strategy.
2026-09-25 15:26:54,427  [INFO]  Logging to console and to file: logs\strategy_2026-09-25.log
2026-09-25 15:26:54,428  [INFO]  Found cached Groww access token for today. Verifying token...
2026-09-25 15:26:54,665  [INFO]  Cached Groww access token verified successfully. Skipping auth endpoint.
2026-09-25 15:26:56,351  [INFO]  Selected BankNifty monthly expiry: 2026-09-29
2026-09-25 15:26:56,463  [INFO]  Using BANKNIFTY futures symbol for candle data: BANKNIFTY26SEPFUT (groww_symbol=NSE-BANKNIFTY-29Sep26-FUT)
2026-09-25 15:26:56,463  [INFO]  Strategy started.  Underlying: BANKNIFTY  Monthly expiry: 2026-09-29  Supertrend(20, 1.8)  Exit threshold: ±111 pts  Entry window: 09:23–15:05  Force-close: 15:08
2026-09-25 15:26:56,463  [INFO]  [2026-09-25 15:26:56] SQUARE-OFF TIME — no open positions.
2026-09-25 15:26:56,463  [INFO]  Session ended. Exiting strategy.
2026-09-25 15:26:58,651  [INFO]  Logging to console and to file: logs\strategy_2026-09-25.log
2026-09-25 15:26:58,652  [INFO]  Found cached Groww access token for today. Verifying token...
2026-09-25 15:26:58,842  [INFO]  Cached Groww access token verified successfully. Skipping auth endpoint.
2026-09-25 15:27:00,464  [INFO]  Selected BankNifty monthly expiry: 2026-09-29
2026-09-25 15:27:00,561  [INFO]  Using BANKNIFTY futures symbol for candle data: BANKNIFTY26SEPFUT (groww_symbol=NSE-BANKNIFTY-29Sep26-FUT)
2026-09-25 15:27:00,561  [INFO]  Strategy started.  Underlying: BANKNIFTY  Monthly expiry: 2026-09-29  Supertrend(20, 1.8)  Exit threshold: ±111 pts  Entry window: 09:23–15:05  Force-close: 15:08
2026-09-25 15:27:00,562  [INFO]  [2026-09-25 15:27:00] SQUARE-OFF TIME — no open positions.
2026-09-25 15:27:00,562  [INFO]  Session ended. Exiting strategy.
2026-09-25 15:27:02,603  [INFO]  Logging to console and to file: logs\strategy_2026-09-25.log
2026-09-25 15:27:02,604  [INFO]  Found cached Groww access token for today. Verifying token...
2026-09-25 15:27:02,794  [INFO]  Cached Groww access token verified successfully. Skipping auth endpoint.
2026-09-25 15:27:04,424  [INFO]  Selected BankNifty monthly expiry: 2026-09-29
2026-09-25 15:27:04,516  [INFO]  Using BANKNIFTY futures symbol for candle data: BANKNIFTY26SEPFUT (groww_symbol=NSE-BANKNIFTY-29Sep26-FUT)
2026-09-25 15:27:04,516  [INFO]  Strategy started.  Underlying: BANKNIFTY  Monthly expiry: 2026-09-29  Supertrend(20, 1.8)  Exit threshold: ±111 pts  Entry window: 09:23–15:05  Force-close: 15:08
2026-09-25 15:27:04,516  [INFO]  [2026-09-25 15:27:04] SQUARE-OFF TIME — no open positions.
2026-09-25 15:27:04,516  [INFO]  Session ended. Exiting strategy.
2026-09-25 15:27:06,572  [INFO]  Logging to console and to file: logs\strategy_2026-09-25.log
2026-09-25 15:27:06,573  [INFO]  Found cached Groww access token for today. Verifying token...
2026-09-25 15:27:06,807  [INFO]  Cached Groww access token verified successfully. Skipping auth endpoint.
2026-09-25 15:27:08,422  [INFO]  Selected BankNifty monthly expiry: 2026-09-29
2026-09-25 15:27:08,520  [INFO]  Using BANKNIFTY futures symbol for candle data: BANKNIFTY26SEPFUT (groww_symbol=NSE-BANKNIFTY-29Sep26-FUT)
2026-09-25 15:27:08,521  [INFO]  Strategy started.  Underlying: BANKNIFTY  Monthly expiry: 2026-09-29  Supertrend(20, 1.8)  Exit threshold: ±111 pts  Entry window: 09:23–15:05  Force-close: 15:08
2026-09-25 15:27:08,521  [INFO]  [2026-09-25 15:27:08] SQUARE-OFF TIME — no open positions.
2026-09-25 15:27:08,521  [INFO]  Session ended. Exiting strategy.
2026-09-25 15:27:10,625  [INFO]  Logging to console and to file: logs\strategy_2026-09-25.log
2026-09-25 15:27:10,626  [INFO]  Found cached Groww access token for today. Verifying token...
2026-09-25 15:27:10,844  [INFO]  Cached Groww access token verified successfully. Skipping auth endpoint.
2026-09-25 15:27:12,437  [INFO]  Selected BankNifty monthly expiry: 2026-09-29
2026-09-25 15:27:12,554  [INFO]  Using BANKNIFTY futures symbol for candle data: BANKNIFTY26SEPFUT (groww_symbol=NSE-BANKNIFTY-29Sep26-FUT)
2026-09-25 15:27:12,554  [INFO]  Strategy started.  Underlying: BANKNIFTY  Monthly expiry: 2026-09-29  Supertrend(20, 1.8)  Exit threshold: ±111 pts  Entry window: 09:23–15:05  Force-close: 15:08
2026-09-25 15:27:12,554  [INFO]  [2026-09-25 15:27:12] SQUARE-OFF TIME — no open positions.
2026-09-25 15:27:12,554  [INFO]  Session ended. Exiting strategy.
2026-09-25 15:27:14,662  [INFO]  Logging to console and to file: logs\strategy_2026-09-25.log
2026-09-25 15:27:14,664  [INFO]  Found cached Groww access token for today. Verifying token...
2026-09-25 15:27:14,874  [INFO]  Cached Groww access token verified successfully. Skipping auth endpoint.
2026-09-25 15:27:16,505  [INFO]  Selected BankNifty monthly expiry: 2026-09-29
2026-09-25 15:27:16,600  [INFO]  Using BANKNIFTY futures symbol for candle data: BANKNIFTY26SEPFUT (groww_symbol=NSE-BANKNIFTY-29Sep26-FUT)
2026-09-25 15:27:16,600  [INFO]  Strategy started.  Underlying: BANKNIFTY  Monthly expiry: 2026-09-29  Supertrend(20, 1.8)  Exit threshold: ±111 pts  Entry window: 09:23–15:05  Force-close: 15:08
2026-09-25 15:27:16,600  [INFO]  [2026-09-25 15:27:16] SQUARE-OFF TIME — no open positions.
2026-09-25 15:27:16,600  [INFO]  Session ended. Exiting strategy.
2026-09-25 15:27:18,601  [INFO]  Logging to console and to file: logs\strategy_2026-09-25.log
2026-09-25 15:27:18,602  [INFO]  Found cached Groww access token for today. Verifying token...
2026-09-25 15:27:18,808  [INFO]  Cached Groww access token verified successfully. Skipping auth endpoint.
2026-09-25 15:27:20,351  [INFO]  Selected BankNifty monthly expiry: 2026-09-29
2026-09-25 15:27:20,459  [INFO]  Using BANKNIFTY futures symbol for candle data: BANKNIFTY26SEPFUT (groww_symbol=NSE-BANKNIFTY-29Sep26-FUT)
2026-09-25 15:27:20,459  [INFO]  Strategy started.  Underlying: BANKNIFTY  Monthly expiry: 2026-09-29  Supertrend(20, 1.8)  Exit threshold: ±111 pts  Entry window: 09:23–15:05  Force-close: 15:08
2026-09-25 15:27:20,459  [INFO]  [2026-09-25 15:27:20] SQUARE-OFF TIME — no open positions.
2026-09-25 15:27:20,459  [INFO]  Session ended. Exiting strategy.
2026-09-25 15:27:22,483  [INFO]  Logging to console and to file: logs\strategy_2026-09-25.log
2026-09-25 15:27:22,484  [INFO]  Found cached Groww access token for today. Verifying token...
2026-09-25 15:27:22,693  [INFO]  Cached Groww access token verified successfully. Skipping auth endpoint.
2026-09-25 15:27:24,350  [INFO]  Selected BankNifty monthly expiry: 2026-09-29
2026-09-25 15:27:24,449  [INFO]  Using BANKNIFTY futures symbol for candle data: BANKNIFTY26SEPFUT (groww_symbol=NSE-BANKNIFTY-29Sep26-FUT)
2026-09-25 15:27:24,449  [INFO]  Strategy started.  Underlying: BANKNIFTY  Monthly expiry: 2026-09-29  Supertrend(20, 1.8)  Exit threshold: ±111 pts  Entry window: 09:23–15:05  Force-close: 15:08
2026-09-25 15:27:24,449  [INFO]  [2026-09-25 15:27:24] SQUARE-OFF TIME — no open positions.
2026-09-25 15:27:24,449  [INFO]  Session ended. Exiting strategy.
2026-09-25 15:27:26,560  [INFO]  Logging to console and to file: logs\strategy_2026-09-25.log
2026-09-25 15:27:26,561  [INFO]  Found cached Groww access token for today. Verifying token...
2026-09-25 15:27:26,774  [INFO]  Cached Groww access token verified successfully. Skipping auth endpoint.
2026-09-25 15:27:28,561  [INFO]  Selected BankNifty monthly expiry: 2026-09-29
2026-09-25 15:27:28,663  [INFO]  Using BANKNIFTY futures symbol for candle data: BANKNIFTY26SEPFUT (groww_symbol=NSE-BANKNIFTY-29Sep26-FUT)
2026-09-25 15:27:28,664  [INFO]  Strategy started.  Underlying: BANKNIFTY  Monthly expiry: 2026-09-29  Supertrend(20, 1.8)  Exit threshold: ±111 pts  Entry window: 09:23–15:05  Force-close: 15:08
2026-09-25 15:27:28,664  [INFO]  [2026-09-25 15:27:28] SQUARE-OFF TIME — no open positions.
2026-09-25 15:27:28,664  [INFO]  Session ended. Exiting strategy.
2026-09-25 15:27:30,839  [INFO]  Logging to console and to file: logs\strategy_2026-09-25.log
2026-09-25 15:27:30,840  [INFO]  Found cached Groww access token for today. Verifying token...
2026-09-25 15:27:31,036  [INFO]  Cached Groww access token verified successfully. Skipping auth endpoint.
2026-09-25 15:27:32,740  [INFO]  Selected BankNifty monthly expiry: 2026-09-29
2026-09-25 15:27:32,836  [INFO]  Using BANKNIFTY futures symbol for candle data: BANKNIFTY26SEPFUT (groww_symbol=NSE-BANKNIFTY-29Sep26-FUT)
2026-09-25 15:27:32,837  [INFO]  Strategy started.  Underlying: BANKNIFTY  Monthly expiry: 2026-09-29  Supertrend(20, 1.8)  Exit threshold: ±111 pts  Entry window: 09:23–15:05  Force-close: 15:08
2026-09-25 15:27:32,837  [INFO]  [2026-09-25 15:27:32] SQUARE-OFF TIME — no open positions.
2026-09-25 15:27:32,837  [INFO]  Session ended. Exiting strategy.
2026-09-25 15:27:34,945  [INFO]  Logging to console and to file: logs\strategy_2026-09-25.log
2026-09-25 15:27:34,946  [INFO]  Found cached Groww access token for today. Verifying token...
2026-09-25 15:27:35,137  [INFO]  Cached Groww access token verified successfully. Skipping auth endpoint.
2026-09-25 15:27:36,650  [INFO]  Selected BankNifty monthly expiry: 2026-09-29
2026-09-25 15:27:36,754  [INFO]  Using BANKNIFTY futures symbol for candle data: BANKNIFTY26SEPFUT (groww_symbol=NSE-BANKNIFTY-29Sep26-FUT)
2026-09-25 15:27:36,754  [INFO]  Strategy started.  Underlying: BANKNIFTY  Monthly expiry: 2026-09-29  Supertrend(20, 1.8)  Exit threshold: ±111 pts  Entry window: 09:23–15:05  Force-close: 15:08
2026-09-25 15:27:36,754  [INFO]  [2026-09-25 15:27:36] SQUARE-OFF TIME — no open positions.
2026-09-25 15:27:36,754  [INFO]  Session ended. Exiting strategy.
2026-09-25 15:27:38,898  [INFO]  Logging to console and to file: logs\strategy_2026-09-25.log
2026-09-25 15:27:38,899  [INFO]  Found cached Groww access token for today. Verifying token...
2026-09-25 15:27:39,104  [INFO]  Cached Groww access token verified successfully. Skipping auth endpoint.
2026-09-25 15:27:40,873  [INFO]  Selected BankNifty monthly expiry: 2026-09-29
2026-09-25 15:27:40,977  [INFO]  Using BANKNIFTY futures symbol for candle data: BANKNIFTY26SEPFUT (groww_symbol=NSE-BANKNIFTY-29Sep26-FUT)
2026-09-25 15:27:40,977  [INFO]  Strategy started.  Underlying: BANKNIFTY  Monthly expiry: 2026-09-29  Supertrend(20, 1.8)  Exit threshold: ±111 pts  Entry window: 09:23–15:05  Force-close: 15:08
2026-09-25 15:27:40,977  [INFO]  [2026-09-25 15:27:40] SQUARE-OFF TIME — no open positions.
2026-09-25 15:27:40,977  [INFO]  Session ended. Exiting strategy.
2026-09-25 15:27:43,303  [INFO]  Logging to console and to file: logs\strategy_2026-09-25.log
2026-09-25 15:27:43,304  [INFO]  Found cached Groww access token for today. Verifying token...
2026-09-25 15:27:43,486  [INFO]  Cached Groww access token verified successfully. Skipping auth endpoint.
2026-09-25 15:27:45,187  [INFO]  Selected BankNifty monthly expiry: 2026-09-29
2026-09-25 15:27:45,288  [INFO]  Using BANKNIFTY futures symbol for candle data: BANKNIFTY26SEPFUT (groww_symbol=NSE-BANKNIFTY-29Sep26-FUT)
2026-09-25 15:27:45,288  [INFO]  Strategy started.  Underlying: BANKNIFTY  Monthly expiry: 2026-09-29  Supertrend(20, 1.8)  Exit threshold: ±111 pts  Entry window: 09:23–15:05  Force-close: 15:08
2026-09-25 15:27:45,288  [INFO]  [2026-09-25 15:27:45] SQUARE-OFF TIME — no open positions.
2026-09-25 15:27:45,288  [INFO]  Session ended. Exiting strategy.
2026-09-25 15:27:47,434  [INFO]  Logging to console and to file: logs\strategy_2026-09-25.log
2026-09-25 15:27:47,435  [INFO]  Found cached Groww access token for today. Verifying token...
2026-09-25 15:27:47,640  [INFO]  Cached Groww access token verified successfully. Skipping auth endpoint.
2026-09-25 15:27:49,363  [INFO]  Selected BankNifty monthly expiry: 2026-09-29
2026-09-25 15:27:49,476  [INFO]  Using BANKNIFTY futures symbol for candle data: BANKNIFTY26SEPFUT (groww_symbol=NSE-BANKNIFTY-29Sep26-FUT)
2026-09-25 15:27:49,476  [INFO]  Strategy started.  Underlying: BANKNIFTY  Monthly expiry: 2026-09-29  Supertrend(20, 1.8)  Exit threshold: ±111 pts  Entry window: 09:23–15:05  Force-close: 15:08
2026-09-25 15:27:49,476  [INFO]  [2026-09-25 15:27:49] SQUARE-OFF TIME — no open positions.
2026-09-25 15:27:49,476  [INFO]  Session ended. Exiting strategy.
2026-09-25 15:27:51,678  [INFO]  Logging to console and to file: logs\strategy_2026-09-25.log
2026-09-25 15:27:51,679  [INFO]  Found cached Groww access token for today. Verifying token...
2026-09-25 15:27:51,875  [INFO]  Cached Groww access token verified successfully. Skipping auth endpoint.
2026-09-25 15:27:53,530  [INFO]  Selected BankNifty monthly expiry: 2026-09-29
2026-09-25 15:27:53,639  [INFO]  Using BANKNIFTY futures symbol for candle data: BANKNIFTY26SEPFUT (groww_symbol=NSE-BANKNIFTY-29Sep26-FUT)
2026-09-25 15:27:53,639  [INFO]  Strategy started.  Underlying: BANKNIFTY  Monthly expiry: 2026-09-29  Supertrend(20, 1.8)  Exit threshold: ±111 pts  Entry window: 09:23–15:05  Force-close: 15:08
2026-09-25 15:27:53,639  [INFO]  [2026-09-25 15:27:53] SQUARE-OFF TIME — no open positions.
2026-09-25 15:27:53,639  [INFO]  Session ended. Exiting strategy.
2026-09-25 15:27:55,880  [INFO]  Logging to console and to file: logs\strategy_2026-09-25.log
2026-09-25 15:27:55,880  [INFO]  Found cached Groww access token for today. Verifying token...
2026-09-25 15:27:56,084  [INFO]  Cached Groww access token verified successfully. Skipping auth endpoint.
2026-09-25 15:27:57,791  [INFO]  Selected BankNifty monthly expiry: 2026-09-29
2026-09-25 15:27:57,890  [INFO]  Using BANKNIFTY futures symbol for candle data: BANKNIFTY26SEPFUT (groww_symbol=NSE-BANKNIFTY-29Sep26-FUT)
2026-09-25 15:27:57,890  [INFO]  Strategy started.  Underlying: BANKNIFTY  Monthly expiry: 2026-09-29  Supertrend(20, 1.8)  Exit threshold: ±111 pts  Entry window: 09:23–15:05  Force-close: 15:08
2026-09-25 15:27:57,890  [INFO]  [2026-09-25 15:27:57] SQUARE-OFF TIME — no open positions.
2026-09-25 15:27:57,890  [INFO]  Session ended. Exiting strategy.
2026-09-25 15:28:00,057  [INFO]  Logging to console and to file: logs\strategy_2026-09-25.log
2026-09-25 15:28:00,058  [INFO]  Found cached Groww access token for today. Verifying token...
2026-09-25 15:28:00,264  [INFO]  Cached Groww access token verified successfully. Skipping auth endpoint.
2026-09-25 15:28:01,944  [INFO]  Selected BankNifty monthly expiry: 2026-09-29
2026-09-25 15:28:02,042  [INFO]  Using BANKNIFTY futures symbol for candle data: BANKNIFTY26SEPFUT (groww_symbol=NSE-BANKNIFTY-29Sep26-FUT)
2026-09-25 15:28:02,042  [INFO]  Strategy started.  Underlying: BANKNIFTY  Monthly expiry: 2026-09-29  Supertrend(20, 1.8)  Exit threshold: ±111 pts  Entry window: 09:23–15:05  Force-close: 15:08
2026-09-25 15:28:02,042  [INFO]  [2026-09-25 15:28:02] SQUARE-OFF TIME — no open positions.
2026-09-25 15:28:02,042  [INFO]  Session ended. Exiting strategy.
2026-09-25 15:28:04,255  [INFO]  Logging to console and to file: logs\strategy_2026-09-25.log
2026-09-25 15:28:04,256  [INFO]  Found cached Groww access token for today. Verifying token...
2026-09-25 15:28:04,466  [INFO]  Cached Groww access token verified successfully. Skipping auth endpoint.
2026-09-25 15:28:06,389  [INFO]  Selected BankNifty monthly expiry: 2026-09-29
2026-09-25 15:28:06,494  [INFO]  Using BANKNIFTY futures symbol for candle data: BANKNIFTY26SEPFUT (groww_symbol=NSE-BANKNIFTY-29Sep26-FUT)
2026-09-25 15:28:06,494  [INFO]  Strategy started.  Underlying: BANKNIFTY  Monthly expiry: 2026-09-29  Supertrend(20, 1.8)  Exit threshold: ±111 pts  Entry window: 09:23–15:05  Force-close: 15:08
2026-09-25 15:28:06,494  [INFO]  [2026-09-25 15:28:06] SQUARE-OFF TIME — no open positions.
2026-09-25 15:28:06,494  [INFO]  Session ended. Exiting strategy.
2026-09-25 15:28:08,751  [INFO]  Logging to console and to file: logs\strategy_2026-09-25.log
2026-09-25 15:28:08,752  [INFO]  Found cached Groww access token for today. Verifying token...
2026-09-25 15:28:09,000  [INFO]  Cached Groww access token verified successfully. Skipping auth endpoint.
2026-09-25 15:28:10,643  [INFO]  Selected BankNifty monthly expiry: 2026-09-29
2026-09-25 15:28:10,769  [INFO]  Using BANKNIFTY futures symbol for candle data: BANKNIFTY26SEPFUT (groww_symbol=NSE-BANKNIFTY-29Sep26-FUT)
2026-09-25 15:28:10,770  [INFO]  Strategy started.  Underlying: BANKNIFTY  Monthly expiry: 2026-09-29  Supertrend(20, 1.8)  Exit threshold: ±111 pts  Entry window: 09:23–15:05  Force-close: 15:08
2026-09-25 15:28:10,770  [INFO]  [2026-09-25 15:28:10] SQUARE-OFF TIME — no open positions.
2026-09-25 15:28:10,770  [INFO]  Session ended. Exiting strategy.
2026-09-25 15:28:13,012  [INFO]  Logging to console and to file: logs\strategy_2026-09-25.log
2026-09-25 15:28:13,013  [INFO]  Found cached Groww access token for today. Verifying token...
2026-09-25 15:28:13,215  [INFO]  Cached Groww access token verified successfully. Skipping auth endpoint.
2026-09-25 15:28:14,929  [INFO]  Selected BankNifty monthly expiry: 2026-09-29
2026-09-25 15:28:15,041  [INFO]  Using BANKNIFTY futures symbol for candle data: BANKNIFTY26SEPFUT (groww_symbol=NSE-BANKNIFTY-29Sep26-FUT)
2026-09-25 15:28:15,041  [INFO]  Strategy started.  Underlying: BANKNIFTY  Monthly expiry: 2026-09-29  Supertrend(20, 1.8)  Exit threshold: ±111 pts  Entry window: 09:23–15:05  Force-close: 15:08
2026-09-25 15:28:15,041  [INFO]  [2026-09-25 15:28:15] SQUARE-OFF TIME — no open positions.
2026-09-25 15:28:15,041  [INFO]  Session ended. Exiting strategy.
2026-09-25 15:28:17,274  [INFO]  Logging to console and to file: logs\strategy_2026-09-25.log
2026-09-25 15:28:17,275  [INFO]  Found cached Groww access token for today. Verifying token...
2026-09-25 15:28:17,489  [INFO]  Cached Groww access token verified successfully. Skipping auth endpoint.
2026-09-25 15:28:19,273  [INFO]  Selected BankNifty monthly expiry: 2026-09-29
2026-09-25 15:28:19,370  [INFO]  Using BANKNIFTY futures symbol for candle data: BANKNIFTY26SEPFUT (groww_symbol=NSE-BANKNIFTY-29Sep26-FUT)
2026-09-25 15:28:19,370  [INFO]  Strategy started.  Underlying: BANKNIFTY  Monthly expiry: 2026-09-29  Supertrend(20, 1.8)  Exit threshold: ±111 pts  Entry window: 09:23–15:05  Force-close: 15:08
2026-09-25 15:28:19,370  [INFO]  [2026-09-25 15:28:19] SQUARE-OFF TIME — no open positions.
2026-09-25 15:28:19,370  [INFO]  Session ended. Exiting strategy.
2026-09-25 15:28:21,767  [INFO]  Logging to console and to file: logs\strategy_2026-09-25.log
2026-09-25 15:28:21,768  [INFO]  Found cached Groww access token for today. Verifying token...
2026-09-25 15:28:21,969  [INFO]  Cached Groww access token verified successfully. Skipping auth endpoint.
2026-09-25 15:28:23,744  [INFO]  Selected BankNifty monthly expiry: 2026-09-29
2026-09-25 15:28:23,847  [INFO]  Using BANKNIFTY futures symbol for candle data: BANKNIFTY26SEPFUT (groww_symbol=NSE-BANKNIFTY-29Sep26-FUT)
2026-09-25 15:28:23,848  [INFO]  Strategy started.  Underlying: BANKNIFTY  Monthly expiry: 2026-09-29  Supertrend(20, 1.8)  Exit threshold: ±111 pts  Entry window: 09:23–15:05  Force-close: 15:08
2026-09-25 15:28:23,848  [INFO]  [2026-09-25 15:28:23] SQUARE-OFF TIME — no open positions.
2026-09-25 15:28:23,848  [INFO]  Session ended. Exiting strategy.
2026-09-25 15:28:26,024  [INFO]  Logging to console and to file: logs\strategy_2026-09-25.log
2026-09-25 15:28:26,025  [INFO]  Found cached Groww access token for today. Verifying token...
2026-09-25 15:28:26,304  [INFO]  Cached Groww access token verified successfully. Skipping auth endpoint.
2026-09-25 15:28:27,902  [INFO]  Selected BankNifty monthly expiry: 2026-09-29
2026-09-25 15:28:27,998  [INFO]  Using BANKNIFTY futures symbol for candle data: BANKNIFTY26SEPFUT (groww_symbol=NSE-BANKNIFTY-29Sep26-FUT)
2026-09-25 15:28:27,998  [INFO]  Strategy started.  Underlying: BANKNIFTY  Monthly expiry: 2026-09-29  Supertrend(20, 1.8)  Exit threshold: ±111 pts  Entry window: 09:23–15:05  Force-close: 15:08
2026-09-25 15:28:27,999  [INFO]  [2026-09-25 15:28:27] SQUARE-OFF TIME — no open positions.
2026-09-25 15:28:27,999  [INFO]  Session ended. Exiting strategy.
2026-09-25 15:28:30,147  [INFO]  Logging to console and to file: logs\strategy_2026-09-25.log
2026-09-25 15:28:30,147  [INFO]  Found cached Groww access token for today. Verifying token...
2026-09-25 15:28:30,358  [INFO]  Cached Groww access token verified successfully. Skipping auth endpoint.
2026-09-25 15:28:31,945  [INFO]  Selected BankNifty monthly expiry: 2026-09-29
2026-09-25 15:28:32,042  [INFO]  Using BANKNIFTY futures symbol for candle data: BANKNIFTY26SEPFUT (groww_symbol=NSE-BANKNIFTY-29Sep26-FUT)
2026-09-25 15:28:32,043  [INFO]  Strategy started.  Underlying: BANKNIFTY  Monthly expiry: 2026-09-29  Supertrend(20, 1.8)  Exit threshold: ±111 pts  Entry window: 09:23–15:05  Force-close: 15:08
2026-09-25 15:28:32,043  [INFO]  [2026-09-25 15:28:32] SQUARE-OFF TIME — no open positions.
2026-09-25 15:28:32,043  [INFO]  Session ended. Exiting strategy.
2026-09-25 15:28:34,139  [INFO]  Logging to console and to file: logs\strategy_2026-09-25.log
2026-09-25 15:28:34,140  [INFO]  Found cached Groww access token for today. Verifying token...
2026-09-25 15:28:34,345  [INFO]  Cached Groww access token verified successfully. Skipping auth endpoint.
2026-09-25 15:28:35,973  [INFO]  Selected BankNifty monthly expiry: 2026-09-29
2026-09-25 15:28:36,070  [INFO]  Using BANKNIFTY futures symbol for candle data: BANKNIFTY26SEPFUT (groww_symbol=NSE-BANKNIFTY-29Sep26-FUT)
2026-09-25 15:28:36,070  [INFO]  Strategy started.  Underlying: BANKNIFTY  Monthly expiry: 2026-09-29  Supertrend(20, 1.8)  Exit threshold: ±111 pts  Entry window: 09:23–15:05  Force-close: 15:08
2026-09-25 15:28:36,070  [INFO]  [2026-09-25 15:28:36] SQUARE-OFF TIME — no open positions.
2026-09-25 15:28:36,071  [INFO]  Session ended. Exiting strategy.
2026-09-25 15:28:38,300  [INFO]  Logging to console and to file: logs\strategy_2026-09-25.log
2026-09-25 15:28:38,301  [INFO]  Found cached Groww access token for today. Verifying token...
2026-09-25 15:28:38,513  [INFO]  Cached Groww access token verified successfully. Skipping auth endpoint.
2026-09-25 15:28:40,078  [INFO]  Selected BankNifty monthly expiry: 2026-09-29
2026-09-25 15:28:40,174  [INFO]  Using BANKNIFTY futures symbol for candle data: BANKNIFTY26SEPFUT (groww_symbol=NSE-BANKNIFTY-29Sep26-FUT)
2026-09-25 15:28:40,174  [INFO]  Strategy started.  Underlying: BANKNIFTY  Monthly expiry: 2026-09-29  Supertrend(20, 1.8)  Exit threshold: ±111 pts  Entry window: 09:23–15:05  Force-close: 15:08
2026-09-25 15:28:40,174  [INFO]  [2026-09-25 15:28:40] SQUARE-OFF TIME — no open positions.
2026-09-25 15:28:40,174  [INFO]  Session ended. Exiting strategy.
2026-09-25 15:28:42,416  [INFO]  Logging to console and to file: logs\strategy_2026-09-25.log
2026-09-25 15:28:42,417  [INFO]  Found cached Groww access token for today. Verifying token...
2026-09-25 15:28:42,630  [INFO]  Cached Groww access token verified successfully. Skipping auth endpoint.
2026-09-25 15:28:44,311  [INFO]  Selected BankNifty monthly expiry: 2026-09-29
2026-09-25 15:28:44,415  [INFO]  Using BANKNIFTY futures symbol for candle data: BANKNIFTY26SEPFUT (groww_symbol=NSE-BANKNIFTY-29Sep26-FUT)
2026-09-25 15:28:44,416  [INFO]  Strategy started.  Underlying: BANKNIFTY  Monthly expiry: 2026-09-29  Supertrend(20, 1.8)  Exit threshold: ±111 pts  Entry window: 09:23–15:05  Force-close: 15:08
2026-09-25 15:28:44,416  [INFO]  [2026-09-25 15:28:44] SQUARE-OFF TIME — no open positions.
2026-09-25 15:28:44,416  [INFO]  Session ended. Exiting strategy.
2026-09-25 15:28:46,552  [INFO]  Logging to console and to file: logs\strategy_2026-09-25.log
2026-09-25 15:28:46,553  [INFO]  Found cached Groww access token for today. Verifying token...
2026-09-25 15:28:46,766  [INFO]  Cached Groww access token verified successfully. Skipping auth endpoint.
2026-09-25 15:28:48,470  [INFO]  Selected BankNifty monthly expiry: 2026-09-29
2026-09-25 15:28:48,573  [INFO]  Using BANKNIFTY futures symbol for candle data: BANKNIFTY26SEPFUT (groww_symbol=NSE-BANKNIFTY-29Sep26-FUT)
2026-09-25 15:28:48,573  [INFO]  Strategy started.  Underlying: BANKNIFTY  Monthly expiry: 2026-09-29  Supertrend(20, 1.8)  Exit threshold: ±111 pts  Entry window: 09:23–15:05  Force-close: 15:08
2026-09-25 15:28:48,573  [INFO]  [2026-09-25 15:28:48] SQUARE-OFF TIME — no open positions.
2026-09-25 15:28:48,573  [INFO]  Session ended. Exiting strategy.
2026-09-25 15:28:50,688  [INFO]  Logging to console and to file: logs\strategy_2026-09-25.log
2026-09-25 15:28:50,688  [INFO]  Found cached Groww access token for today. Verifying token...
2026-09-25 15:28:50,893  [INFO]  Cached Groww access token verified successfully. Skipping auth endpoint.
2026-09-25 15:28:52,558  [INFO]  Selected BankNifty monthly expiry: 2026-09-29
2026-09-25 15:28:52,654  [INFO]  Using BANKNIFTY futures symbol for candle data: BANKNIFTY26SEPFUT (groww_symbol=NSE-BANKNIFTY-29Sep26-FUT)
2026-09-25 15:28:52,655  [INFO]  Strategy started.  Underlying: BANKNIFTY  Monthly expiry: 2026-09-29  Supertrend(20, 1.8)  Exit threshold: ±111 pts  Entry window: 09:23–15:05  Force-close: 15:08
2026-09-25 15:28:52,655  [INFO]  [2026-09-25 15:28:52] SQUARE-OFF TIME — no open positions.
2026-09-25 15:28:52,655  [INFO]  Session ended. Exiting strategy.
2026-09-25 15:28:54,729  [INFO]  Logging to console and to file: logs\strategy_2026-09-25.log
2026-09-25 15:28:54,730  [INFO]  Found cached Groww access token for today. Verifying token...
2026-09-25 15:28:54,931  [INFO]  Cached Groww access token verified successfully. Skipping auth endpoint.
2026-09-25 15:28:57,184  [INFO]  Selected BankNifty monthly expiry: 2026-09-29
2026-09-25 15:28:57,328  [INFO]  Using BANKNIFTY futures symbol for candle data: BANKNIFTY26SEPFUT (groww_symbol=NSE-BANKNIFTY-29Sep26-FUT)
2026-09-25 15:28:57,328  [INFO]  Strategy started.  Underlying: BANKNIFTY  Monthly expiry: 2026-09-29  Supertrend(20, 1.8)  Exit threshold: ±111 pts  Entry window: 09:23–15:05  Force-close: 15:08
2026-09-25 15:28:57,328  [INFO]  [2026-09-25 15:28:57] SQUARE-OFF TIME — no open positions.
2026-09-25 15:28:57,329  [INFO]  Session ended. Exiting strategy.
2026-09-25 15:28:59,471  [INFO]  Logging to console and to file: logs\strategy_2026-09-25.log
2026-09-25 15:28:59,473  [INFO]  Found cached Groww access token for today. Verifying token...
2026-09-25 15:28:59,685  [INFO]  Cached Groww access token verified successfully. Skipping auth endpoint.
2026-09-25 15:29:01,434  [INFO]  Selected BankNifty monthly expiry: 2026-09-29
2026-09-25 15:29:01,531  [INFO]  Using BANKNIFTY futures symbol for candle data: BANKNIFTY26SEPFUT (groww_symbol=NSE-BANKNIFTY-29Sep26-FUT)
2026-09-25 15:29:01,532  [INFO]  Strategy started.  Underlying: BANKNIFTY  Monthly expiry: 2026-09-29  Supertrend(20, 1.8)  Exit threshold: ±111 pts  Entry window: 09:23–15:05  Force-close: 15:08
2026-09-25 15:29:01,532  [INFO]  [2026-09-25 15:29:01] SQUARE-OFF TIME — no open positions.
2026-09-25 15:29:01,532  [INFO]  Session ended. Exiting strategy.
2026-09-25 15:29:03,695  [INFO]  Logging to console and to file: logs\strategy_2026-09-25.log
2026-09-25 15:29:03,696  [INFO]  Found cached Groww access token for today. Verifying token...
2026-09-25 15:29:03,895  [INFO]  Cached Groww access token verified successfully. Skipping auth endpoint.
2026-09-25 15:29:05,729  [INFO]  Selected BankNifty monthly expiry: 2026-09-29
2026-09-25 15:29:05,833  [INFO]  Using BANKNIFTY futures symbol for candle data: BANKNIFTY26SEPFUT (groww_symbol=NSE-BANKNIFTY-29Sep26-FUT)
2026-09-25 15:29:05,833  [INFO]  Strategy started.  Underlying: BANKNIFTY  Monthly expiry: 2026-09-29  Supertrend(20, 1.8)  Exit threshold: ±111 pts  Entry window: 09:23–15:05  Force-close: 15:08
2026-09-25 15:29:05,833  [INFO]  [2026-09-25 15:29:05] SQUARE-OFF TIME — no open positions.
2026-09-25 15:29:05,833  [INFO]  Session ended. Exiting strategy.
2026-09-25 15:29:08,075  [INFO]  Logging to console and to file: logs\strategy_2026-09-25.log
2026-09-25 15:29:08,077  [INFO]  Found cached Groww access token for today. Verifying token...
2026-09-25 15:29:08,286  [INFO]  Cached Groww access token verified successfully. Skipping auth endpoint.
2026-09-25 15:29:09,887  [INFO]  Selected BankNifty monthly expiry: 2026-09-29
2026-09-25 15:29:09,986  [INFO]  Using BANKNIFTY futures symbol for candle data: BANKNIFTY26SEPFUT (groww_symbol=NSE-BANKNIFTY-29Sep26-FUT)
2026-09-25 15:29:09,987  [INFO]  Strategy started.  Underlying: BANKNIFTY  Monthly expiry: 2026-09-29  Supertrend(20, 1.8)  Exit threshold: ±111 pts  Entry window: 09:23–15:05  Force-close: 15:08
2026-09-25 15:29:09,987  [INFO]  [2026-09-25 15:29:09] SQUARE-OFF TIME — no open positions.
2026-09-25 15:29:09,987  [INFO]  Session ended. Exiting strategy.
2026-09-25 15:29:12,213  [INFO]  Logging to console and to file: logs\strategy_2026-09-25.log
2026-09-25 15:29:12,214  [INFO]  Found cached Groww access token for today. Verifying token...
2026-09-25 15:29:12,426  [INFO]  Cached Groww access token verified successfully. Skipping auth endpoint.
2026-09-25 15:29:14,457  [INFO]  Selected BankNifty monthly expiry: 2026-09-29
2026-09-25 15:29:14,554  [INFO]  Using BANKNIFTY futures symbol for candle data: BANKNIFTY26SEPFUT (groww_symbol=NSE-BANKNIFTY-29Sep26-FUT)
2026-09-25 15:29:14,554  [INFO]  Strategy started.  Underlying: BANKNIFTY  Monthly expiry: 2026-09-29  Supertrend(20, 1.8)  Exit threshold: ±111 pts  Entry window: 09:23–15:05  Force-close: 15:08
2026-09-25 15:29:14,554  [INFO]  [2026-09-25 15:29:14] SQUARE-OFF TIME — no open positions.
2026-09-25 15:29:14,554  [INFO]  Session ended. Exiting strategy.
2026-09-25 15:29:16,793  [INFO]  Logging to console and to file: logs\strategy_2026-09-25.log
2026-09-25 15:29:16,794  [INFO]  Found cached Groww access token for today. Verifying token...
2026-09-25 15:29:17,007  [INFO]  Cached Groww access token verified successfully. Skipping auth endpoint.
2026-09-25 15:29:19,660  [INFO]  Selected BankNifty monthly expiry: 2026-09-29
2026-09-25 15:29:19,774  [INFO]  Using BANKNIFTY futures symbol for candle data: BANKNIFTY26SEPFUT (groww_symbol=NSE-BANKNIFTY-29Sep26-FUT)
2026-09-25 15:29:19,774  [INFO]  Strategy started.  Underlying: BANKNIFTY  Monthly expiry: 2026-09-29  Supertrend(20, 1.8)  Exit threshold: ±111 pts  Entry window: 09:23–15:05  Force-close: 15:08
2026-09-25 15:29:19,774  [INFO]  [2026-09-25 15:29:19] SQUARE-OFF TIME — no open positions.
2026-09-25 15:29:19,774  [INFO]  Session ended. Exiting strategy.
2026-09-25 15:29:22,060  [INFO]  Logging to console and to file: logs\strategy_2026-09-25.log
2026-09-25 15:29:22,061  [INFO]  Found cached Groww access token for today. Verifying token...
2026-09-25 15:29:22,278  [INFO]  Cached Groww access token verified successfully. Skipping auth endpoint.
2026-09-25 15:29:24,353  [INFO]  Selected BankNifty monthly expiry: 2026-09-29
2026-09-25 15:29:24,461  [INFO]  Using BANKNIFTY futures symbol for candle data: BANKNIFTY26SEPFUT (groww_symbol=NSE-BANKNIFTY-29Sep26-FUT)
2026-09-25 15:29:24,461  [INFO]  Strategy started.  Underlying: BANKNIFTY  Monthly expiry: 2026-09-29  Supertrend(20, 1.8)  Exit threshold: ±111 pts  Entry window: 09:23–15:05  Force-close: 15:08
2026-09-25 15:29:24,462  [INFO]  [2026-09-25 15:29:24] SQUARE-OFF TIME — no open positions.
2026-09-25 15:29:24,462  [INFO]  Session ended. Exiting strategy.
2026-09-25 15:29:26,677  [INFO]  Logging to console and to file: logs\strategy_2026-09-25.log
2026-09-25 15:29:26,678  [INFO]  Found cached Groww access token for today. Verifying token...
2026-09-25 15:29:26,906  [INFO]  Cached Groww access token verified successfully. Skipping auth endpoint.
2026-09-25 15:29:29,099  [INFO]  Selected BankNifty monthly expiry: 2026-09-29
2026-09-25 15:29:29,196  [INFO]  Using BANKNIFTY futures symbol for candle data: BANKNIFTY26SEPFUT (groww_symbol=NSE-BANKNIFTY-29Sep26-FUT)
2026-09-25 15:29:29,196  [INFO]  Strategy started.  Underlying: BANKNIFTY  Monthly expiry: 2026-09-29  Supertrend(20, 1.8)  Exit threshold: ±111 pts  Entry window: 09:23–15:05  Force-close: 15:08
2026-09-25 15:29:29,197  [INFO]  [2026-09-25 15:29:29] SQUARE-OFF TIME — no open positions.
2026-09-25 15:29:29,197  [INFO]  Session ended. Exiting strategy.
2026-09-25 15:29:31,391  [INFO]  Logging to console and to file: logs\strategy_2026-09-25.log
2026-09-25 15:29:31,392  [INFO]  Found cached Groww access token for today. Verifying token...
2026-09-25 15:29:31,582  [INFO]  Cached Groww access token verified successfully. Skipping auth endpoint.
2026-09-25 15:29:33,299  [INFO]  Selected BankNifty monthly expiry: 2026-09-29
2026-09-25 15:29:33,397  [INFO]  Using BANKNIFTY futures symbol for candle data: BANKNIFTY26SEPFUT (groww_symbol=NSE-BANKNIFTY-29Sep26-FUT)
2026-09-25 15:29:33,397  [INFO]  Strategy started.  Underlying: BANKNIFTY  Monthly expiry: 2026-09-29  Supertrend(20, 1.8)  Exit threshold: ±111 pts  Entry window: 09:23–15:05  Force-close: 15:08
2026-09-25 15:29:33,398  [INFO]  [2026-09-25 15:29:33] SQUARE-OFF TIME — no open positions.
2026-09-25 15:29:33,398  [INFO]  Session ended. Exiting strategy.
2026-09-25 15:29:35,636  [INFO]  Logging to console and to file: logs\strategy_2026-09-25.log
2026-09-25 15:29:35,637  [INFO]  Found cached Groww access token for today. Verifying token...
2026-09-25 15:29:35,864  [INFO]  Cached Groww access token verified successfully. Skipping auth endpoint.
2026-09-25 15:29:37,536  [INFO]  Selected BankNifty monthly expiry: 2026-09-29
2026-09-25 15:29:37,644  [INFO]  Using BANKNIFTY futures symbol for candle data: BANKNIFTY26SEPFUT (groww_symbol=NSE-BANKNIFTY-29Sep26-FUT)
2026-09-25 15:29:37,644  [INFO]  Strategy started.  Underlying: BANKNIFTY  Monthly expiry: 2026-09-29  Supertrend(20, 1.8)  Exit threshold: ±111 pts  Entry window: 09:23–15:05  Force-close: 15:08
2026-09-25 15:29:37,645  [INFO]  [2026-09-25 15:29:37] SQUARE-OFF TIME — no open positions.
2026-09-25 15:29:37,645  [INFO]  Session ended. Exiting strategy.
2026-09-25 15:29:39,802  [INFO]  Logging to console and to file: logs\strategy_2026-09-25.log
2026-09-25 15:29:39,803  [INFO]  Found cached Groww access token for today. Verifying token...
2026-09-25 15:29:40,010  [INFO]  Cached Groww access token verified successfully. Skipping auth endpoint.
2026-09-25 15:29:41,964  [INFO]  Selected BankNifty monthly expiry: 2026-09-29
2026-09-25 15:29:42,060  [INFO]  Using BANKNIFTY futures symbol for candle data: BANKNIFTY26SEPFUT (groww_symbol=NSE-BANKNIFTY-29Sep26-FUT)
2026-09-25 15:29:42,060  [INFO]  Strategy started.  Underlying: BANKNIFTY  Monthly expiry: 2026-09-29  Supertrend(20, 1.8)  Exit threshold: ±111 pts  Entry window: 09:23–15:05  Force-close: 15:08
2026-09-25 15:29:42,060  [INFO]  [2026-09-25 15:29:42] SQUARE-OFF TIME — no open positions.
2026-09-25 15:29:42,061  [INFO]  Session ended. Exiting strategy.
2026-09-25 15:29:44,322  [INFO]  Logging to console and to file: logs\strategy_2026-09-25.log
2026-09-25 15:29:44,323  [INFO]  Found cached Groww access token for today. Verifying token...
2026-09-25 15:29:44,544  [INFO]  Cached Groww access token verified successfully. Skipping auth endpoint.
2026-09-25 15:29:46,240  [INFO]  Selected BankNifty monthly expiry: 2026-09-29
2026-09-25 15:29:46,336  [INFO]  Using BANKNIFTY futures symbol for candle data: BANKNIFTY26SEPFUT (groww_symbol=NSE-BANKNIFTY-29Sep26-FUT)
2026-09-25 15:29:46,337  [INFO]  Strategy started.  Underlying: BANKNIFTY  Monthly expiry: 2026-09-29  Supertrend(20, 1.8)  Exit threshold: ±111 pts  Entry window: 09:23–15:05  Force-close: 15:08
2026-09-25 15:29:46,337  [INFO]  [2026-09-25 15:29:46] SQUARE-OFF TIME — no open positions.
2026-09-25 15:29:46,337  [INFO]  Session ended. Exiting strategy.
2026-09-25 15:29:48,414  [INFO]  Logging to console and to file: logs\strategy_2026-09-25.log
2026-09-25 15:29:48,415  [INFO]  Found cached Groww access token for today. Verifying token...
2026-09-25 15:29:48,614  [INFO]  Cached Groww access token verified successfully. Skipping auth endpoint.
2026-09-25 15:29:50,290  [INFO]  Selected BankNifty monthly expiry: 2026-09-29
2026-09-25 15:29:50,397  [INFO]  Using BANKNIFTY futures symbol for candle data: BANKNIFTY26SEPFUT (groww_symbol=NSE-BANKNIFTY-29Sep26-FUT)
2026-09-25 15:29:50,397  [INFO]  Strategy started.  Underlying: BANKNIFTY  Monthly expiry: 2026-09-29  Supertrend(20, 1.8)  Exit threshold: ±111 pts  Entry window: 09:23–15:05  Force-close: 15:08
2026-09-25 15:29:50,397  [INFO]  [2026-09-25 15:29:50] SQUARE-OFF TIME — no open positions.
2026-09-25 15:29:50,397  [INFO]  Session ended. Exiting strategy.
2026-09-25 15:29:52,635  [INFO]  Logging to console and to file: logs\strategy_2026-09-25.log
2026-09-25 15:29:52,635  [INFO]  Found cached Groww access token for today. Verifying token...
2026-09-25 15:29:52,831  [INFO]  Cached Groww access token verified successfully. Skipping auth endpoint.
2026-09-25 15:29:54,567  [INFO]  Selected BankNifty monthly expiry: 2026-09-29
2026-09-25 15:29:54,668  [INFO]  Using BANKNIFTY futures symbol for candle data: BANKNIFTY26SEPFUT (groww_symbol=NSE-BANKNIFTY-29Sep26-FUT)
2026-09-25 15:29:54,669  [INFO]  Strategy started.  Underlying: BANKNIFTY  Monthly expiry: 2026-09-29  Supertrend(20, 1.8)  Exit threshold: ±111 pts  Entry window: 09:23–15:05  Force-close: 15:08
2026-09-25 15:29:54,669  [INFO]  [2026-09-25 15:29:54] SQUARE-OFF TIME — no open positions.
2026-09-25 15:29:54,669  [INFO]  Session ended. Exiting strategy.
2026-09-25 15:29:56,804  [INFO]  Logging to console and to file: logs\strategy_2026-09-25.log
2026-09-25 15:29:56,805  [INFO]  Found cached Groww access token for today. Verifying token...
2026-09-25 15:29:57,016  [INFO]  Cached Groww access token verified successfully. Skipping auth endpoint.
2026-09-25 15:29:58,773  [INFO]  Selected BankNifty monthly expiry: 2026-09-29
2026-09-25 15:29:58,877  [INFO]  Using BANKNIFTY futures symbol for candle data: BANKNIFTY26SEPFUT (groww_symbol=NSE-BANKNIFTY-29Sep26-FUT)
2026-09-25 15:29:58,877  [INFO]  Strategy started.  Underlying: BANKNIFTY  Monthly expiry: 2026-09-29  Supertrend(20, 1.8)  Exit threshold: ±111 pts  Entry window: 09:23–15:05  Force-close: 15:08
2026-09-25 15:29:58,877  [INFO]  [2026-09-25 15:29:58] SQUARE-OFF TIME — no open positions.
2026-09-25 15:29:58,877  [INFO]  Session ended. Exiting strategy.
2026-09-25 15:30:01,204  [INFO]  Logging to console and to file: logs\strategy_2026-09-25.log
2026-09-25 15:30:01,205  [INFO]  Found cached Groww access token for today. Verifying token...
2026-09-25 15:30:01,422  [INFO]  Cached Groww access token verified successfully. Skipping auth endpoint.
2026-09-25 15:30:03,240  [INFO]  Selected BankNifty monthly expiry: 2026-09-29
2026-09-25 15:30:03,350  [INFO]  Using BANKNIFTY futures symbol for candle data: BANKNIFTY26SEPFUT (groww_symbol=NSE-BANKNIFTY-29Sep26-FUT)
2026-09-25 15:30:03,350  [INFO]  Strategy started.  Underlying: BANKNIFTY  Monthly expiry: 2026-09-29  Supertrend(20, 1.8)  Exit threshold: ±111 pts  Entry window: 09:23–15:05  Force-close: 15:08
2026-09-25 15:30:03,350  [INFO]  [2026-09-25 15:30:03] Market CLOSED. Sleeping 65.5 h until 2026-09-28 09:00 IST — no API calls until then.
2026-09-26 01:58:17,464  [INFO]  KeyboardInterrupt — squaring off all open positions…
2026-09-26 01:58:17,465  [INFO]  Strategy stopped by user.
